{
  "type": "FeatureCollection",
  "features": [
    {
      "type": "Feature",
      "properties": {
        "id": "KOS-PEJ-000056",
        "parcelIndex": 56,
        "district": "Peja",
        "centroid": [
          20.258,
          43.198
        ],
        "areaHa": 132.1,
        "shapeType": "irregular-rect",
        "landUse": "farmland",
        "cropType": "barley",
        "isFarmland": true,
        "farmScore": 49,
        "harvestHealth": 35,
        "soilQuality": 52,
        "waterAccess": 54,
        "slopeRisk": 98,
        "confidence": 0.897,
        "maskValues": {
          "farmland": 0.481,
          "density": 0.583,
          "health": 0.448,
          "cropType": 0.531
        },
        "noise": {
          "seed": 918273,
          "jitter": 0.039,
          "rotation": -1.88
        },
        "labels": [
          "synthetic",
          "demo",
          "farmland"
        ]
      },
      "geometry": {
        "type": "Polygon",
        "coordinates": [
          [
            [
              20.242875,
              43.195
            ],
            [
              20.249000000000002,
              43.2
            ],
            [
              20.27,
              43.2025
            ],
            [
              20.27,
              43.195
            ],
            [
              20.242875,
              43.195
            ]
          ]
        ]
      }
    },
    {
      "type": "Feature",
      "properties": {
        "id": "KOS-PEJ-000058",
        "parcelIndex": 58,
        "district": "Peja",
        "centroid": [
          20.305,
          43.201
        ],
        "areaHa": 736.06,
        "shapeType": "irregular-rect",
        "landUse": "fallow",
        "cropType": "vegetables",
        "isFarmland": true,
        "farmScore": 48,
        "harvestHealth": 37,
        "soilQuality": 51,
        "waterAccess": 51,
        "slopeRisk": 97,
        "confidence": 0.918,
        "maskValues": {
          "farmland": 0.49,
          "density": 0.531,
          "health": 0.463,
          "cropType": 0.544
        },
        "noise": {
          "seed": 918273,
          "jitter": 0.146,
          "rotation": -2.04
        },
        "labels": [
          "synthetic",
          "demo",
          "farmland"
        ]
      },
      "geometry": {
        "type": "Polygon",
        "coordinates": [
          [
            [
              20.27,
              43.2025
            ],
            [
              20.34,
              43.21083333333333
            ],
            [
              20.34,
              43.195
            ],
            [
              20.27,
              43.195
            ],
            [
              20.27,
              43.2025
            ]
          ]
        ]
      }
    },
    {
      "type": "Feature",
      "properties": {
        "id": "KOS-PEJ-000060",
        "parcelIndex": 60,
        "district": "Peja",
        "centroid": [
          20.375,
          43.205
        ],
        "areaHa": 1261.74,
        "shapeType": "irregular-rect",
        "landUse": "farmland",
        "cropType": "pasture",
        "isFarmland": true,
        "farmScore": 47,
        "harvestHealth": 39,
        "soilQuality": 49,
        "waterAccess": 48,
        "slopeRisk": 98,
        "confidence": 0.971,
        "maskValues": {
          "farmland": 0.507,
          "density": 0.452,
          "health": 0.494,
          "cropType": 0.558
        },
        "noise": {
          "seed": 918273,
          "jitter": 0.078,
          "rotation": 6.37
        },
        "labels": [
          "synthetic",
          "demo",
          "farmland"
        ]
      },
      "geometry": {
        "type": "Polygon",
        "coordinates": [
          [
            [
              20.34,
              43.21083333333333
            ],
            [
              20.41,
              43.219166666666666
            ],
            [
              20.41,
              43.195
            ],
            [
              20.34,
              43.195
            ],
            [
              20.34,
              43.21083333333333
            ]
          ]
        ]
      }
    },
    {
      "type": "Feature",
      "properties": {
        "id": "KOS-MIT-000062",
        "parcelIndex": 62,
        "district": "Mitrovica",
        "centroid": [
          20.445,
          43.209
        ],
        "areaHa": 1787.34,
        "shapeType": "irregular-rect",
        "landUse": "fallow",
        "cropType": "fallow",
        "isFarmland": false,
        "farmScore": 54,
        "harvestHealth": 38,
        "soilQuality": 49,
        "waterAccess": 46,
        "slopeRisk": 100,
        "confidence": 0.986,
        "maskValues": {
          "farmland": 0.526,
          "density": 0.383,
          "health": 0.531,
          "cropType": 0.562
        },
        "noise": {
          "seed": 918273,
          "jitter": 0.106,
          "rotation": -3
        },
        "labels": [
          "synthetic",
          "demo",
          "non-farmland"
        ]
      },
      "geometry": {
        "type": "Polygon",
        "coordinates": [
          [
            [
              20.41,
              43.219166666666666
            ],
            [
              20.48,
              43.2275
            ],
            [
              20.48,
              43.195
            ],
            [
              20.41,
              43.195
            ],
            [
              20.41,
              43.219166666666666
            ]
          ]
        ]
      }
    },
    {
      "type": "Feature",
      "properties": {
        "id": "KOS-MIT-000063",
        "parcelIndex": 63,
        "district": "Mitrovica",
        "centroid": [
          20.499,
          43.229
        ],
        "areaHa": 4.31,
        "shapeType": "irregular-rect",
        "landUse": "forest_edge",
        "cropType": "fallow",
        "isFarmland": false,
        "farmScore": 53,
        "harvestHealth": 39,
        "soilQuality": 51,
        "waterAccess": 46,
        "slopeRisk": 100,
        "confidence": 0.827,
        "maskValues": {
          "farmland": 0.552,
          "density": 0.348,
          "health": 0.578,
          "cropType": 0.565
        },
        "noise": {
          "seed": 918273,
          "jitter": 0.044,
          "rotation": -7.41
        },
        "labels": [
          "synthetic",
          "demo",
          "non-farmland"
        ]
      },
      "geometry": {
        "type": "Polygon",
        "coordinates": [
          [
            [
              20.493353229014204,
              43.229089670120736
            ],
            [
              20.501,
              43.23
            ],
            [
              20.503867539119675,
              43.229089670120736
            ],
            [
              20.493353229014204,
              43.229089670120736
            ]
          ]
        ]
      }
    },
    {
      "type": "Feature",
      "properties": {
        "id": "KOS-MIT-000064",
        "parcelIndex": 64,
        "district": "Mitrovica",
        "centroid": [
          20.51,
          43.215
        ],
        "areaHa": 1836.45,
        "shapeType": "irregular-rect",
        "landUse": "vineyard",
        "cropType": "beans",
        "isFarmland": true,
        "farmScore": 52,
        "harvestHealth": 44,
        "soilQuality": 51,
        "waterAccess": 46,
        "slopeRisk": 100,
        "confidence": 0.981,
        "maskValues": {
          "farmland": 0.541,
          "density": 0.34,
          "health": 0.562,
          "cropType": 0.556
        },
        "noise": {
          "seed": 918273,
          "jitter": 0.102,
          "rotation": 5.24
        },
        "labels": [
          "synthetic",
          "demo",
          "farmland"
        ]
      },
      "geometry": {
        "type": "Polygon",
        "coordinates": [
          [
            [
              20.48,
              43.2275
            ],
            [
              20.493353229014204,
              43.229089670120736
            ],
            [
              20.503867539119675,
              43.229089670120736
            ],
            [
              20.55,
              43.214444444444446
            ],
            [
              20.55,
              43.195
            ],
            [
              20.48,
              43.195
            ],
            [
              20.48,
              43.2275
            ]
          ]
        ]
      }
    },
    {
      "type": "Feature",
      "properties": {
        "id": "KOS-MIT-000066",
        "parcelIndex": 66,
        "district": "Mitrovica",
        "centroid": [
          20.57,
          43.201
        ],
        "areaHa": 536.68,
        "shapeType": "irregular-rect",
        "landUse": "vineyard",
        "cropType": "wheat",
        "isFarmland": true,
        "farmScore": 56,
        "harvestHealth": 45,
        "soilQuality": 53,
        "waterAccess": 45,
        "slopeRisk": 100,
        "confidence": 0.864,
        "maskValues": {
          "farmland": 0.538,
          "density": 0.321,
          "health": 0.557,
          "cropType": 0.537
        },
        "noise": {
          "seed": 918273,
          "jitter": 0.173,
          "rotation": 3.31
        },
        "labels": [
          "synthetic",
          "demo",
          "farmland"
        ]
      },
      "geometry": {
        "type": "Polygon",
        "coordinates": [
          [
            [
              20.55,
              43.214444444444446
            ],
            [
              20.611250000000002,
              43.195
            ],
            [
              20.55,
              43.195
            ],
            [
              20.55,
              43.214444444444446
            ]
          ]
        ]
      }
    },
    {
      "type": "Feature",
      "properties": {
        "id": "KOS-MIT-000071",
        "parcelIndex": 71,
        "district": "Mitrovica",
        "centroid": [
          20.814,
          43.199
        ],
        "areaHa": 297.25,
        "shapeType": "irregular-rect",
        "landUse": "mixed",
        "cropType": "corn",
        "isFarmland": true,
        "farmScore": 51,
        "harvestHealth": 47,
        "soilQuality": 49,
        "waterAccess": 44,
        "slopeRisk": 78,
        "confidence": 0.844,
        "maskValues": {
          "farmland": 0.514,
          "density": 0.477,
          "health": 0.521,
          "cropType": 0.453
        },
        "noise": {
          "seed": 918273,
          "jitter": 0.098,
          "rotation": 2.39
        },
        "labels": [
          "synthetic",
          "demo",
          "farmland"
        ]
      },
      "geometry": {
        "type": "Polygon",
        "coordinates": [
          [
            [
              20.781,
              43.195
            ],
            [
              20.830000000000002,
              43.20846153846154
            ],
            [
              20.830000000000002,
              43.195
            ],
            [
              20.781,
              43.195
            ]
          ]
        ]
      }
    },
    {
      "type": "Feature",
      "properties": {
        "id": "KOS-MIT-000072",
        "parcelIndex": 72,
        "district": "Mitrovica",
        "centroid": [
          20.865,
          43.207
        ],
        "areaHa": 1455.78,
        "shapeType": "irregular-rect",
        "landUse": "vineyard",
        "cropType": "corn",
        "isFarmland": true,
        "farmScore": 46,
        "harvestHealth": 44,
        "soilQuality": 46,
        "waterAccess": 46,
        "slopeRisk": 77,
        "confidence": 0.91,
        "maskValues": {
          "farmland": 0.491,
          "density": 0.539,
          "health": 0.498,
          "cropType": 0.43
        },
        "noise": {
          "seed": 918273,
          "jitter": 0.042,
          "rotation": -2.73
        },
        "labels": [
          "synthetic",
          "demo",
          "farmland"
        ]
      },
      "geometry": {
        "type": "Polygon",
        "coordinates": [
          [
            [
              20.830000000000002,
              43.20846153846154
            ],
            [
              20.9,
              43.22769230769231
            ],
            [
              20.9,
              43.195
            ],
            [
              20.830000000000002,
              43.195
            ],
            [
              20.830000000000002,
              43.20846153846154
            ]
          ]
        ]
      }
    },
    {
      "type": "Feature",
      "properties": {
        "id": "KOS-MIT-000073",
        "parcelIndex": 73,
        "district": "Mitrovica",
        "centroid": [
          20.941,
          43.221
        ],
        "areaHa": 2655.22,
        "shapeType": "irregular-rect",
        "landUse": "farmland",
        "cropType": "corn",
        "isFarmland": true,
        "farmScore": 47,
        "harvestHealth": 40,
        "soilQuality": 42,
        "waterAccess": 50,
        "slopeRisk": 81,
        "confidence": 0.982,
        "maskValues": {
          "farmland": 0.446,
          "density": 0.615,
          "health": 0.459,
          "cropType": 0.402
        },
        "noise": {
          "seed": 918273,
          "jitter": 0.114,
          "rotation": 2.68
        },
        "labels": [
          "synthetic",
          "demo",
          "farmland"
        ]
      },
      "geometry": {
        "type": "Polygon",
        "coordinates": [
          [
            [
              20.9,
              43.22769230769231
            ],
            [
              20.963,
              43.245
            ],
            [
              20.97,
              43.24269230769231
            ],
            [
              20.97,
              43.195
            ],
            [
              20.9,
              43.195
            ],
            [
              20.9,
              43.22769230769231
            ]
          ]
        ]
      }
    },
    {
      "type": "Feature",
      "properties": {
        "id": "KOS-MIT-000074",
        "parcelIndex": 74,
        "district": "Mitrovica",
        "centroid": [
          21.005,
          43.213
        ],
        "areaHa": 2280.48,
        "shapeType": "irregular-rect",
        "landUse": "forest_edge",
        "cropType": "pasture",
        "isFarmland": false,
        "farmScore": 45,
        "harvestHealth": 38,
        "soilQuality": 42,
        "waterAccess": 55,
        "slopeRisk": 89,
        "confidence": 0.928,
        "maskValues": {
          "farmland": 0.437,
          "density": 0.65,
          "health": 0.446,
          "cropType": 0.414
        },
        "noise": {
          "seed": 918273,
          "jitter": 0.103,
          "rotation": 3.88
        },
        "labels": [
          "synthetic",
          "demo",
          "non-farmland"
        ]
      },
      "geometry": {
        "type": "Polygon",
        "coordinates": [
          [
            [
              20.97,
              43.24269230769231
            ],
            [
              21.04,
              43.21961538461539
            ],
            [
              21.04,
              43.195
            ],
            [
              20.97,
              43.195
            ],
            [
              20.97,
              43.24269230769231
            ]
          ]
        ]
      }
    },
    {
      "type": "Feature",
      "properties": {
        "id": "KOS-PDJ-000075",
        "parcelIndex": 75,
        "district": "Podujeva",
        "centroid": [
          21.075,
          43.202
        ],
        "areaHa": 824.97,
        "shapeType": "irregular-rect",
        "landUse": "mixed",
        "cropType": "pasture",
        "isFarmland": false,
        "farmScore": 47,
        "harvestHealth": 33,
        "soilQuality": 45,
        "waterAccess": 59,
        "slopeRisk": 98,
        "confidence": 0.837,
        "maskValues": {
          "farmland": 0.441,
          "density": 0.671,
          "health": 0.445,
          "cropType": 0.441
        },
        "noise": {
          "seed": 918273,
          "jitter": 0.096,
          "rotation": 4.14
        },
        "labels": [
          "synthetic",
          "demo",
          "non-farmland"
        ]
      },
      "geometry": {
        "type": "Polygon",
        "coordinates": [
          [
            [
              21.04,
              43.21961538461539
            ],
            [
              21.11,
              43.19653846153846
            ],
            [
              21.11,
              43.195
            ],
            [
              21.04,
              43.195
            ],
            [
              21.04,
              43.21961538461539
            ]
          ]
        ]
      }
    },
    {
      "type": "Feature",
      "properties": {
        "id": "KOS-PDJ-000076",
        "parcelIndex": 76,
        "district": "Podujeva",
        "centroid": [
          21.112,
          43.196
        ],
        "areaHa": 3.24,
        "shapeType": "irregular-rect",
        "landUse": "orchard",
        "cropType": "wheat",
        "isFarmland": true,
        "farmScore": 47,
        "harvestHealth": 36,
        "soilQuality": 48,
        "waterAccess": 60,
        "slopeRisk": 100,
        "confidence": 0.869,
        "maskValues": {
          "farmland": 0.443,
          "density": 0.674,
          "health": 0.448,
          "cropType": 0.455
        },
        "noise": {
          "seed": 918273,
          "jitter": 0.096,
          "rotation": 2.92
        },
        "labels": [
          "synthetic",
          "demo",
          "farmland"
        ]
      },
      "geometry": {
        "type": "Polygon",
        "coordinates": [
          [
            [
              21.11,
              43.19653846153846
            ],
            [
              21.11466666666667,
              43.195
            ],
            [
              21.11,
              43.195
            ],
            [
              21.11,
              43.19653846153846
            ]
          ]
        ]
      }
    },
    {
      "type": "Feature",
      "properties": {
        "id": "KOS-PEJ-000100",
        "parcelIndex": 100,
        "district": "Peja",
        "centroid": [
          20.189,
          43.142
        ],
        "areaHa": 417.86,
        "shapeType": "irregular-rect",
        "landUse": "mixed",
        "cropType": "barley",
        "isFarmland": true,
        "farmScore": 52,
        "harvestHealth": 38,
        "soilQuality": 53,
        "waterAccess": 60,
        "slopeRisk": 98,
        "confidence": 0.863,
        "maskValues": {
          "farmland": 0.472,
          "density": 0.67,
          "health": 0.466,
          "cropType": 0.495
        },
        "noise": {
          "seed": 918273,
          "jitter": 0.128,
          "rotation": 7.09
        },
        "labels": [
          "synthetic",
          "demo",
          "farmland"
        ]
      },
      "geometry": {
        "type": "Polygon",
        "coordinates": [
          [
            [
              20.1663125,
              43.1325
            ],
            [
              20.200000000000003,
              43.160000000000004
            ],
            [
              20.200000000000003,
              43.1325
            ],
            [
              20.1663125,
              43.1325
            ]
          ]
        ]
      }
    },
    {
      "type": "Feature",
      "properties": {
        "id": "KOS-PEJ-000101",
        "parcelIndex": 101,
        "district": "Peja",
        "centroid": [
          20.248,
          43.182
        ],
        "areaHa": 1013.26,
        "shapeType": "irregular-rect",
        "landUse": "pasture",
        "cropType": "pasture",
        "isFarmland": false,
        "farmScore": 54,
        "harvestHealth": 39,
        "soilQuality": 52,
        "waterAccess": 55,
        "slopeRisk": 98,
        "confidence": 0.932,
        "maskValues": {
          "farmland": 0.479,
          "density": 0.59,
          "health": 0.446,
          "cropType": 0.526
        },
        "noise": {
          "seed": 918273,
          "jitter": 0.084,
          "rotation": -0.82
        },
        "labels": [
          "synthetic",
          "demo",
          "non-farmland"
        ]
      },
      "geometry": {
        "type": "Polygon",
        "coordinates": [
          [
            [
              20.210930435008066,
              43.16892280408822
            ],
            [
              20.242875,
              43.195
            ],
            [
              20.27,
              43.195
            ],
            [
              20.27,
              43.16892280408822
            ],
            [
              20.210930435008066,
              43.16892280408822
            ]
          ]
        ]
      }
    },
    {
      "type": "Feature",
      "properties": {
        "id": "KOS-PEJ-000102",
        "parcelIndex": 102,
        "district": "Peja",
        "centroid": [
          20.23,
          43.153
        ],
        "areaHa": 2255.88,
        "shapeType": "irregular-rect",
        "landUse": "pasture",
        "cropType": "mixed",
        "isFarmland": false,
        "farmScore": 52,
        "harvestHealth": 31,
        "soilQuality": 52,
        "waterAccess": 57,
        "slopeRisk": 98,
        "confidence": 1,
        "maskValues": {
          "farmland": 0.465,
          "density": 0.63,
          "health": 0.45,
          "cropType": 0.502
        },
        "noise": {
          "seed": 918273,
          "jitter": 0.036,
          "rotation": -0.64
        },
        "labels": [
          "synthetic",
          "demo",
          "non-farmland"
        ]
      },
      "geometry": {
        "type": "Polygon",
        "coordinates": [
          [
            [
              20.200000000000003,
              43.160000000000004
            ],
            [
              20.210930435008066,
              43.16892280408822
            ],
            [
              20.27,
              43.16892280408822
            ],
            [
              20.27,
              43.1325
            ],
            [
              20.200000000000003,
              43.1325
            ],
            [
              20.200000000000003,
              43.160000000000004
            ]
          ]
        ]
      }
    },
    {
      "type": "Feature",
      "properties": {
        "id": "KOS-PEJ-000103",
        "parcelIndex": 103,
        "district": "Peja",
        "centroid": [
          20.305,
          43.181
        ],
        "areaHa": 1758.32,
        "shapeType": "irregular-rect",
        "landUse": "vineyard",
        "cropType": "vineyard",
        "isFarmland": true,
        "farmScore": 54,
        "harvestHealth": 33,
        "soilQuality": 50,
        "waterAccess": 51,
        "slopeRisk": 98,
        "confidence": 1,
        "maskValues": {
          "farmland": 0.482,
          "density": 0.529,
          "health": 0.458,
          "cropType": 0.533
        },
        "noise": {
          "seed": 918273,
          "jitter": 0.065,
          "rotation": -0.98
        },
        "labels": [
          "synthetic",
          "demo",
          "farmland"
        ]
      },
      "geometry": {
        "type": "Polygon",
        "coordinates": [
          [
            [
              20.27,
              43.195
            ],
            [
              20.34,
              43.195
            ],
            [
              20.34,
              43.167139669687025
            ],
            [
              20.27,
              43.167139669687025
            ],
            [
              20.27,
              43.195
            ]
          ]
        ]
      }
    },
    {
      "type": "Feature",
      "properties": {
        "id": "KOS-PEJ-000104",
        "parcelIndex": 104,
        "district": "Peja",
        "centroid": [
          20.305,
          43.15
        ],
        "areaHa": 2187.3,
        "shapeType": "irregular-rect",
        "landUse": "farmland",
        "cropType": "wheat",
        "isFarmland": true,
        "farmScore": 43,
        "harvestHealth": 32,
        "soilQuality": 48,
        "waterAccess": 53,
        "slopeRisk": 100,
        "confidence": 1,
        "maskValues": {
          "farmland": 0.454,
          "density": 0.55,
          "health": 0.446,
          "cropType": 0.501
        },
        "noise": {
          "seed": 918273,
          "jitter": 0.178,
          "rotation": 6.76
        },
        "labels": [
          "synthetic",
          "demo",
          "farmland"
        ]
      },
      "geometry": {
        "type": "Polygon",
        "coordinates": [
          [
            [
              20.27,
              43.167139669687025
            ],
            [
              20.34,
              43.167139669687025
            ],
            [
              20.34,
              43.1325
            ],
            [
              20.27,
              43.1325
            ],
            [
              20.27,
              43.167139669687025
            ]
          ]
        ]
      }
    },
    {
      "type": "Feature",
      "properties": {
        "id": "KOS-PEJ-000105",
        "parcelIndex": 105,
        "district": "Peja",
        "centroid": [
          20.375,
          43.178
        ],
        "areaHa": 2145.46,
        "shapeType": "irregular-rect",
        "landUse": "pasture",
        "cropType": "mixed",
        "isFarmland": false,
        "farmScore": 46,
        "harvestHealth": 33,
        "soilQuality": 48,
        "waterAccess": 48,
        "slopeRisk": 100,
        "confidence": 1,
        "maskValues": {
          "farmland": 0.487,
          "density": 0.45,
          "health": 0.479,
          "cropType": 0.536
        },
        "noise": {
          "seed": 918273,
          "jitter": 0.039,
          "rotation": 5.6
        },
        "labels": [
          "synthetic",
          "demo",
          "non-farmland"
        ]
      },
      "geometry": {
        "type": "Polygon",
        "coordinates": [
          [
            [
              20.34,
              43.195
            ],
            [
              20.41,
              43.195
            ],
            [
              20.41,
              43.16100723573938
            ],
            [
              20.34,
              43.16100723573938
            ],
            [
              20.34,
              43.195
            ]
          ]
        ]
      }
    },
    {
      "type": "Feature",
      "properties": {
        "id": "KOS-PEJ-000106",
        "parcelIndex": 106,
        "district": "Peja",
        "centroid": [
          20.375,
          43.147
        ],
        "areaHa": 1800.16,
        "shapeType": "irregular-rect",
        "landUse": "orchard",
        "cropType": "vegetables",
        "isFarmland": true,
        "farmScore": 45,
        "harvestHealth": 34,
        "soilQuality": 46,
        "waterAccess": 50,
        "slopeRisk": 100,
        "confidence": 0.995,
        "maskValues": {
          "farmland": 0.452,
          "density": 0.464,
          "health": 0.45,
          "cropType": 0.501
        },
        "noise": {
          "seed": 918273,
          "jitter": 0.155,
          "rotation": -6
        },
        "labels": [
          "synthetic",
          "demo",
          "farmland"
        ]
      },
      "geometry": {
        "type": "Polygon",
        "coordinates": [
          [
            [
              20.34,
              43.16100723573938
            ],
            [
              20.41,
              43.16100723573938
            ],
            [
              20.41,
              43.1325
            ],
            [
              20.34,
              43.1325
            ],
            [
              20.34,
              43.16100723573938
            ]
          ]
        ]
      }
    },
    {
      "type": "Feature",
      "properties": {
        "id": "KOS-MIT-000107",
        "parcelIndex": 107,
        "district": "Mitrovica",
        "centroid": [
          20.445,
          43.179
        ],
        "areaHa": 2052.33,
        "shapeType": "irregular-rect",
        "landUse": "vineyard",
        "cropType": "barley",
        "isFarmland": true,
        "farmScore": 52,
        "harvestHealth": 41,
        "soilQuality": 49,
        "waterAccess": 46,
        "slopeRisk": 100,
        "confidence": 0.999,
        "maskValues": {
          "farmland": 0.501,
          "density": 0.377,
          "health": 0.505,
          "cropType": 0.538
        },
        "noise": {
          "seed": 918273,
          "jitter": 0.097,
          "rotation": 4.23
        },
        "labels": [
          "synthetic",
          "demo",
          "farmland"
        ]
      },
      "geometry": {
        "type": "Polygon",
        "coordinates": [
          [
            [
              20.41,
              43.195
            ],
            [
              20.48,
              43.195
            ],
            [
              20.48,
              43.1624824063899
            ],
            [
              20.41,
              43.1624824063899
            ],
            [
              20.41,
              43.195
            ]
          ]
        ]
      }
    },
    {
      "type": "Feature",
      "properties": {
        "id": "KOS-MIT-000108",
        "parcelIndex": 108,
        "district": "Mitrovica",
        "centroid": [
          20.445,
          43.147
        ],
        "areaHa": 1893.29,
        "shapeType": "irregular-rect",
        "landUse": "farmland",
        "cropType": "pasture",
        "isFarmland": true,
        "farmScore": 48,
        "harvestHealth": 33,
        "soilQuality": 47,
        "waterAccess": 47,
        "slopeRisk": 100,
        "confidence": 1,
        "maskValues": {
          "farmland": 0.464,
          "density": 0.382,
          "health": 0.465,
          "cropType": 0.507
        },
        "noise": {
          "seed": 918273,
          "jitter": 0.166,
          "rotation": -3.95
        },
        "labels": [
          "synthetic",
          "demo",
          "farmland"
        ]
      },
      "geometry": {
        "type": "Polygon",
        "coordinates": [
          [
            [
              20.41,
              43.1624824063899
            ],
            [
              20.48,
              43.1624824063899
            ],
            [
              20.48,
              43.1325
            ],
            [
              20.41,
              43.1325
            ],
            [
              20.41,
              43.1624824063899
            ]
          ]
        ]
      }
    },
    {
      "type": "Feature",
      "properties": {
        "id": "KOS-MIT-000109",
        "parcelIndex": 109,
        "district": "Mitrovica",
        "centroid": [
          20.515,
          43.178
        ],
        "areaHa": 2199.38,
        "shapeType": "irregular-rect",
        "landUse": "orchard",
        "cropType": "orchard",
        "isFarmland": true,
        "farmScore": 54,
        "harvestHealth": 36,
        "soilQuality": 51,
        "waterAccess": 45,
        "slopeRisk": 100,
        "confidence": 1,
        "maskValues": {
          "farmland": 0.514,
          "density": 0.327,
          "health": 0.527,
          "cropType": 0.533
        },
        "noise": {
          "seed": 918273,
          "jitter": 0.154,
          "rotation": 6.32
        },
        "labels": [
          "synthetic",
          "demo",
          "farmland"
        ]
      },
      "geometry": {
        "type": "Polygon",
        "coordinates": [
          [
            [
              20.48,
              43.195
            ],
            [
              20.55,
              43.195
            ],
            [
              20.55,
              43.16015318493766
            ],
            [
              20.48,
              43.16015318493766
            ],
            [
              20.48,
              43.195
            ]
          ]
        ]
      }
    },
    {
      "type": "Feature",
      "properties": {
        "id": "KOS-MIT-000110",
        "parcelIndex": 110,
        "district": "Mitrovica",
        "centroid": [
          20.515,
          43.146
        ],
        "areaHa": 1746.24,
        "shapeType": "irregular-rect",
        "landUse": "fallow",
        "cropType": "pasture",
        "isFarmland": false,
        "farmScore": 45,
        "harvestHealth": 34,
        "soilQuality": 50,
        "waterAccess": 44,
        "slopeRisk": 100,
        "confidence": 1,
        "maskValues": {
          "farmland": 0.482,
          "density": 0.322,
          "health": 0.484,
          "cropType": 0.512
        },
        "noise": {
          "seed": 918273,
          "jitter": 0.094,
          "rotation": -4.54
        },
        "labels": [
          "synthetic",
          "demo",
          "non-farmland"
        ]
      },
      "geometry": {
        "type": "Polygon",
        "coordinates": [
          [
            [
              20.48,
              43.16015318493766
            ],
            [
              20.55,
              43.16015318493766
            ],
            [
              20.55,
              43.1325
            ],
            [
              20.48,
              43.1325
            ],
            [
              20.48,
              43.16015318493766
            ]
          ]
        ]
      }
    },
    {
      "type": "Feature",
      "properties": {
        "id": "KOS-MIT-000111",
        "parcelIndex": 111,
        "district": "Mitrovica",
        "centroid": [
          20.59,
          43.179
        ],
        "areaHa": 2353.72,
        "shapeType": "rectangular",
        "landUse": "fallow",
        "cropType": "fallow",
        "isFarmland": false,
        "farmScore": 48,
        "harvestHealth": 35,
        "soilQuality": 54,
        "waterAccess": 43,
        "slopeRisk": 100,
        "confidence": 1,
        "maskValues": {
          "farmland": 0.529,
          "density": 0.312,
          "health": 0.546,
          "cropType": 0.523
        },
        "noise": {
          "seed": 918273,
          "jitter": 0.146,
          "rotation": 2.54
        },
        "labels": [
          "synthetic",
          "demo",
          "non-farmland"
        ]
      },
      "geometry": {
        "type": "Polygon",
        "coordinates": [
          [
            [
              20.55,
              43.195
            ],
            [
              20.611250000000002,
              43.195
            ],
            [
              20.62,
              43.19222222222222
            ],
            [
              20.62,
              43.157535078346264
            ],
            [
              20.55,
              43.157535078346264
            ],
            [
              20.55,
              43.195
            ]
          ]
        ]
      }
    },
    {
      "type": "Feature",
      "properties": {
        "id": "KOS-MIT-000112",
        "parcelIndex": 112,
        "district": "Mitrovica",
        "centroid": [
          20.585,
          43.145
        ],
        "areaHa": 1580.95,
        "shapeType": "irregular-rect",
        "landUse": "farmland",
        "cropType": "wheat",
        "isFarmland": true,
        "farmScore": 50,
        "harvestHealth": 34,
        "soilQuality": 53,
        "waterAccess": 41,
        "slopeRisk": 100,
        "confidence": 1,
        "maskValues": {
          "farmland": 0.506,
          "density": 0.295,
          "health": 0.503,
          "cropType": 0.516
        },
        "noise": {
          "seed": 918273,
          "jitter": 0.058,
          "rotation": 5.89
        },
        "labels": [
          "synthetic",
          "demo",
          "farmland"
        ]
      },
      "geometry": {
        "type": "Polygon",
        "coordinates": [
          [
            [
              20.55,
              43.157535078346264
            ],
            [
              20.62,
              43.157535078346264
            ],
            [
              20.62,
              43.1325
            ],
            [
              20.55,
              43.1325
            ],
            [
              20.55,
              43.157535078346264
            ]
          ]
        ]
      }
    },
    {
      "type": "Feature",
      "properties": {
        "id": "KOS-MIT-000113",
        "parcelIndex": 113,
        "district": "Mitrovica",
        "centroid": [
          20.655,
          43.173
        ],
        "areaHa": 1062.11,
        "shapeType": "irregular-rect",
        "landUse": "forest_edge",
        "cropType": "pasture",
        "isFarmland": false,
        "farmScore": 51,
        "harvestHealth": 42,
        "soilQuality": 55,
        "waterAccess": 41,
        "slopeRisk": 96,
        "confidence": 0.892,
        "maskValues": {
          "farmland": 0.535,
          "density": 0.325,
          "health": 0.546,
          "cropType": 0.51
        },
        "noise": {
          "seed": 918273,
          "jitter": 0.048,
          "rotation": 6.27
        },
        "labels": [
          "synthetic",
          "demo",
          "non-farmland"
        ]
      },
      "geometry": {
        "type": "Polygon",
        "coordinates": [
          [
            [
              20.62,
              43.19222222222222
            ],
            [
              20.69,
              43.17
            ],
            [
              20.69,
              43.164283504626944
            ],
            [
              20.62,
              43.164283504626944
            ],
            [
              20.62,
              43.19222222222222
            ]
          ]
        ]
      }
    },
    {
      "type": "Feature",
      "properties": {
        "id": "KOS-MIT-000114",
        "parcelIndex": 114,
        "district": "Mitrovica",
        "centroid": [
          20.655,
          43.148
        ],
        "areaHa": 2007,
        "shapeType": "irregular-rect",
        "landUse": "farmland",
        "cropType": "potato",
        "isFarmland": true,
        "farmScore": 54,
        "harvestHealth": 38,
        "soilQuality": 54,
        "waterAccess": 39,
        "slopeRisk": 93,
        "confidence": 1,
        "maskValues": {
          "farmland": 0.531,
          "density": 0.308,
          "health": 0.525,
          "cropType": 0.517
        },
        "noise": {
          "seed": 918273,
          "jitter": 0.082,
          "rotation": -5.53
        },
        "labels": [
          "synthetic",
          "demo",
          "farmland"
        ]
      },
      "geometry": {
        "type": "Polygon",
        "coordinates": [
          [
            [
              20.62,
              43.164283504626944
            ],
            [
              20.69,
              43.164283504626944
            ],
            [
              20.69,
              43.1325
            ],
            [
              20.62,
              43.1325
            ],
            [
              20.62,
              43.164283504626944
            ]
          ]
        ]
      }
    },
    {
      "type": "Feature",
      "properties": {
        "id": "KOS-MIT-000115",
        "parcelIndex": 115,
        "district": "Mitrovica",
        "centroid": [
          20.725,
          43.156
        ],
        "areaHa": 2974.72,
        "shapeType": "irregular-rect",
        "landUse": "farmland",
        "cropType": "wheat",
        "isFarmland": true,
        "farmScore": 48,
        "harvestHealth": 45,
        "soilQuality": 52,
        "waterAccess": 39,
        "slopeRisk": 83,
        "confidence": 0.954,
        "maskValues": {
          "farmland": 0.545,
          "density": 0.363,
          "health": 0.539,
          "cropType": 0.507
        },
        "noise": {
          "seed": 918273,
          "jitter": 0.099,
          "rotation": -2.43
        },
        "labels": [
          "synthetic",
          "demo",
          "farmland"
        ]
      },
      "geometry": {
        "type": "Polygon",
        "coordinates": [
          [
            [
              20.69,
              43.17
            ],
            [
              20.76,
              43.18923076923077
            ],
            [
              20.76,
              43.1325
            ],
            [
              20.69,
              43.1325
            ],
            [
              20.69,
              43.17
            ]
          ]
        ]
      }
    },
    {
      "type": "Feature",
      "properties": {
        "id": "KOS-MIT-000116",
        "parcelIndex": 116,
        "district": "Mitrovica",
        "centroid": [
          20.792,
          43.169
        ],
        "areaHa": 3891.02,
        "shapeType": "rectangular",
        "landUse": "forest_edge",
        "cropType": "pasture",
        "isFarmland": false,
        "farmScore": 53,
        "harvestHealth": 46,
        "soilQuality": 49,
        "waterAccess": 42,
        "slopeRisk": 77,
        "confidence": 0.997,
        "maskValues": {
          "farmland": 0.536,
          "density": 0.445,
          "health": 0.535,
          "cropType": 0.482
        },
        "noise": {
          "seed": 918273,
          "jitter": 0.109,
          "rotation": -5.9
        },
        "labels": [
          "synthetic",
          "demo",
          "non-farmland"
        ]
      },
      "geometry": {
        "type": "Polygon",
        "coordinates": [
          [
            [
              20.76,
              43.18923076923077
            ],
            [
              20.781,
              43.195
            ],
            [
              20.830000000000002,
              43.195
            ],
            [
              20.830000000000002,
              43.1325
            ],
            [
              20.76,
              43.1325
            ],
            [
              20.76,
              43.18923076923077
            ]
          ]
        ]
      }
    },
    {
      "type": "Feature",
      "properties": {
        "id": "KOS-MIT-000117",
        "parcelIndex": 117,
        "district": "Mitrovica",
        "centroid": [
          20.865,
          43.164
        ],
        "areaHa": 3945.63,
        "shapeType": "rectangular",
        "landUse": "farmland",
        "cropType": "barley",
        "isFarmland": true,
        "farmScore": 56,
        "harvestHealth": 44,
        "soilQuality": 45,
        "waterAccess": 46,
        "slopeRisk": 75,
        "confidence": 1,
        "maskValues": {
          "farmland": 0.529,
          "density": 0.529,
          "health": 0.523,
          "cropType": 0.471
        },
        "noise": {
          "seed": 918273,
          "jitter": 0.134,
          "rotation": 2.88
        },
        "labels": [
          "synthetic",
          "demo",
          "farmland"
        ]
      },
      "geometry": {
        "type": "Polygon",
        "coordinates": [
          [
            [
              20.830000000000002,
              43.195
            ],
            [
              20.9,
              43.195
            ],
            [
              20.9,
              43.1325
            ],
            [
              20.830000000000002,
              43.1325
            ],
            [
              20.830000000000002,
              43.195
            ]
          ]
        ]
      }
    },
    {
      "type": "Feature",
      "properties": {
        "id": "KOS-MIT-000118",
        "parcelIndex": 118,
        "district": "Mitrovica",
        "centroid": [
          20.935,
          43.164
        ],
        "areaHa": 3945.63,
        "shapeType": "rectangular",
        "landUse": "pasture",
        "cropType": "pasture",
        "isFarmland": false,
        "farmScore": 55,
        "harvestHealth": 38,
        "soilQuality": 44,
        "waterAccess": 52,
        "slopeRisk": 82,
        "confidence": 1,
        "maskValues": {
          "farmland": 0.511,
          "density": 0.607,
          "health": 0.506,
          "cropType": 0.46
        },
        "noise": {
          "seed": 918273,
          "jitter": 0.178,
          "rotation": 0.76
        },
        "labels": [
          "synthetic",
          "demo",
          "non-farmland"
        ]
      },
      "geometry": {
        "type": "Polygon",
        "coordinates": [
          [
            [
              20.9,
              43.195
            ],
            [
              20.97,
              43.195
            ],
            [
              20.97,
              43.1325
            ],
            [
              20.9,
              43.1325
            ],
            [
              20.9,
              43.195
            ]
          ]
        ]
      }
    },
    {
      "type": "Feature",
      "properties": {
        "id": "KOS-MIT-000119",
        "parcelIndex": 119,
        "district": "Mitrovica",
        "centroid": [
          21.005,
          43.164
        ],
        "areaHa": 3945.63,
        "shapeType": "rectangular",
        "landUse": "pasture",
        "cropType": "pasture",
        "isFarmland": false,
        "farmScore": 50,
        "harvestHealth": 36,
        "soilQuality": 45,
        "waterAccess": 58,
        "slopeRisk": 91,
        "confidence": 1,
        "maskValues": {
          "farmland": 0.488,
          "density": 0.665,
          "health": 0.489,
          "cropType": 0.455
        },
        "noise": {
          "seed": 918273,
          "jitter": 0.084,
          "rotation": 6.84
        },
        "labels": [
          "synthetic",
          "demo",
          "non-farmland"
        ]
      },
      "geometry": {
        "type": "Polygon",
        "coordinates": [
          [
            [
              20.97,
              43.195
            ],
            [
              21.04,
              43.195
            ],
            [
              21.04,
              43.1325
            ],
            [
              20.97,
              43.1325
            ],
            [
              20.97,
              43.195
            ]
          ]
        ]
      }
    },
    {
      "type": "Feature",
      "properties": {
        "id": "KOS-PDJ-000120",
        "parcelIndex": 120,
        "district": "Podujeva",
        "centroid": [
          21.075,
          43.164
        ],
        "areaHa": 3945.63,
        "shapeType": "rectangular",
        "landUse": "forest_edge",
        "cropType": "pasture",
        "isFarmland": false,
        "farmScore": 48,
        "harvestHealth": 34,
        "soilQuality": 49,
        "waterAccess": 62,
        "slopeRisk": 99,
        "confidence": 1,
        "maskValues": {
          "farmland": 0.468,
          "density": 0.693,
          "health": 0.474,
          "cropType": 0.458
        },
        "noise": {
          "seed": 918273,
          "jitter": 0.135,
          "rotation": -3
        },
        "labels": [
          "synthetic",
          "demo",
          "non-farmland"
        ]
      },
      "geometry": {
        "type": "Polygon",
        "coordinates": [
          [
            [
              21.04,
              43.195
            ],
            [
              21.11,
              43.195
            ],
            [
              21.11,
              43.1325
            ],
            [
              21.04,
              43.1325
            ],
            [
              21.04,
              43.195
            ]
          ]
        ]
      }
    },
    {
      "type": "Feature",
      "properties": {
        "id": "KOS-PDJ-000121",
        "parcelIndex": 121,
        "district": "Podujeva",
        "centroid": [
          21.139,
          43.179
        ],
        "areaHa": 1134.64,
        "shapeType": "irregular-rect",
        "landUse": "farmland",
        "cropType": "beans",
        "isFarmland": true,
        "farmScore": 50,
        "harvestHealth": 36,
        "soilQuality": 51,
        "waterAccess": 61,
        "slopeRisk": 100,
        "confidence": 0.918,
        "maskValues": {
          "farmland": 0.45,
          "density": 0.672,
          "health": 0.454,
          "cropType": 0.471
        },
        "noise": {
          "seed": 918273,
          "jitter": 0.113,
          "rotation": 7.16
        },
        "labels": [
          "synthetic",
          "demo",
          "farmland"
        ]
      },
      "geometry": {
        "type": "Polygon",
        "coordinates": [
          [
            [
              21.11,
              43.195
            ],
            [
              21.11466666666667,
              43.195
            ],
            [
              21.18,
              43.17346153846154
            ],
            [
              21.18,
              43.166971159320674
            ],
            [
              21.11,
              43.166971159320674
            ],
            [
              21.11,
              43.195
            ]
          ]
        ]
      }
    },
    {
      "type": "Feature",
      "properties": {
        "id": "KOS-PDJ-000122",
        "parcelIndex": 122,
        "district": "Podujeva",
        "centroid": [
          21.145,
          43.15
        ],
        "areaHa": 2176.66,
        "shapeType": "irregular-rect",
        "landUse": "farmland",
        "cropType": "vegetables",
        "isFarmland": true,
        "farmScore": 48,
        "harvestHealth": 40,
        "soilQuality": 54,
        "waterAccess": 63,
        "slopeRisk": 100,
        "confidence": 1,
        "maskValues": {
          "farmland": 0.46,
          "density": 0.695,
          "health": 0.478,
          "cropType": 0.468
        },
        "noise": {
          "seed": 918273,
          "jitter": 0.126,
          "rotation": 6.24
        },
        "labels": [
          "synthetic",
          "demo",
          "farmland"
        ]
      },
      "geometry": {
        "type": "Polygon",
        "coordinates": [
          [
            [
              21.11,
              43.166971159320674
            ],
            [
              21.18,
              43.166971159320674
            ],
            [
              21.18,
              43.1325
            ],
            [
              21.11,
              43.1325
            ],
            [
              21.11,
              43.166971159320674
            ]
          ]
        ]
      }
    },
    {
      "type": "Feature",
      "properties": {
        "id": "KOS-PDJ-000123",
        "parcelIndex": 123,
        "district": "Podujeva",
        "centroid": [
          21.192,
          43.166
        ],
        "areaHa": 177.27,
        "shapeType": "irregular-rect",
        "landUse": "fallow",
        "cropType": "fallow",
        "isFarmland": false,
        "farmScore": 50,
        "harvestHealth": 41,
        "soilQuality": 54,
        "waterAccess": 60,
        "slopeRisk": 100,
        "confidence": 0.832,
        "maskValues": {
          "farmland": 0.451,
          "density": 0.658,
          "health": 0.464,
          "cropType": 0.484
        },
        "noise": {
          "seed": 918273,
          "jitter": 0.115,
          "rotation": -4.02
        },
        "labels": [
          "synthetic",
          "demo",
          "non-farmland"
        ]
      },
      "geometry": {
        "type": "Polygon",
        "coordinates": [
          [
            [
              21.18,
              43.17346153846154
            ],
            [
              21.214533360034423,
              43.162076914274365
            ],
            [
              21.18,
              43.162076914274365
            ],
            [
              21.18,
              43.17346153846154
            ]
          ]
        ]
      }
    },
    {
      "type": "Feature",
      "properties": {
        "id": "KOS-PDJ-000124",
        "parcelIndex": 124,
        "district": "Podujeva",
        "centroid": [
          21.218,
          43.149
        ],
        "areaHa": 1678.25,
        "shapeType": "irregular-rect",
        "landUse": "farmland",
        "cropType": "barley",
        "isFarmland": true,
        "farmScore": 51,
        "harvestHealth": 38,
        "soilQuality": 55,
        "waterAccess": 59,
        "slopeRisk": 100,
        "confidence": 1,
        "maskValues": {
          "farmland": 0.447,
          "density": 0.653,
          "health": 0.472,
          "cropType": 0.481
        },
        "noise": {
          "seed": 918273,
          "jitter": 0.15,
          "rotation": 4.71
        },
        "labels": [
          "synthetic",
          "demo",
          "farmland"
        ]
      },
      "geometry": {
        "type": "Polygon",
        "coordinates": [
          [
            [
              21.18,
              43.162076914274365
            ],
            [
              21.214533360034423,
              43.162076914274365
            ],
            [
              21.236,
              43.155
            ],
            [
              21.25,
              43.15
            ],
            [
              21.25,
              43.1325
            ],
            [
              21.18,
              43.1325
            ],
            [
              21.18,
              43.162076914274365
            ]
          ]
        ]
      }
    },
    {
      "type": "Feature",
      "properties": {
        "id": "KOS-PDJ-000126",
        "parcelIndex": 126,
        "district": "Podujeva",
        "centroid": [
          21.266,
          43.138
        ],
        "areaHa": 386.81,
        "shapeType": "irregular-rect",
        "landUse": "farmland",
        "cropType": "corn",
        "isFarmland": true,
        "farmScore": 50,
        "harvestHealth": 34,
        "soilQuality": 54,
        "waterAccess": 56,
        "slopeRisk": 99,
        "confidence": 0.852,
        "maskValues": {
          "farmland": 0.438,
          "density": 0.616,
          "health": 0.474,
          "cropType": 0.482
        },
        "noise": {
          "seed": 918273,
          "jitter": 0.171,
          "rotation": 5.94
        },
        "labels": [
          "synthetic",
          "demo",
          "farmland"
        ]
      },
      "geometry": {
        "type": "Polygon",
        "coordinates": [
          [
            [
              21.25,
              43.15
            ],
            [
              21.299,
              43.1325
            ],
            [
              21.25,
              43.1325
            ],
            [
              21.25,
              43.15
            ]
          ]
        ]
      }
    },
    {
      "type": "Feature",
      "properties": {
        "id": "KOS-PEJ-000145",
        "parcelIndex": 145,
        "district": "Peja",
        "centroid": [
          20.128,
          43.099
        ],
        "areaHa": 16.99,
        "shapeType": "irregular-rect",
        "landUse": "fallow",
        "cropType": "fallow",
        "isFarmland": false,
        "farmScore": 50,
        "harvestHealth": 44,
        "soilQuality": 56,
        "waterAccess": 62,
        "slopeRisk": 95,
        "confidence": 0.84,
        "maskValues": {
          "farmland": 0.498,
          "density": 0.697,
          "health": 0.523,
          "cropType": 0.496
        },
        "noise": {
          "seed": 918273,
          "jitter": 0.15,
          "rotation": 5.07
        },
        "labels": [
          "synthetic",
          "demo",
          "non-farmland"
        ]
      },
      "geometry": {
        "type": "Polygon",
        "coordinates": [
          [
            [
              20.12321068548286,
              43.09731484529213
            ],
            [
              20.130000000000003,
              43.10285714285714
            ],
            [
              20.130000000000003,
              43.09731484529213
            ],
            [
              20.12321068548286,
              43.09731484529213
            ]
          ]
        ]
      }
    },
    {
      "type": "Feature",
      "properties": {
        "id": "KOS-PEJ-000146",
        "parcelIndex": 146,
        "district": "Peja",
        "centroid": [
          20.117,
          43.083
        ],
        "areaHa": 531.87,
        "shapeType": "irregular-rect",
        "landUse": "pasture",
        "cropType": "fallow",
        "isFarmland": false,
        "farmScore": 53,
        "harvestHealth": 41,
        "soilQuality": 57,
        "waterAccess": 63,
        "slopeRisk": 94,
        "confidence": 0.942,
        "maskValues": {
          "farmland": 0.507,
          "density": 0.696,
          "health": 0.548,
          "cropType": 0.497
        },
        "noise": {
          "seed": 918273,
          "jitter": 0.158,
          "rotation": 4.38
        },
        "labels": [
          "synthetic",
          "demo",
          "non-farmland"
        ]
      },
      "geometry": {
        "type": "Polygon",
        "coordinates": [
          [
            [
              20.100444444444445,
              43.07
            ],
            [
              20.102,
              43.08
            ],
            [
              20.12321068548286,
              43.09731484529213
            ],
            [
              20.130000000000003,
              43.09731484529213
            ],
            [
              20.130000000000003,
              43.07
            ],
            [
              20.100444444444445,
              43.07
            ]
          ]
        ]
      }
    },
    {
      "type": "Feature",
      "properties": {
        "id": "KOS-PEJ-000147",
        "parcelIndex": 147,
        "district": "Peja",
        "centroid": [
          20.165,
          43.112
        ],
        "areaHa": 1854.8,
        "shapeType": "irregular-rect",
        "landUse": "orchard",
        "cropType": "wheat",
        "isFarmland": true,
        "farmScore": 49,
        "harvestHealth": 40,
        "soilQuality": 54,
        "waterAccess": 61,
        "slopeRisk": 97,
        "confidence": 0.934,
        "maskValues": {
          "farmland": 0.48,
          "density": 0.683,
          "health": 0.488,
          "cropType": 0.492
        },
        "noise": {
          "seed": 918273,
          "jitter": 0.038,
          "rotation": 7.22
        },
        "labels": [
          "synthetic",
          "demo",
          "farmland"
        ]
      },
      "geometry": {
        "type": "Polygon",
        "coordinates": [
          [
            [
              20.130000000000003,
              43.10285714285714
            ],
            [
              20.1663125,
              43.1325
            ],
            [
              20.200000000000003,
              43.1325
            ],
            [
              20.200000000000003,
              43.095455144289296
            ],
            [
              20.130000000000003,
              43.095455144289296
            ],
            [
              20.130000000000003,
              43.10285714285714
            ]
          ]
        ]
      }
    },
    {
      "type": "Feature",
      "properties": {
        "id": "KOS-PEJ-000148",
        "parcelIndex": 148,
        "district": "Peja",
        "centroid": [
          20.165,
          43.083
        ],
        "areaHa": 1609.11,
        "shapeType": "irregular-rect",
        "landUse": "pasture",
        "cropType": "pasture",
        "isFarmland": false,
        "farmScore": 53,
        "harvestHealth": 43,
        "soilQuality": 54,
        "waterAccess": 61,
        "slopeRisk": 95,
        "confidence": 1,
        "maskValues": {
          "farmland": 0.479,
          "density": 0.685,
          "health": 0.515,
          "cropType": 0.482
        },
        "noise": {
          "seed": 918273,
          "jitter": 0.164,
          "rotation": 5.6
        },
        "labels": [
          "synthetic",
          "demo",
          "non-farmland"
        ]
      },
      "geometry": {
        "type": "Polygon",
        "coordinates": [
          [
            [
              20.130000000000003,
              43.095455144289296
            ],
            [
              20.200000000000003,
              43.095455144289296
            ],
            [
              20.200000000000003,
              43.07
            ],
            [
              20.130000000000003,
              43.07
            ],
            [
              20.130000000000003,
              43.095455144289296
            ]
          ]
        ]
      }
    },
    {
      "type": "Feature",
      "properties": {
        "id": "KOS-PEJ-000149",
        "parcelIndex": 149,
        "district": "Peja",
        "centroid": [
          20.235,
          43.116
        ],
        "areaHa": 2049.22,
        "shapeType": "irregular-rect",
        "landUse": "vineyard",
        "cropType": "beans",
        "isFarmland": true,
        "farmScore": 51,
        "harvestHealth": 33,
        "soilQuality": 50,
        "waterAccess": 57,
        "slopeRisk": 99,
        "confidence": 1,
        "maskValues": {
          "farmland": 0.454,
          "density": 0.63,
          "health": 0.453,
          "cropType": 0.484
        },
        "noise": {
          "seed": 918273,
          "jitter": 0.103,
          "rotation": 0.07
        },
        "labels": [
          "synthetic",
          "demo",
          "farmland"
        ]
      },
      "geometry": {
        "type": "Polygon",
        "coordinates": [
          [
            [
              20.200000000000003,
              43.1325
            ],
            [
              20.27,
              43.1325
            ],
            [
              20.27,
              43.100064862960714
            ],
            [
              20.200000000000003,
              43.100064862960714
            ],
            [
              20.200000000000003,
              43.1325
            ]
          ]
        ]
      }
    },
    {
      "type": "Feature",
      "properties": {
        "id": "KOS-PEJ-000150",
        "parcelIndex": 150,
        "district": "Peja",
        "centroid": [
          20.235,
          43.085
        ],
        "areaHa": 1900.44,
        "shapeType": "irregular-rect",
        "landUse": "farmland",
        "cropType": "vineyard",
        "isFarmland": true,
        "farmScore": 44,
        "harvestHealth": 33,
        "soilQuality": 49,
        "waterAccess": 58,
        "slopeRisk": 100,
        "confidence": 1,
        "maskValues": {
          "farmland": 0.442,
          "density": 0.639,
          "health": 0.465,
          "cropType": 0.464
        },
        "noise": {
          "seed": 918273,
          "jitter": 0.115,
          "rotation": -3.36
        },
        "labels": [
          "synthetic",
          "demo",
          "farmland"
        ]
      },
      "geometry": {
        "type": "Polygon",
        "coordinates": [
          [
            [
              20.200000000000003,
              43.100064862960714
            ],
            [
              20.27,
              43.100064862960714
            ],
            [
              20.27,
              43.07
            ],
            [
              20.200000000000003,
              43.07
            ],
            [
              20.200000000000003,
              43.100064862960714
            ]
          ]
        ]
      }
    },
    {
      "type": "Feature",
      "properties": {
        "id": "KOS-PEJ-000151",
        "parcelIndex": 151,
        "district": "Peja",
        "centroid": [
          20.305,
          43.118
        ],
        "areaHa": 1776.36,
        "shapeType": "irregular-rect",
        "landUse": "forest_edge",
        "cropType": "mixed",
        "isFarmland": false,
        "farmScore": 43,
        "harvestHealth": 35,
        "soilQuality": 47,
        "waterAccess": 53,
        "slopeRisk": 100,
        "confidence": 1,
        "maskValues": {
          "farmland": 0.438,
          "density": 0.551,
          "health": 0.435,
          "cropType": 0.481
        },
        "noise": {
          "seed": 918273,
          "jitter": 0.03,
          "rotation": 4.65
        },
        "labels": [
          "synthetic",
          "demo",
          "non-farmland"
        ]
      },
      "geometry": {
        "type": "Polygon",
        "coordinates": [
          [
            [
              20.27,
              43.1325
            ],
            [
              20.34,
              43.1325
            ],
            [
              20.34,
              43.104382755760454
            ],
            [
              20.27,
              43.104382755760454
            ],
            [
              20.27,
              43.1325
            ]
          ]
        ]
      }
    },
    {
      "type": "Feature",
      "properties": {
        "id": "KOS-PEJ-000152",
        "parcelIndex": 152,
        "district": "Peja",
        "centroid": [
          20.305,
          43.087
        ],
        "areaHa": 2173.3,
        "shapeType": "irregular-rect",
        "landUse": "farmland",
        "cropType": "vineyard",
        "isFarmland": true,
        "farmScore": 43,
        "harvestHealth": 37,
        "soilQuality": 46,
        "waterAccess": 55,
        "slopeRisk": 100,
        "confidence": 1,
        "maskValues": {
          "farmland": 0.417,
          "density": 0.564,
          "health": 0.427,
          "cropType": 0.454
        },
        "noise": {
          "seed": 918273,
          "jitter": 0.059,
          "rotation": -5.49
        },
        "labels": [
          "synthetic",
          "demo",
          "farmland"
        ]
      },
      "geometry": {
        "type": "Polygon",
        "coordinates": [
          [
            [
              20.27,
              43.104382755760454
            ],
            [
              20.34,
              43.104382755760454
            ],
            [
              20.34,
              43.07
            ],
            [
              20.27,
              43.07
            ],
            [
              20.27,
              43.104382755760454
            ]
          ]
        ]
      }
    },
    {
      "type": "Feature",
      "properties": {
        "id": "KOS-PEJ-000153",
        "parcelIndex": 153,
        "district": "Peja",
        "centroid": [
          20.375,
          43.116
        ],
        "areaHa": 2042.9,
        "shapeType": "irregular-rect",
        "landUse": "farmland",
        "cropType": "corn",
        "isFarmland": true,
        "farmScore": 45,
        "harvestHealth": 38,
        "soilQuality": 46,
        "waterAccess": 50,
        "slopeRisk": 100,
        "confidence": 1,
        "maskValues": {
          "farmland": 0.432,
          "density": 0.463,
          "health": 0.428,
          "cropType": 0.479
        },
        "noise": {
          "seed": 918273,
          "jitter": 0.117,
          "rotation": -4.79
        },
        "labels": [
          "synthetic",
          "demo",
          "farmland"
        ]
      },
      "geometry": {
        "type": "Polygon",
        "coordinates": [
          [
            [
              20.34,
              43.1325
            ],
            [
              20.41,
              43.1325
            ],
            [
              20.41,
              43.100164895881896
            ],
            [
              20.34,
              43.100164895881896
            ],
            [
              20.34,
              43.1325
            ]
          ]
        ]
      }
    },
    {
      "type": "Feature",
      "properties": {
        "id": "KOS-PEJ-000154",
        "parcelIndex": 154,
        "district": "Peja",
        "centroid": [
          20.375,
          43.085
        ],
        "areaHa": 1906.76,
        "shapeType": "irregular-rect",
        "landUse": "orchard",
        "cropType": "potato",
        "isFarmland": true,
        "farmScore": 41,
        "harvestHealth": 29,
        "soilQuality": 44,
        "waterAccess": 51,
        "slopeRisk": 100,
        "confidence": 1,
        "maskValues": {
          "farmland": 0.405,
          "density": 0.477,
          "health": 0.403,
          "cropType": 0.451
        },
        "noise": {
          "seed": 918273,
          "jitter": 0.082,
          "rotation": 0.74
        },
        "labels": [
          "synthetic",
          "demo",
          "farmland"
        ]
      },
      "geometry": {
        "type": "Polygon",
        "coordinates": [
          [
            [
              20.34,
              43.100164895881896
            ],
            [
              20.41,
              43.100164895881896
            ],
            [
              20.41,
              43.07
            ],
            [
              20.34,
              43.07
            ],
            [
              20.34,
              43.100164895881896
            ]
          ]
        ]
      }
    },
    {
      "type": "Feature",
      "properties": {
        "id": "KOS-MIT-000155",
        "parcelIndex": 155,
        "district": "Mitrovica",
        "centroid": [
          20.445,
          43.117
        ],
        "areaHa": 1999.85,
        "shapeType": "irregular-rect",
        "landUse": "mixed",
        "cropType": "orchard",
        "isFarmland": true,
        "farmScore": 49,
        "harvestHealth": 33,
        "soilQuality": 47,
        "waterAccess": 46,
        "slopeRisk": 100,
        "confidence": 1,
        "maskValues": {
          "farmland": 0.442,
          "density": 0.379,
          "health": 0.436,
          "cropType": 0.486
        },
        "noise": {
          "seed": 918273,
          "jitter": 0.062,
          "rotation": 4.61
        },
        "labels": [
          "synthetic",
          "demo",
          "farmland"
        ]
      },
      "geometry": {
        "type": "Polygon",
        "coordinates": [
          [
            [
              20.41,
              43.1325
            ],
            [
              20.48,
              43.1325
            ],
            [
              20.48,
              43.10084616523411
            ],
            [
              20.41,
              43.10084616523411
            ],
            [
              20.41,
              43.1325
            ]
          ]
        ]
      }
    },
    {
      "type": "Feature",
      "properties": {
        "id": "KOS-PEJ-000156",
        "parcelIndex": 156,
        "district": "Peja",
        "centroid": [
          20.445,
          43.085
        ],
        "areaHa": 1949.81,
        "shapeType": "irregular-rect",
        "landUse": "farmland",
        "cropType": "orchard",
        "isFarmland": true,
        "farmScore": 43,
        "harvestHealth": 29,
        "soilQuality": 46,
        "waterAccess": 47,
        "slopeRisk": 100,
        "confidence": 1,
        "maskValues": {
          "farmland": 0.414,
          "density": 0.393,
          "health": 0.398,
          "cropType": 0.461
        },
        "noise": {
          "seed": 918273,
          "jitter": 0.102,
          "rotation": -2.26
        },
        "labels": [
          "synthetic",
          "demo",
          "farmland"
        ]
      },
      "geometry": {
        "type": "Polygon",
        "coordinates": [
          [
            [
              20.41,
              43.10084616523411
            ],
            [
              20.48,
              43.10084616523411
            ],
            [
              20.48,
              43.07
            ],
            [
              20.41,
              43.07
            ],
            [
              20.41,
              43.10084616523411
            ]
          ]
        ]
      }
    },
    {
      "type": "Feature",
      "properties": {
        "id": "KOS-MIT-000157",
        "parcelIndex": 157,
        "district": "Mitrovica",
        "centroid": [
          20.515,
          43.114
        ],
        "areaHa": 2367.62,
        "shapeType": "rectangular",
        "landUse": "pasture",
        "cropType": "pasture",
        "isFarmland": false,
        "farmScore": 46,
        "harvestHealth": 34,
        "soilQuality": 50,
        "waterAccess": 43,
        "slopeRisk": 100,
        "confidence": 1,
        "maskValues": {
          "farmland": 0.462,
          "density": 0.319,
          "health": 0.451,
          "cropType": 0.495
        },
        "noise": {
          "seed": 918273,
          "jitter": 0.077,
          "rotation": -7.36
        },
        "labels": [
          "synthetic",
          "demo",
          "non-farmland"
        ]
      },
      "geometry": {
        "type": "Polygon",
        "coordinates": [
          [
            [
              20.48,
              43.1325
            ],
            [
              20.55,
              43.1325
            ],
            [
              20.55,
              43.095026726949726
            ],
            [
              20.48,
              43.095026726949726
            ],
            [
              20.48,
              43.1325
            ]
          ]
        ]
      }
    },
    {
      "type": "Feature",
      "properties": {
        "id": "KOS-MIT-000158",
        "parcelIndex": 158,
        "district": "Mitrovica",
        "centroid": [
          20.515,
          43.083
        ],
        "areaHa": 1582.04,
        "shapeType": "irregular-rect",
        "landUse": "mixed",
        "cropType": "fallow",
        "isFarmland": false,
        "farmScore": 43,
        "harvestHealth": 29,
        "soilQuality": 49,
        "waterAccess": 42,
        "slopeRisk": 100,
        "confidence": 1,
        "maskValues": {
          "farmland": 0.438,
          "density": 0.328,
          "health": 0.407,
          "cropType": 0.479
        },
        "noise": {
          "seed": 918273,
          "jitter": 0.141,
          "rotation": -1.42
        },
        "labels": [
          "synthetic",
          "demo",
          "non-farmland"
        ]
      },
      "geometry": {
        "type": "Polygon",
        "coordinates": [
          [
            [
              20.48,
              43.095026726949726
            ],
            [
              20.55,
              43.095026726949726
            ],
            [
              20.55,
              43.07
            ],
            [
              20.48,
              43.07
            ],
            [
              20.48,
              43.095026726949726
            ]
          ]
        ]
      }
    },
    {
      "type": "Feature",
      "properties": {
        "id": "KOS-MIT-000159",
        "parcelIndex": 159,
        "district": "Mitrovica",
        "centroid": [
          20.585,
          43.12
        ],
        "areaHa": 1640.32,
        "shapeType": "irregular-rect",
        "landUse": "forest_edge",
        "cropType": "pasture",
        "isFarmland": false,
        "farmScore": 44,
        "harvestHealth": 38,
        "soilQuality": 52,
        "waterAccess": 39,
        "slopeRisk": 100,
        "confidence": 1,
        "maskValues": {
          "farmland": 0.497,
          "density": 0.291,
          "health": 0.484,
          "cropType": 0.51
        },
        "noise": {
          "seed": 918273,
          "jitter": 0.08,
          "rotation": 0.78
        },
        "labels": [
          "synthetic",
          "demo",
          "non-farmland"
        ]
      },
      "geometry": {
        "type": "Polygon",
        "coordinates": [
          [
            [
              20.55,
              43.1325
            ],
            [
              20.62,
              43.1325
            ],
            [
              20.62,
              43.10653563937114
            ],
            [
              20.55,
              43.10653563937114
            ],
            [
              20.55,
              43.1325
            ]
          ]
        ]
      }
    },
    {
      "type": "Feature",
      "properties": {
        "id": "KOS-MIT-000160",
        "parcelIndex": 160,
        "district": "Mitrovica",
        "centroid": [
          20.585,
          43.088
        ],
        "areaHa": 2309.34,
        "shapeType": "irregular-rect",
        "landUse": "farmland",
        "cropType": "vegetables",
        "isFarmland": true,
        "farmScore": 52,
        "harvestHealth": 30,
        "soilQuality": 51,
        "waterAccess": 38,
        "slopeRisk": 100,
        "confidence": 1,
        "maskValues": {
          "farmland": 0.481,
          "density": 0.293,
          "health": 0.444,
          "cropType": 0.505
        },
        "noise": {
          "seed": 918273,
          "jitter": 0.128,
          "rotation": 0.83
        },
        "labels": [
          "synthetic",
          "demo",
          "farmland"
        ]
      },
      "geometry": {
        "type": "Polygon",
        "coordinates": [
          [
            [
              20.55,
              43.10653563937114
            ],
            [
              20.62,
              43.10653563937114
            ],
            [
              20.62,
              43.07
            ],
            [
              20.55,
              43.07
            ],
            [
              20.55,
              43.10653563937114
            ]
          ]
        ]
      }
    },
    {
      "type": "Feature",
      "properties": {
        "id": "KOS-MIT-000161",
        "parcelIndex": 161,
        "district": "Mitrovica",
        "centroid": [
          20.655,
          43.119
        ],
        "areaHa": 1747.43,
        "shapeType": "irregular-rect",
        "landUse": "forest_edge",
        "cropType": "fallow",
        "isFarmland": false,
        "farmScore": 47,
        "harvestHealth": 35,
        "soilQuality": 52,
        "waterAccess": 37,
        "slopeRisk": 90,
        "confidence": 1,
        "maskValues": {
          "farmland": 0.528,
          "density": 0.304,
          "health": 0.51,
          "cropType": 0.519
        },
        "noise": {
          "seed": 918273,
          "jitter": 0.052,
          "rotation": -5.56
        },
        "labels": [
          "synthetic",
          "demo",
          "non-farmland"
        ]
      },
      "geometry": {
        "type": "Polygon",
        "coordinates": [
          [
            [
              20.62,
              43.1325
            ],
            [
              20.69,
              43.1325
            ],
            [
              20.69,
              43.104840576114945
            ],
            [
              20.62,
              43.104840576114945
            ],
            [
              20.62,
              43.1325
            ]
          ]
        ]
      }
    },
    {
      "type": "Feature",
      "properties": {
        "id": "KOS-MIT-000162",
        "parcelIndex": 162,
        "district": "Mitrovica",
        "centroid": [
          20.655,
          43.087
        ],
        "areaHa": 2202.23,
        "shapeType": "irregular-rect",
        "landUse": "forest_edge",
        "cropType": "pasture",
        "isFarmland": false,
        "farmScore": 48,
        "harvestHealth": 34,
        "soilQuality": 51,
        "waterAccess": 35,
        "slopeRisk": 87,
        "confidence": 1,
        "maskValues": {
          "farmland": 0.523,
          "density": 0.298,
          "health": 0.48,
          "cropType": 0.527
        },
        "noise": {
          "seed": 918273,
          "jitter": 0.143,
          "rotation": -7.19
        },
        "labels": [
          "synthetic",
          "demo",
          "non-farmland"
        ]
      },
      "geometry": {
        "type": "Polygon",
        "coordinates": [
          [
            [
              20.62,
              43.104840576114945
            ],
            [
              20.69,
              43.104840576114945
            ],
            [
              20.69,
              43.07
            ],
            [
              20.62,
              43.07
            ],
            [
              20.62,
              43.104840576114945
            ]
          ]
        ]
      }
    },
    {
      "type": "Feature",
      "properties": {
        "id": "KOS-MIT-000163",
        "parcelIndex": 163,
        "district": "Mitrovica",
        "centroid": [
          20.725,
          43.101
        ],
        "areaHa": 3949.66,
        "shapeType": "rectangular",
        "landUse": "farmland",
        "cropType": "pasture",
        "isFarmland": true,
        "farmScore": 52,
        "harvestHealth": 39,
        "soilQuality": 49,
        "waterAccess": 36,
        "slopeRisk": 77,
        "confidence": 1,
        "maskValues": {
          "farmland": 0.559,
          "density": 0.345,
          "health": 0.525,
          "cropType": 0.536
        },
        "noise": {
          "seed": 918273,
          "jitter": 0.067,
          "rotation": -5.99
        },
        "labels": [
          "synthetic",
          "demo",
          "farmland"
        ]
      },
      "geometry": {
        "type": "Polygon",
        "coordinates": [
          [
            [
              20.69,
              43.1325
            ],
            [
              20.76,
              43.1325
            ],
            [
              20.76,
              43.07
            ],
            [
              20.69,
              43.07
            ],
            [
              20.69,
              43.1325
            ]
          ]
        ]
      }
    },
    {
      "type": "Feature",
      "properties": {
        "id": "KOS-MIT-000164",
        "parcelIndex": 164,
        "district": "Mitrovica",
        "centroid": [
          20.795,
          43.101
        ],
        "areaHa": 3949.66,
        "shapeType": "rectangular",
        "landUse": "orchard",
        "cropType": "vineyard",
        "isFarmland": true,
        "farmScore": 57,
        "harvestHealth": 44,
        "soilQuality": 47,
        "waterAccess": 41,
        "slopeRisk": 73,
        "confidence": 1,
        "maskValues": {
          "farmland": 0.58,
          "density": 0.42,
          "health": 0.552,
          "cropType": 0.539
        },
        "noise": {
          "seed": 918273,
          "jitter": 0.056,
          "rotation": 3.82
        },
        "labels": [
          "synthetic",
          "demo",
          "farmland"
        ]
      },
      "geometry": {
        "type": "Polygon",
        "coordinates": [
          [
            [
              20.76,
              43.1325
            ],
            [
              20.830000000000002,
              43.1325
            ],
            [
              20.830000000000002,
              43.07
            ],
            [
              20.76,
              43.07
            ],
            [
              20.76,
              43.1325
            ]
          ]
        ]
      }
    },
    {
      "type": "Feature",
      "properties": {
        "id": "KOS-MIT-000165",
        "parcelIndex": 165,
        "district": "Mitrovica",
        "centroid": [
          20.865,
          43.101
        ],
        "areaHa": 3949.66,
        "shapeType": "rectangular",
        "landUse": "pasture",
        "cropType": "fallow",
        "isFarmland": false,
        "farmScore": 52,
        "harvestHealth": 51,
        "soilQuality": 46,
        "waterAccess": 48,
        "slopeRisk": 76,
        "confidence": 1,
        "maskValues": {
          "farmland": 0.585,
          "density": 0.509,
          "health": 0.567,
          "cropType": 0.533
        },
        "noise": {
          "seed": 918273,
          "jitter": 0.048,
          "rotation": 1.1
        },
        "labels": [
          "synthetic",
          "demo",
          "non-farmland"
        ]
      },
      "geometry": {
        "type": "Polygon",
        "coordinates": [
          [
            [
              20.830000000000002,
              43.1325
            ],
            [
              20.9,
              43.1325
            ],
            [
              20.9,
              43.07
            ],
            [
              20.830000000000002,
              43.07
            ],
            [
              20.830000000000002,
              43.1325
            ]
          ]
        ]
      }
    },
    {
      "type": "Feature",
      "properties": {
        "id": "KOS-MIT-000166",
        "parcelIndex": 166,
        "district": "Mitrovica",
        "centroid": [
          20.935,
          43.101
        ],
        "areaHa": 3949.66,
        "shapeType": "rectangular",
        "landUse": "forest_edge",
        "cropType": "fallow",
        "isFarmland": false,
        "farmScore": 51,
        "harvestHealth": 41,
        "soilQuality": 47,
        "waterAccess": 55,
        "slopeRisk": 84,
        "confidence": 1,
        "maskValues": {
          "farmland": 0.573,
          "density": 0.598,
          "health": 0.568,
          "cropType": 0.519
        },
        "noise": {
          "seed": 918273,
          "jitter": 0.082,
          "rotation": -3.92
        },
        "labels": [
          "synthetic",
          "demo",
          "non-farmland"
        ]
      },
      "geometry": {
        "type": "Polygon",
        "coordinates": [
          [
            [
              20.9,
              43.1325
            ],
            [
              20.97,
              43.1325
            ],
            [
              20.97,
              43.07
            ],
            [
              20.9,
              43.07
            ],
            [
              20.9,
              43.1325
            ]
          ]
        ]
      }
    },
    {
      "type": "Feature",
      "properties": {
        "id": "KOS-MIT-000167",
        "parcelIndex": 167,
        "district": "Mitrovica",
        "centroid": [
          21.005,
          43.101
        ],
        "areaHa": 3949.66,
        "shapeType": "rectangular",
        "landUse": "farmland",
        "cropType": "corn",
        "isFarmland": true,
        "farmScore": 49,
        "harvestHealth": 48,
        "soilQuality": 51,
        "waterAccess": 62,
        "slopeRisk": 93,
        "confidence": 1,
        "maskValues": {
          "farmland": 0.547,
          "density": 0.669,
          "health": 0.558,
          "cropType": 0.501
        },
        "noise": {
          "seed": 918273,
          "jitter": 0.088,
          "rotation": 1.89
        },
        "labels": [
          "synthetic",
          "demo",
          "farmland"
        ]
      },
      "geometry": {
        "type": "Polygon",
        "coordinates": [
          [
            [
              20.97,
              43.1325
            ],
            [
              21.04,
              43.1325
            ],
            [
              21.04,
              43.07
            ],
            [
              20.97,
              43.07
            ],
            [
              20.97,
              43.1325
            ]
          ]
        ]
      }
    },
    {
      "type": "Feature",
      "properties": {
        "id": "KOS-PDJ-000168",
        "parcelIndex": 168,
        "district": "Podujeva",
        "centroid": [
          21.075,
          43.116
        ],
        "areaHa": 2115.18,
        "shapeType": "irregular-rect",
        "landUse": "farmland",
        "cropType": "barley",
        "isFarmland": true,
        "farmScore": 51,
        "harvestHealth": 41,
        "soilQuality": 53,
        "waterAccess": 64,
        "slopeRisk": 99,
        "confidence": 1,
        "maskValues": {
          "farmland": 0.501,
          "density": 0.708,
          "health": 0.519,
          "cropType": 0.477
        },
        "noise": {
          "seed": 918273,
          "jitter": 0.098,
          "rotation": 1.3
        },
        "labels": [
          "synthetic",
          "demo",
          "farmland"
        ]
      },
      "geometry": {
        "type": "Polygon",
        "coordinates": [
          [
            [
              21.04,
              43.1325
            ],
            [
              21.11,
              43.1325
            ],
            [
              21.11,
              43.09902116473415
            ],
            [
              21.04,
              43.09902116473415
            ],
            [
              21.04,
              43.1325
            ]
          ]
        ]
      }
    },
    {
      "type": "Feature",
      "properties": {
        "id": "KOS-PDJ-000169",
        "parcelIndex": 169,
        "district": "Podujeva",
        "centroid": [
          21.075,
          43.085
        ],
        "areaHa": 1834.48,
        "shapeType": "irregular-rect",
        "landUse": "forest_edge",
        "cropType": "pasture",
        "isFarmland": false,
        "farmScore": 53,
        "harvestHealth": 43,
        "soilQuality": 56,
        "waterAccess": 65,
        "slopeRisk": 97,
        "confidence": 1,
        "maskValues": {
          "farmland": 0.525,
          "density": 0.707,
          "health": 0.558,
          "cropType": 0.489
        },
        "noise": {
          "seed": 918273,
          "jitter": 0.164,
          "rotation": -6.72
        },
        "labels": [
          "synthetic",
          "demo",
          "non-farmland"
        ]
      },
      "geometry": {
        "type": "Polygon",
        "coordinates": [
          [
            [
              21.04,
              43.09902116473415
            ],
            [
              21.11,
              43.09902116473415
            ],
            [
              21.11,
              43.07
            ],
            [
              21.04,
              43.07
            ],
            [
              21.04,
              43.09902116473415
            ]
          ]
        ]
      }
    },
    {
      "type": "Feature",
      "properties": {
        "id": "KOS-PDJ-000170",
        "parcelIndex": 170,
        "district": "Podujeva",
        "centroid": [
          21.145,
          43.115
        ],
        "areaHa": 2242.21,
        "shapeType": "irregular-rect",
        "landUse": "forest_edge",
        "cropType": "mixed",
        "isFarmland": false,
        "farmScore": 51,
        "harvestHealth": 43,
        "soilQuality": 56,
        "waterAccess": 64,
        "slopeRisk": 100,
        "confidence": 1,
        "maskValues": {
          "farmland": 0.469,
          "density": 0.707,
          "health": 0.499,
          "cropType": 0.469
        },
        "noise": {
          "seed": 918273,
          "jitter": 0.113,
          "rotation": 1.72
        },
        "labels": [
          "synthetic",
          "demo",
          "non-farmland"
        ]
      },
      "geometry": {
        "type": "Polygon",
        "coordinates": [
          [
            [
              21.11,
              43.1325
            ],
            [
              21.18,
              43.1325
            ],
            [
              21.18,
              43.09701117021206
            ],
            [
              21.11,
              43.09701117021206
            ],
            [
              21.11,
              43.1325
            ]
          ]
        ]
      }
    },
    {
      "type": "Feature",
      "properties": {
        "id": "KOS-PDJ-000171",
        "parcelIndex": 171,
        "district": "Podujeva",
        "centroid": [
          21.145,
          43.084
        ],
        "areaHa": 1707.45,
        "shapeType": "irregular-rect",
        "landUse": "mixed",
        "cropType": "fallow",
        "isFarmland": false,
        "farmScore": 54,
        "harvestHealth": 39,
        "soilQuality": 57,
        "waterAccess": 64,
        "slopeRisk": 98,
        "confidence": 1,
        "maskValues": {
          "farmland": 0.48,
          "density": 0.714,
          "health": 0.529,
          "cropType": 0.467
        },
        "noise": {
          "seed": 918273,
          "jitter": 0.162,
          "rotation": -3.78
        },
        "labels": [
          "synthetic",
          "demo",
          "non-farmland"
        ]
      },
      "geometry": {
        "type": "Polygon",
        "coordinates": [
          [
            [
              21.11,
              43.09701117021206
            ],
            [
              21.18,
              43.09701117021206
            ],
            [
              21.18,
              43.07
            ],
            [
              21.11,
              43.07
            ],
            [
              21.11,
              43.09701117021206
            ]
          ]
        ]
      }
    },
    {
      "type": "Feature",
      "properties": {
        "id": "KOS-PDJ-000172",
        "parcelIndex": 172,
        "district": "Podujeva",
        "centroid": [
          21.215,
          43.119
        ],
        "areaHa": 1714.98,
        "shapeType": "irregular-rect",
        "landUse": "fallow",
        "cropType": "orchard",
        "isFarmland": true,
        "farmScore": 44,
        "harvestHealth": 42,
        "soilQuality": 55,
        "waterAccess": 60,
        "slopeRisk": 99,
        "confidence": 1,
        "maskValues": {
          "farmland": 0.444,
          "density": 0.664,
          "health": 0.478,
          "cropType": 0.47
        },
        "noise": {
          "seed": 918273,
          "jitter": 0.163,
          "rotation": 4.22
        },
        "labels": [
          "synthetic",
          "demo",
          "farmland"
        ]
      },
      "geometry": {
        "type": "Polygon",
        "coordinates": [
          [
            [
              21.18,
              43.1325
            ],
            [
              21.25,
              43.1325
            ],
            [
              21.25,
              43.105354125042794
            ],
            [
              21.18,
              43.105354125042794
            ],
            [
              21.18,
              43.1325
            ]
          ]
        ]
      }
    },
    {
      "type": "Feature",
      "properties": {
        "id": "KOS-PDJ-000173",
        "parcelIndex": 173,
        "district": "Podujeva",
        "centroid": [
          21.215,
          43.088
        ],
        "areaHa": 2234.68,
        "shapeType": "irregular-rect",
        "landUse": "vineyard",
        "cropType": "corn",
        "isFarmland": true,
        "farmScore": 45,
        "harvestHealth": 35,
        "soilQuality": 55,
        "waterAccess": 60,
        "slopeRisk": 98,
        "confidence": 1,
        "maskValues": {
          "farmland": 0.439,
          "density": 0.68,
          "health": 0.494,
          "cropType": 0.452
        },
        "noise": {
          "seed": 918273,
          "jitter": 0.172,
          "rotation": 5.16
        },
        "labels": [
          "synthetic",
          "demo",
          "farmland"
        ]
      },
      "geometry": {
        "type": "Polygon",
        "coordinates": [
          [
            [
              21.18,
              43.105354125042794
            ],
            [
              21.25,
              43.105354125042794
            ],
            [
              21.25,
              43.07
            ],
            [
              21.18,
              43.07
            ],
            [
              21.18,
              43.105354125042794
            ]
          ]
        ]
      }
    },
    {
      "type": "Feature",
      "properties": {
        "id": "KOS-PDJ-000174",
        "parcelIndex": 174,
        "district": "Podujeva",
        "centroid": [
          21.288,
          43.12
        ],
        "areaHa": 1651.75,
        "shapeType": "irregular-rect",
        "landUse": "farmland",
        "cropType": "vineyard",
        "isFarmland": true,
        "farmScore": 42,
        "harvestHealth": 36,
        "soilQuality": 53,
        "waterAccess": 54,
        "slopeRisk": 98,
        "confidence": 1,
        "maskValues": {
          "farmland": 0.432,
          "density": 0.589,
          "health": 0.468,
          "cropType": 0.479
        },
        "noise": {
          "seed": 918273,
          "jitter": 0.064,
          "rotation": 4.13
        },
        "labels": [
          "synthetic",
          "demo",
          "farmland"
        ]
      },
      "geometry": {
        "type": "Polygon",
        "coordinates": [
          [
            [
              21.25,
              43.1325
            ],
            [
              21.299,
              43.1325
            ],
            [
              21.32,
              43.125
            ],
            [
              21.32,
              43.10523010703793
            ],
            [
              21.25,
              43.10523010703793
            ],
            [
              21.25,
              43.1325
            ]
          ]
        ]
      }
    },
    {
      "type": "Feature",
      "properties": {
        "id": "KOS-PDJ-000175",
        "parcelIndex": 175,
        "district": "Podujeva",
        "centroid": [
          21.285,
          43.088
        ],
        "areaHa": 2226.85,
        "shapeType": "irregular-rect",
        "landUse": "vineyard",
        "cropType": "wheat",
        "isFarmland": true,
        "farmScore": 47,
        "harvestHealth": 36,
        "soilQuality": 51,
        "waterAccess": 56,
        "slopeRisk": 99,
        "confidence": 1,
        "maskValues": {
          "farmland": 0.411,
          "density": 0.612,
          "health": 0.467,
          "cropType": 0.446
        },
        "noise": {
          "seed": 918273,
          "jitter": 0.081,
          "rotation": -2.06
        },
        "labels": [
          "synthetic",
          "demo",
          "farmland"
        ]
      },
      "geometry": {
        "type": "Polygon",
        "coordinates": [
          [
            [
              21.25,
              43.10523010703793
            ],
            [
              21.32,
              43.10523010703793
            ],
            [
              21.32,
              43.07
            ],
            [
              21.25,
              43.07
            ],
            [
              21.25,
              43.10523010703793
            ]
          ]
        ]
      }
    },
    {
      "type": "Feature",
      "properties": {
        "id": "KOS-PDJ-000176",
        "parcelIndex": 176,
        "district": "Podujeva",
        "centroid": [
          21.355,
          43.091
        ],
        "areaHa": 2686.13,
        "shapeType": "irregular-rect",
        "landUse": "forest_edge",
        "cropType": "fallow",
        "isFarmland": false,
        "farmScore": 44,
        "harvestHealth": 35,
        "soilQuality": 48,
        "waterAccess": 51,
        "slopeRisk": 100,
        "confidence": 0.961,
        "maskValues": {
          "farmland": 0.403,
          "density": 0.521,
          "health": 0.451,
          "cropType": 0.456
        },
        "noise": {
          "seed": 918273,
          "jitter": 0.149,
          "rotation": 6
        },
        "labels": [
          "synthetic",
          "demo",
          "non-farmland"
        ]
      },
      "geometry": {
        "type": "Polygon",
        "coordinates": [
          [
            [
              21.32,
              43.125
            ],
            [
              21.39,
              43.1
            ],
            [
              21.39,
              43.07
            ],
            [
              21.32,
              43.07
            ],
            [
              21.32,
              43.125
            ]
          ]
        ]
      }
    },
    {
      "type": "Feature",
      "properties": {
        "id": "KOS-PDJ-000177",
        "parcelIndex": 177,
        "district": "Podujeva",
        "centroid": [
          21.392,
          43.098
        ],
        "areaHa": 7.77,
        "shapeType": "irregular-rect",
        "landUse": "fallow",
        "cropType": "fallow",
        "isFarmland": false,
        "farmScore": 42,
        "harvestHealth": 34,
        "soilQuality": 47,
        "waterAccess": 48,
        "slopeRisk": 100,
        "confidence": 0.847,
        "maskValues": {
          "farmland": 0.414,
          "density": 0.466,
          "health": 0.451,
          "cropType": 0.473
        },
        "noise": {
          "seed": 918273,
          "jitter": 0.179,
          "rotation": 1.47
        },
        "labels": [
          "synthetic",
          "demo",
          "non-farmland"
        ]
      },
      "geometry": {
        "type": "Polygon",
        "coordinates": [
          [
            [
              21.39,
              43.1
            ],
            [
              21.396942927230615,
              43.09752038313192
            ],
            [
              21.39,
              43.09752038313192
            ],
            [
              21.39,
              43.1
            ]
          ]
        ]
      }
    },
    {
      "type": "Feature",
      "properties": {
        "id": "KOS-PDJ-000178",
        "parcelIndex": 178,
        "district": "Podujeva",
        "centroid": [
          21.419,
          43.082
        ],
        "areaHa": 1098.47,
        "shapeType": "irregular-rect",
        "landUse": "forest_edge",
        "cropType": "pasture",
        "isFarmland": false,
        "farmScore": 44,
        "harvestHealth": 37,
        "soilQuality": 45,
        "waterAccess": 48,
        "slopeRisk": 100,
        "confidence": 0.898,
        "maskValues": {
          "farmland": 0.4,
          "density": 0.439,
          "health": 0.435,
          "cropType": 0.46
        },
        "noise": {
          "seed": 918273,
          "jitter": 0.148,
          "rotation": -2.07
        },
        "labels": [
          "synthetic",
          "demo",
          "non-farmland"
        ]
      },
      "geometry": {
        "type": "Polygon",
        "coordinates": [
          [
            [
              21.39,
              43.09752038313192
            ],
            [
              21.396942927230615,
              43.09752038313192
            ],
            [
              21.46,
              43.075
            ],
            [
              21.46,
              43.07
            ],
            [
              21.39,
              43.07
            ],
            [
              21.39,
              43.09752038313192
            ]
          ]
        ]
      }
    },
    {
      "type": "Feature",
      "properties": {
        "id": "KOS-PDJ-000179",
        "parcelIndex": 179,
        "district": "Podujeva",
        "centroid": [
          21.465,
          43.072
        ],
        "areaHa": 31.61,
        "shapeType": "irregular-rect",
        "landUse": "mixed",
        "cropType": "pasture",
        "isFarmland": true,
        "farmScore": 39,
        "harvestHealth": 33,
        "soilQuality": 45,
        "waterAccess": 46,
        "slopeRisk": 100,
        "confidence": 0.82,
        "maskValues": {
          "farmland": 0.403,
          "density": 0.387,
          "health": 0.423,
          "cropType": 0.464
        },
        "noise": {
          "seed": 918273,
          "jitter": 0.064,
          "rotation": 5.97
        },
        "labels": [
          "synthetic",
          "demo",
          "farmland"
        ]
      },
      "geometry": {
        "type": "Polygon",
        "coordinates": [
          [
            [
              21.46,
              43.075
            ],
            [
              21.474,
              43.07
            ],
            [
              21.46,
              43.07
            ],
            [
              21.46,
              43.075
            ]
          ]
        ]
      }
    },
    {
      "type": "Feature",
      "properties": {
        "id": "KOS-PEJ-000193",
        "parcelIndex": 193,
        "district": "Peja",
        "centroid": [
          20.114,
          43.052
        ],
        "areaHa": 1036.4,
        "shapeType": "irregular-rect",
        "landUse": "orchard",
        "cropType": "wheat",
        "isFarmland": true,
        "farmScore": 47,
        "harvestHealth": 42,
        "soilQuality": 57,
        "waterAccess": 62,
        "slopeRisk": 91,
        "confidence": 1,
        "maskValues": {
          "farmland": 0.507,
          "density": 0.685,
          "health": 0.571,
          "cropType": 0.494
        },
        "noise": {
          "seed": 918273,
          "jitter": 0.112,
          "rotation": -7.5
        },
        "labels": [
          "synthetic",
          "demo",
          "farmland"
        ]
      },
      "geometry": {
        "type": "Polygon",
        "coordinates": [
          [
            [
              20.094922906535444,
              43.03450439915643
            ],
            [
              20.100444444444445,
              43.07
            ],
            [
              20.130000000000003,
              43.07
            ],
            [
              20.130000000000003,
              43.03450439915643
            ],
            [
              20.094922906535444,
              43.03450439915643
            ]
          ]
        ]
      }
    },
    {
      "type": "Feature",
      "properties": {
        "id": "KOS-PEJ-000194",
        "parcelIndex": 194,
        "district": "Peja",
        "centroid": [
          20.111,
          43.021
        ],
        "areaHa": 907.54,
        "shapeType": "irregular-rect",
        "landUse": "vineyard",
        "cropType": "potato",
        "isFarmland": true,
        "farmScore": 48,
        "harvestHealth": 52,
        "soilQuality": 57,
        "waterAccess": 61,
        "slopeRisk": 89,
        "confidence": 0.994,
        "maskValues": {
          "farmland": 0.509,
          "density": 0.667,
          "health": 0.608,
          "cropType": 0.489
        },
        "noise": {
          "seed": 918273,
          "jitter": 0.163,
          "rotation": -0.65
        },
        "labels": [
          "synthetic",
          "demo",
          "farmland"
        ]
      },
      "geometry": {
        "type": "Polygon",
        "coordinates": [
          [
            [
              20.090722222222222,
              43.0075
            ],
            [
              20.094922906535444,
              43.03450439915643
            ],
            [
              20.130000000000003,
              43.03450439915643
            ],
            [
              20.130000000000003,
              43.0075
            ],
            [
              20.090722222222222,
              43.0075
            ]
          ]
        ]
      }
    },
    {
      "type": "Feature",
      "properties": {
        "id": "KOS-PEJ-000195",
        "parcelIndex": 195,
        "district": "Peja",
        "centroid": [
          20.165,
          43.056
        ],
        "areaHa": 1743.45,
        "shapeType": "irregular-rect",
        "landUse": "pasture",
        "cropType": "pasture",
        "isFarmland": false,
        "farmScore": 50,
        "harvestHealth": 40,
        "soilQuality": 53,
        "waterAccess": 60,
        "slopeRisk": 94,
        "confidence": 1,
        "maskValues": {
          "farmland": 0.475,
          "density": 0.674,
          "health": 0.524,
          "cropType": 0.475
        },
        "noise": {
          "seed": 918273,
          "jitter": 0.039,
          "rotation": 0.34
        },
        "labels": [
          "synthetic",
          "demo",
          "non-farmland"
        ]
      },
      "geometry": {
        "type": "Polygon",
        "coordinates": [
          [
            [
              20.130000000000003,
              43.07
            ],
            [
              20.200000000000003,
              43.07
            ],
            [
              20.200000000000003,
              43.042431678368594
            ],
            [
              20.130000000000003,
              43.042431678368594
            ],
            [
              20.130000000000003,
              43.07
            ]
          ]
        ]
      }
    },
    {
      "type": "Feature",
      "properties": {
        "id": "KOS-PEJ-000196",
        "parcelIndex": 196,
        "district": "Peja",
        "centroid": [
          20.165,
          43.025
        ],
        "areaHa": 2210.24,
        "shapeType": "irregular-rect",
        "landUse": "mixed",
        "cropType": "pasture",
        "isFarmland": false,
        "farmScore": 53,
        "harvestHealth": 48,
        "soilQuality": 53,
        "waterAccess": 60,
        "slopeRisk": 93,
        "confidence": 1,
        "maskValues": {
          "farmland": 0.471,
          "density": 0.662,
          "health": 0.554,
          "cropType": 0.464
        },
        "noise": {
          "seed": 918273,
          "jitter": 0.129,
          "rotation": -6.16
        },
        "labels": [
          "synthetic",
          "demo",
          "non-farmland"
        ]
      },
      "geometry": {
        "type": "Polygon",
        "coordinates": [
          [
            [
              20.130000000000003,
              43.042431678368594
            ],
            [
              20.200000000000003,
              43.042431678368594
            ],
            [
              20.200000000000003,
              43.0075
            ],
            [
              20.130000000000003,
              43.0075
            ],
            [
              20.130000000000003,
              43.042431678368594
            ]
          ]
        ]
      }
    },
    {
      "type": "Feature",
      "properties": {
        "id": "KOS-PEJ-000197",
        "parcelIndex": 197,
        "district": "Peja",
        "centroid": [
          20.235,
          43.055
        ],
        "areaHa": 1876.88,
        "shapeType": "irregular-rect",
        "landUse": "vineyard",
        "cropType": "vineyard",
        "isFarmland": true,
        "farmScore": 46,
        "harvestHealth": 33,
        "soilQuality": 48,
        "waterAccess": 58,
        "slopeRisk": 100,
        "confidence": 1,
        "maskValues": {
          "farmland": 0.434,
          "density": 0.629,
          "health": 0.467,
          "cropType": 0.452
        },
        "noise": {
          "seed": 918273,
          "jitter": 0.113,
          "rotation": 4.46
        },
        "labels": [
          "synthetic",
          "demo",
          "farmland"
        ]
      },
      "geometry": {
        "type": "Polygon",
        "coordinates": [
          [
            [
              20.200000000000003,
              43.07
            ],
            [
              20.27,
              43.07
            ],
            [
              20.27,
              43.04032232365164
            ],
            [
              20.200000000000003,
              43.04032232365164
            ],
            [
              20.200000000000003,
              43.07
            ]
          ]
        ]
      }
    },
    {
      "type": "Feature",
      "properties": {
        "id": "KOS-PEJ-000198",
        "parcelIndex": 198,
        "district": "Peja",
        "centroid": [
          20.235,
          43.024
        ],
        "areaHa": 2076.81,
        "shapeType": "irregular-rect",
        "landUse": "farmland",
        "cropType": "wheat",
        "isFarmland": true,
        "farmScore": 42,
        "harvestHealth": 36,
        "soilQuality": 47,
        "waterAccess": 58,
        "slopeRisk": 100,
        "confidence": 1,
        "maskValues": {
          "farmland": 0.425,
          "density": 0.625,
          "health": 0.482,
          "cropType": 0.435
        },
        "noise": {
          "seed": 918273,
          "jitter": 0.174,
          "rotation": -4.89
        },
        "labels": [
          "synthetic",
          "demo",
          "farmland"
        ]
      },
      "geometry": {
        "type": "Polygon",
        "coordinates": [
          [
            [
              20.200000000000003,
              43.04032232365164
            ],
            [
              20.27,
              43.04032232365164
            ],
            [
              20.27,
              43.0075
            ],
            [
              20.200000000000003,
              43.0075
            ],
            [
              20.200000000000003,
              43.04032232365164
            ]
          ]
        ]
      }
    },
    {
      "type": "Feature",
      "properties": {
        "id": "KOS-PEJ-000199",
        "parcelIndex": 199,
        "district": "Peja",
        "centroid": [
          20.305,
          43.039
        ],
        "areaHa": 3953.69,
        "shapeType": "rectangular",
        "landUse": "fallow",
        "cropType": "mixed",
        "isFarmland": false,
        "farmScore": 38,
        "harvestHealth": 32,
        "soilQuality": 44,
        "waterAccess": 55,
        "slopeRisk": 100,
        "confidence": 1,
        "maskValues": {
          "farmland": 0.397,
          "density": 0.562,
          "health": 0.415,
          "cropType": 0.427
        },
        "noise": {
          "seed": 918273,
          "jitter": 0.083,
          "rotation": -1.76
        },
        "labels": [
          "synthetic",
          "demo",
          "non-farmland"
        ]
      },
      "geometry": {
        "type": "Polygon",
        "coordinates": [
          [
            [
              20.27,
              43.07
            ],
            [
              20.34,
              43.07
            ],
            [
              20.34,
              43.0075
            ],
            [
              20.27,
              43.0075
            ],
            [
              20.27,
              43.07
            ]
          ]
        ]
      }
    },
    {
      "type": "Feature",
      "properties": {
        "id": "KOS-PEJ-000200",
        "parcelIndex": 200,
        "district": "Peja",
        "centroid": [
          20.375,
          43.053
        ],
        "areaHa": 2176.09,
        "shapeType": "irregular-rect",
        "landUse": "fallow",
        "cropType": "pasture",
        "isFarmland": true,
        "farmScore": 45,
        "harvestHealth": 34,
        "soilQuality": 44,
        "waterAccess": 51,
        "slopeRisk": 100,
        "confidence": 1,
        "maskValues": {
          "farmland": 0.392,
          "density": 0.477,
          "health": 0.38,
          "cropType": 0.435
        },
        "noise": {
          "seed": 918273,
          "jitter": 0.127,
          "rotation": 5.69
        },
        "labels": [
          "synthetic",
          "demo",
          "farmland"
        ]
      },
      "geometry": {
        "type": "Polygon",
        "coordinates": [
          [
            [
              20.34,
              43.07
            ],
            [
              20.41,
              43.07
            ],
            [
              20.41,
              43.03559243868396
            ],
            [
              20.34,
              43.03559243868396
            ],
            [
              20.34,
              43.07
            ]
          ]
        ]
      }
    },
    {
      "type": "Feature",
      "properties": {
        "id": "KOS-PEJ-000201",
        "parcelIndex": 201,
        "district": "Peja",
        "centroid": [
          20.375,
          43.022
        ],
        "areaHa": 1777.6,
        "shapeType": "irregular-rect",
        "landUse": "fallow",
        "cropType": "fallow",
        "isFarmland": false,
        "farmScore": 45,
        "harvestHealth": 33,
        "soilQuality": 44,
        "waterAccess": 52,
        "slopeRisk": 100,
        "confidence": 1,
        "maskValues": {
          "farmland": 0.376,
          "density": 0.49,
          "health": 0.364,
          "cropType": 0.416
        },
        "noise": {
          "seed": 918273,
          "jitter": 0.169,
          "rotation": -0.72
        },
        "labels": [
          "synthetic",
          "demo",
          "non-farmland"
        ]
      },
      "geometry": {
        "type": "Polygon",
        "coordinates": [
          [
            [
              20.34,
              43.03559243868396
            ],
            [
              20.41,
              43.03559243868396
            ],
            [
              20.41,
              43.0075
            ],
            [
              20.34,
              43.0075
            ],
            [
              20.34,
              43.03559243868396
            ]
          ]
        ]
      }
    },
    {
      "type": "Feature",
      "properties": {
        "id": "KOS-PEJ-000202",
        "parcelIndex": 202,
        "district": "Peja",
        "centroid": [
          20.445,
          43.052
        ],
        "areaHa": 2339.64,
        "shapeType": "irregular-rect",
        "landUse": "mixed",
        "cropType": "pasture",
        "isFarmland": false,
        "farmScore": 42,
        "harvestHealth": 27,
        "soilQuality": 46,
        "waterAccess": 46,
        "slopeRisk": 100,
        "confidence": 1,
        "maskValues": {
          "farmland": 0.4,
          "density": 0.397,
          "health": 0.366,
          "cropType": 0.447
        },
        "noise": {
          "seed": 918273,
          "jitter": 0.162,
          "rotation": 5.09
        },
        "labels": [
          "synthetic",
          "demo",
          "non-farmland"
        ]
      },
      "geometry": {
        "type": "Polygon",
        "coordinates": [
          [
            [
              20.41,
              43.07
            ],
            [
              20.48,
              43.07
            ],
            [
              20.48,
              43.03300720303261
            ],
            [
              20.41,
              43.03300720303261
            ],
            [
              20.41,
              43.07
            ]
          ]
        ]
      }
    },
    {
      "type": "Feature",
      "properties": {
        "id": "KOS-PEJ-000203",
        "parcelIndex": 203,
        "district": "Peja",
        "centroid": [
          20.445,
          43.02
        ],
        "areaHa": 1614.05,
        "shapeType": "irregular-rect",
        "landUse": "pasture",
        "cropType": "mixed",
        "isFarmland": false,
        "farmScore": 37,
        "harvestHealth": 28,
        "soilQuality": 45,
        "waterAccess": 46,
        "slopeRisk": 100,
        "confidence": 1,
        "maskValues": {
          "farmland": 0.385,
          "density": 0.417,
          "health": 0.337,
          "cropType": 0.431
        },
        "noise": {
          "seed": 918273,
          "jitter": 0.044,
          "rotation": -5.16
        },
        "labels": [
          "synthetic",
          "demo",
          "non-farmland"
        ]
      },
      "geometry": {
        "type": "Polygon",
        "coordinates": [
          [
            [
              20.41,
              43.03300720303261
            ],
            [
              20.48,
              43.03300720303261
            ],
            [
              20.48,
              43.0075
            ],
            [
              20.41,
              43.0075
            ],
            [
              20.41,
              43.03300720303261
            ]
          ]
        ]
      }
    },
    {
      "type": "Feature",
      "properties": {
        "id": "KOS-MIT-000204",
        "parcelIndex": 204,
        "district": "Mitrovica",
        "centroid": [
          20.515,
          43.053
        ],
        "areaHa": 2135.11,
        "shapeType": "irregular-rect",
        "landUse": "pasture",
        "cropType": "fallow",
        "isFarmland": false,
        "farmScore": 46,
        "harvestHealth": 33,
        "soilQuality": 48,
        "waterAccess": 41,
        "slopeRisk": 100,
        "confidence": 1,
        "maskValues": {
          "farmland": 0.431,
          "density": 0.334,
          "health": 0.379,
          "cropType": 0.472
        },
        "noise": {
          "seed": 918273,
          "jitter": 0.071,
          "rotation": -4.83
        },
        "labels": [
          "synthetic",
          "demo",
          "non-farmland"
        ]
      },
      "geometry": {
        "type": "Polygon",
        "coordinates": [
          [
            [
              20.48,
              43.07
            ],
            [
              20.55,
              43.07
            ],
            [
              20.55,
              43.036240248599206
            ],
            [
              20.48,
              43.036240248599206
            ],
            [
              20.48,
              43.07
            ]
          ]
        ]
      }
    },
    {
      "type": "Feature",
      "properties": {
        "id": "KOS-MIT-000205",
        "parcelIndex": 205,
        "district": "Mitrovica",
        "centroid": [
          20.515,
          43.022
        ],
        "areaHa": 1818.58,
        "shapeType": "irregular-rect",
        "landUse": "fallow",
        "cropType": "pasture",
        "isFarmland": false,
        "farmScore": 38,
        "harvestHealth": 27,
        "soilQuality": 47,
        "waterAccess": 40,
        "slopeRisk": 100,
        "confidence": 1,
        "maskValues": {
          "farmland": 0.417,
          "density": 0.356,
          "health": 0.342,
          "cropType": 0.462
        },
        "noise": {
          "seed": 918273,
          "jitter": 0.12,
          "rotation": -4.24
        },
        "labels": [
          "synthetic",
          "demo",
          "non-farmland"
        ]
      },
      "geometry": {
        "type": "Polygon",
        "coordinates": [
          [
            [
              20.48,
              43.036240248599206
            ],
            [
              20.55,
              43.036240248599206
            ],
            [
              20.55,
              43.0075
            ],
            [
              20.48,
              43.0075
            ],
            [
              20.48,
              43.036240248599206
            ]
          ]
        ]
      }
    },
    {
      "type": "Feature",
      "properties": {
        "id": "KOS-MIT-000206",
        "parcelIndex": 206,
        "district": "Mitrovica",
        "centroid": [
          20.585,
          43.039
        ],
        "areaHa": 3953.69,
        "shapeType": "rectangular",
        "landUse": "farmland",
        "cropType": "barley",
        "isFarmland": true,
        "farmScore": 49,
        "harvestHealth": 30,
        "soilQuality": 49,
        "waterAccess": 36,
        "slopeRisk": 96,
        "confidence": 1,
        "maskValues": {
          "farmland": 0.47,
          "density": 0.31,
          "health": 0.395,
          "cropType": 0.501
        },
        "noise": {
          "seed": 918273,
          "jitter": 0.163,
          "rotation": 4.27
        },
        "labels": [
          "synthetic",
          "demo",
          "farmland"
        ]
      },
      "geometry": {
        "type": "Polygon",
        "coordinates": [
          [
            [
              20.55,
              43.07
            ],
            [
              20.62,
              43.07
            ],
            [
              20.62,
              43.0075
            ],
            [
              20.55,
              43.0075
            ],
            [
              20.55,
              43.07
            ]
          ]
        ]
      }
    },
    {
      "type": "Feature",
      "properties": {
        "id": "KOS-MIT-000207",
        "parcelIndex": 207,
        "district": "Mitrovica",
        "centroid": [
          20.655,
          43.039
        ],
        "areaHa": 3953.69,
        "shapeType": "rectangular",
        "landUse": "orchard",
        "cropType": "barley",
        "isFarmland": true,
        "farmScore": 50,
        "harvestHealth": 39,
        "soilQuality": 48,
        "waterAccess": 34,
        "slopeRisk": 84,
        "confidence": 1,
        "maskValues": {
          "farmland": 0.522,
          "density": 0.311,
          "health": 0.447,
          "cropType": 0.536
        },
        "noise": {
          "seed": 918273,
          "jitter": 0.17,
          "rotation": -6.46
        },
        "labels": [
          "synthetic",
          "demo",
          "farmland"
        ]
      },
      "geometry": {
        "type": "Polygon",
        "coordinates": [
          [
            [
              20.62,
              43.07
            ],
            [
              20.69,
              43.07
            ],
            [
              20.69,
              43.0075
            ],
            [
              20.62,
              43.0075
            ],
            [
              20.62,
              43.07
            ]
          ]
        ]
      }
    },
    {
      "type": "Feature",
      "properties": {
        "id": "KOS-MIT-000208",
        "parcelIndex": 208,
        "district": "Mitrovica",
        "centroid": [
          20.725,
          43.039
        ],
        "areaHa": 3953.69,
        "shapeType": "rectangular",
        "landUse": "orchard",
        "cropType": "corn",
        "isFarmland": true,
        "farmScore": 59,
        "harvestHealth": 45,
        "soilQuality": 46,
        "waterAccess": 36,
        "slopeRisk": 76,
        "confidence": 1,
        "maskValues": {
          "farmland": 0.571,
          "density": 0.347,
          "health": 0.507,
          "cropType": 0.565
        },
        "noise": {
          "seed": 918273,
          "jitter": 0.072,
          "rotation": 2.01
        },
        "labels": [
          "synthetic",
          "demo",
          "farmland"
        ]
      },
      "geometry": {
        "type": "Polygon",
        "coordinates": [
          [
            [
              20.69,
              43.07
            ],
            [
              20.76,
              43.07
            ],
            [
              20.76,
              43.0075
            ],
            [
              20.69,
              43.0075
            ],
            [
              20.69,
              43.07
            ]
          ]
        ]
      }
    },
    {
      "type": "Feature",
      "properties": {
        "id": "KOS-MIT-000209",
        "parcelIndex": 209,
        "district": "Mitrovica",
        "centroid": [
          20.795,
          43.039
        ],
        "areaHa": 3953.69,
        "shapeType": "rectangular",
        "landUse": "mixed",
        "cropType": "mixed",
        "isFarmland": false,
        "farmScore": 59,
        "harvestHealth": 48,
        "soilQuality": 46,
        "waterAccess": 42,
        "slopeRisk": 75,
        "confidence": 1,
        "maskValues": {
          "farmland": 0.608,
          "density": 0.411,
          "health": 0.563,
          "cropType": 0.58
        },
        "noise": {
          "seed": 918273,
          "jitter": 0.067,
          "rotation": 6.22
        },
        "labels": [
          "synthetic",
          "demo",
          "non-farmland"
        ]
      },
      "geometry": {
        "type": "Polygon",
        "coordinates": [
          [
            [
              20.76,
              43.07
            ],
            [
              20.830000000000002,
              43.07
            ],
            [
              20.830000000000002,
              43.0075
            ],
            [
              20.76,
              43.0075
            ],
            [
              20.76,
              43.07
            ]
          ]
        ]
      }
    },
    {
      "type": "Feature",
      "properties": {
        "id": "KOS-MIT-000210",
        "parcelIndex": 210,
        "district": "Mitrovica",
        "centroid": [
          20.865,
          43.039
        ],
        "areaHa": 3953.69,
        "shapeType": "rectangular",
        "landUse": "farmland",
        "cropType": "orchard",
        "isFarmland": true,
        "farmScore": 61,
        "harvestHealth": 52,
        "soilQuality": 49,
        "waterAccess": 50,
        "slopeRisk": 81,
        "confidence": 1,
        "maskValues": {
          "farmland": 0.624,
          "density": 0.492,
          "health": 0.606,
          "cropType": 0.581
        },
        "noise": {
          "seed": 918273,
          "jitter": 0.126,
          "rotation": 4.2
        },
        "labels": [
          "synthetic",
          "demo",
          "farmland"
        ]
      },
      "geometry": {
        "type": "Polygon",
        "coordinates": [
          [
            [
              20.830000000000002,
              43.07
            ],
            [
              20.9,
              43.07
            ],
            [
              20.9,
              43.0075
            ],
            [
              20.830000000000002,
              43.0075
            ],
            [
              20.830000000000002,
              43.07
            ]
          ]
        ]
      }
    },
    {
      "type": "Feature",
      "properties": {
        "id": "KOS-MIT-000211",
        "parcelIndex": 211,
        "district": "Mitrovica",
        "centroid": [
          20.935,
          43.054
        ],
        "areaHa": 1965.39,
        "shapeType": "irregular-rect",
        "landUse": "vineyard",
        "cropType": "orchard",
        "isFarmland": true,
        "farmScore": 54,
        "harvestHealth": 49,
        "soilQuality": 51,
        "waterAccess": 57,
        "slopeRisk": 87,
        "confidence": 1,
        "maskValues": {
          "farmland": 0.606,
          "density": 0.587,
          "health": 0.613,
          "cropType": 0.553
        },
        "noise": {
          "seed": 918273,
          "jitter": 0.136,
          "rotation": 7.09
        },
        "labels": [
          "synthetic",
          "demo",
          "farmland"
        ]
      },
      "geometry": {
        "type": "Polygon",
        "coordinates": [
          [
            [
              20.9,
              43.07
            ],
            [
              20.97,
              43.07
            ],
            [
              20.97,
              43.03892306752561
            ],
            [
              20.9,
              43.03892306752561
            ],
            [
              20.9,
              43.07
            ]
          ]
        ]
      }
    },
    {
      "type": "Feature",
      "properties": {
        "id": "KOS-MIT-000212",
        "parcelIndex": 212,
        "district": "Mitrovica",
        "centroid": [
          20.935,
          43.023
        ],
        "areaHa": 1988.3,
        "shapeType": "irregular-rect",
        "landUse": "farmland",
        "cropType": "wheat",
        "isFarmland": true,
        "farmScore": 57,
        "harvestHealth": 51,
        "soilQuality": 54,
        "waterAccess": 58,
        "slopeRisk": 88,
        "confidence": 0.998,
        "maskValues": {
          "farmland": 0.628,
          "density": 0.566,
          "health": 0.641,
          "cropType": 0.577
        },
        "noise": {
          "seed": 918273,
          "jitter": 0.073,
          "rotation": -4.94
        },
        "labels": [
          "synthetic",
          "demo",
          "farmland"
        ]
      },
      "geometry": {
        "type": "Polygon",
        "coordinates": [
          [
            [
              20.9,
              43.03892306752561
            ],
            [
              20.97,
              43.03892306752561
            ],
            [
              20.97,
              43.0075
            ],
            [
              20.9,
              43.0075
            ],
            [
              20.9,
              43.03892306752561
            ]
          ]
        ]
      }
    },
    {
      "type": "Feature",
      "properties": {
        "id": "KOS-MIT-000213",
        "parcelIndex": 213,
        "district": "Mitrovica",
        "centroid": [
          21.005,
          43.055
        ],
        "areaHa": 1845.85,
        "shapeType": "irregular-rect",
        "landUse": "farmland",
        "cropType": "wheat",
        "isFarmland": true,
        "farmScore": 56,
        "harvestHealth": 43,
        "soilQuality": 55,
        "waterAccess": 63,
        "slopeRisk": 93,
        "confidence": 1,
        "maskValues": {
          "farmland": 0.577,
          "density": 0.659,
          "health": 0.606,
          "cropType": 0.527
        },
        "noise": {
          "seed": 918273,
          "jitter": 0.134,
          "rotation": 4.95
        },
        "labels": [
          "synthetic",
          "demo",
          "farmland"
        ]
      },
      "geometry": {
        "type": "Polygon",
        "coordinates": [
          [
            [
              20.97,
              43.07
            ],
            [
              21.04,
              43.07
            ],
            [
              21.04,
              43.04081289853668
            ],
            [
              20.97,
              43.04081289853668
            ],
            [
              20.97,
              43.07
            ]
          ]
        ]
      }
    },
    {
      "type": "Feature",
      "properties": {
        "id": "KOS-MIT-000214",
        "parcelIndex": 214,
        "district": "Mitrovica",
        "centroid": [
          21.005,
          43.024
        ],
        "areaHa": 2107.84,
        "shapeType": "irregular-rect",
        "landUse": "vineyard",
        "cropType": "vineyard",
        "isFarmland": true,
        "farmScore": 57,
        "harvestHealth": 47,
        "soilQuality": 58,
        "waterAccess": 63,
        "slopeRisk": 92,
        "confidence": 0.995,
        "maskValues": {
          "farmland": 0.599,
          "density": 0.638,
          "health": 0.642,
          "cropType": 0.545
        },
        "noise": {
          "seed": 918273,
          "jitter": 0.114,
          "rotation": 0.15
        },
        "labels": [
          "synthetic",
          "demo",
          "farmland"
        ]
      },
      "geometry": {
        "type": "Polygon",
        "coordinates": [
          [
            [
              20.97,
              43.04081289853668
            ],
            [
              21.04,
              43.04081289853668
            ],
            [
              21.04,
              43.0075
            ],
            [
              20.97,
              43.0075
            ],
            [
              20.97,
              43.04081289853668
            ]
          ]
        ]
      }
    },
    {
      "type": "Feature",
      "properties": {
        "id": "KOS-PDJ-000215",
        "parcelIndex": 215,
        "district": "Podujeva",
        "centroid": [
          21.075,
          43.053
        ],
        "areaHa": 2090.68,
        "shapeType": "irregular-rect",
        "landUse": "farmland",
        "cropType": "orchard",
        "isFarmland": true,
        "farmScore": 55,
        "harvestHealth": 42,
        "soilQuality": 58,
        "waterAccess": 65,
        "slopeRisk": 96,
        "confidence": 1,
        "maskValues": {
          "farmland": 0.535,
          "density": 0.702,
          "health": 0.583,
          "cropType": 0.497
        },
        "noise": {
          "seed": 918273,
          "jitter": 0.066,
          "rotation": 0.47
        },
        "labels": [
          "synthetic",
          "demo",
          "farmland"
        ]
      },
      "geometry": {
        "type": "Polygon",
        "coordinates": [
          [
            [
              21.04,
              43.07
            ],
            [
              21.11,
              43.07
            ],
            [
              21.11,
              43.03694249121647
            ],
            [
              21.04,
              43.03694249121647
            ],
            [
              21.04,
              43.07
            ]
          ]
        ]
      }
    },
    {
      "type": "Feature",
      "properties": {
        "id": "KOS-PDJ-000216",
        "parcelIndex": 216,
        "district": "Podujeva",
        "centroid": [
          21.075,
          43.022
        ],
        "areaHa": 1863.01,
        "shapeType": "irregular-rect",
        "landUse": "pasture",
        "cropType": "mixed",
        "isFarmland": false,
        "farmScore": 52,
        "harvestHealth": 49,
        "soilQuality": 60,
        "waterAccess": 64,
        "slopeRisk": 93,
        "confidence": 0.998,
        "maskValues": {
          "farmland": 0.552,
          "density": 0.685,
          "health": 0.62,
          "cropType": 0.506
        },
        "noise": {
          "seed": 918273,
          "jitter": 0.159,
          "rotation": 6.23
        },
        "labels": [
          "synthetic",
          "demo",
          "non-farmland"
        ]
      },
      "geometry": {
        "type": "Polygon",
        "coordinates": [
          [
            [
              21.04,
              43.03694249121647
            ],
            [
              21.11,
              43.03694249121647
            ],
            [
              21.11,
              43.0075
            ],
            [
              21.04,
              43.0075
            ],
            [
              21.04,
              43.03694249121647
            ]
          ]
        ]
      }
    },
    {
      "type": "Feature",
      "properties": {
        "id": "KOS-PDJ-000217",
        "parcelIndex": 217,
        "district": "Podujeva",
        "centroid": [
          21.145,
          43.052
        ],
        "areaHa": 2316.46,
        "shapeType": "irregular-rect",
        "landUse": "pasture",
        "cropType": "pasture",
        "isFarmland": false,
        "farmScore": 48,
        "harvestHealth": 40,
        "soilQuality": 57,
        "waterAccess": 64,
        "slopeRisk": 95,
        "confidence": 1,
        "maskValues": {
          "farmland": 0.484,
          "density": 0.709,
          "health": 0.547,
          "cropType": 0.465
        },
        "noise": {
          "seed": 918273,
          "jitter": 0.075,
          "rotation": 0.28
        },
        "labels": [
          "synthetic",
          "demo",
          "non-farmland"
        ]
      },
      "geometry": {
        "type": "Polygon",
        "coordinates": [
          [
            [
              21.11,
              43.07
            ],
            [
              21.18,
              43.07
            ],
            [
              21.18,
              43.03337366733642
            ],
            [
              21.11,
              43.03337366733642
            ],
            [
              21.11,
              43.07
            ]
          ]
        ]
      }
    },
    {
      "type": "Feature",
      "properties": {
        "id": "KOS-PDJ-000218",
        "parcelIndex": 218,
        "district": "Podujeva",
        "centroid": [
          21.145,
          43.02
        ],
        "areaHa": 1637.23,
        "shapeType": "irregular-rect",
        "landUse": "forest_edge",
        "cropType": "pasture",
        "isFarmland": false,
        "farmScore": 52,
        "harvestHealth": 45,
        "soilQuality": 58,
        "waterAccess": 63,
        "slopeRisk": 93,
        "confidence": 1,
        "maskValues": {
          "farmland": 0.494,
          "density": 0.699,
          "health": 0.577,
          "cropType": 0.463
        },
        "noise": {
          "seed": 918273,
          "jitter": 0.078,
          "rotation": -6.64
        },
        "labels": [
          "synthetic",
          "demo",
          "non-farmland"
        ]
      },
      "geometry": {
        "type": "Polygon",
        "coordinates": [
          [
            [
              21.11,
              43.03337366733642
            ],
            [
              21.18,
              43.03337366733642
            ],
            [
              21.18,
              43.0075
            ],
            [
              21.11,
              43.0075
            ],
            [
              21.11,
              43.03337366733642
            ]
          ]
        ]
      }
    },
    {
      "type": "Feature",
      "properties": {
        "id": "KOS-PDJ-000219",
        "parcelIndex": 219,
        "district": "Podujeva",
        "centroid": [
          21.215,
          43.057
        ],
        "areaHa": 1654.92,
        "shapeType": "irregular-rect",
        "landUse": "fallow",
        "cropType": "barley",
        "isFarmland": true,
        "farmScore": 46,
        "harvestHealth": 36,
        "soilQuality": 54,
        "waterAccess": 60,
        "slopeRisk": 96,
        "confidence": 1,
        "maskValues": {
          "farmland": 0.435,
          "density": 0.678,
          "health": 0.5,
          "cropType": 0.441
        },
        "noise": {
          "seed": 918273,
          "jitter": 0.128,
          "rotation": 0.39
        },
        "labels": [
          "synthetic",
          "demo",
          "farmland"
        ]
      },
      "geometry": {
        "type": "Polygon",
        "coordinates": [
          [
            [
              21.18,
              43.07
            ],
            [
              21.25,
              43.07
            ],
            [
              21.25,
              43.04383130499511
            ],
            [
              21.18,
              43.04383130499511
            ],
            [
              21.18,
              43.07
            ]
          ]
        ]
      }
    },
    {
      "type": "Feature",
      "properties": {
        "id": "KOS-PDJ-000220",
        "parcelIndex": 220,
        "district": "Podujeva",
        "centroid": [
          21.215,
          43.026
        ],
        "areaHa": 2298.77,
        "shapeType": "irregular-rect",
        "landUse": "mixed",
        "cropType": "mixed",
        "isFarmland": false,
        "farmScore": 46,
        "harvestHealth": 44,
        "soilQuality": 53,
        "waterAccess": 60,
        "slopeRisk": 95,
        "confidence": 1,
        "maskValues": {
          "farmland": 0.434,
          "density": 0.678,
          "health": 0.518,
          "cropType": 0.427
        },
        "noise": {
          "seed": 918273,
          "jitter": 0.121,
          "rotation": -0.53
        },
        "labels": [
          "synthetic",
          "demo",
          "non-farmland"
        ]
      },
      "geometry": {
        "type": "Polygon",
        "coordinates": [
          [
            [
              21.18,
              43.04383130499511
            ],
            [
              21.25,
              43.04383130499511
            ],
            [
              21.25,
              43.0075
            ],
            [
              21.18,
              43.0075
            ],
            [
              21.18,
              43.04383130499511
            ]
          ]
        ]
      }
    },
    {
      "type": "Feature",
      "properties": {
        "id": "KOS-PDJ-000221",
        "parcelIndex": 221,
        "district": "Podujeva",
        "centroid": [
          21.285,
          43.057
        ],
        "areaHa": 1619.73,
        "shapeType": "irregular-rect",
        "landUse": "farmland",
        "cropType": "barley",
        "isFarmland": true,
        "farmScore": 40,
        "harvestHealth": 39,
        "soilQuality": 49,
        "waterAccess": 55,
        "slopeRisk": 99,
        "confidence": 1,
        "maskValues": {
          "farmland": 0.399,
          "density": 0.611,
          "health": 0.46,
          "cropType": 0.428
        },
        "noise": {
          "seed": 918273,
          "jitter": 0.1,
          "rotation": -6.22
        },
        "labels": [
          "synthetic",
          "demo",
          "farmland"
        ]
      },
      "geometry": {
        "type": "Polygon",
        "coordinates": [
          [
            [
              21.25,
              43.07
            ],
            [
              21.32,
              43.07
            ],
            [
              21.32,
              43.044387519207085
            ],
            [
              21.25,
              43.044387519207085
            ],
            [
              21.25,
              43.07
            ]
          ]
        ]
      }
    },
    {
      "type": "Feature",
      "properties": {
        "id": "KOS-PDJ-000222",
        "parcelIndex": 222,
        "district": "Podujeva",
        "centroid": [
          21.285,
          43.026
        ],
        "areaHa": 2333.96,
        "shapeType": "irregular-rect",
        "landUse": "farmland",
        "cropType": "corn",
        "isFarmland": true,
        "farmScore": 39,
        "harvestHealth": 37,
        "soilQuality": 48,
        "waterAccess": 56,
        "slopeRisk": 100,
        "confidence": 1,
        "maskValues": {
          "farmland": 0.387,
          "density": 0.62,
          "health": 0.463,
          "cropType": 0.405
        },
        "noise": {
          "seed": 918273,
          "jitter": 0.165,
          "rotation": 1.92
        },
        "labels": [
          "synthetic",
          "demo",
          "farmland"
        ]
      },
      "geometry": {
        "type": "Polygon",
        "coordinates": [
          [
            [
              21.25,
              43.044387519207085
            ],
            [
              21.32,
              43.044387519207085
            ],
            [
              21.32,
              43.0075
            ],
            [
              21.25,
              43.0075
            ],
            [
              21.25,
              43.044387519207085
            ]
          ]
        ]
      }
    },
    {
      "type": "Feature",
      "properties": {
        "id": "KOS-PDJ-000223",
        "parcelIndex": 223,
        "district": "Podujeva",
        "centroid": [
          21.355,
          43.039
        ],
        "areaHa": 3953.69,
        "shapeType": "rectangular",
        "landUse": "farmland",
        "cropType": "vineyard",
        "isFarmland": true,
        "farmScore": 41,
        "harvestHealth": 37,
        "soilQuality": 45,
        "waterAccess": 52,
        "slopeRisk": 100,
        "confidence": 1,
        "maskValues": {
          "farmland": 0.369,
          "density": 0.532,
          "health": 0.423,
          "cropType": 0.412
        },
        "noise": {
          "seed": 918273,
          "jitter": 0.048,
          "rotation": 6.25
        },
        "labels": [
          "synthetic",
          "demo",
          "farmland"
        ]
      },
      "geometry": {
        "type": "Polygon",
        "coordinates": [
          [
            [
              21.32,
              43.07
            ],
            [
              21.39,
              43.07
            ],
            [
              21.39,
              43.0075
            ],
            [
              21.32,
              43.0075
            ],
            [
              21.32,
              43.07
            ]
          ]
        ]
      }
    },
    {
      "type": "Feature",
      "properties": {
        "id": "KOS-PDJ-000224",
        "parcelIndex": 224,
        "district": "Podujeva",
        "centroid": [
          21.425,
          43.057
        ],
        "areaHa": 1603.76,
        "shapeType": "irregular-rect",
        "landUse": "pasture",
        "cropType": "mixed",
        "isFarmland": false,
        "farmScore": 45,
        "harvestHealth": 29,
        "soilQuality": 45,
        "waterAccess": 47,
        "slopeRisk": 100,
        "confidence": 1,
        "maskValues": {
          "farmland": 0.388,
          "density": 0.429,
          "health": 0.415,
          "cropType": 0.446
        },
        "noise": {
          "seed": 918273,
          "jitter": 0.162,
          "rotation": -1.87
        },
        "labels": [
          "synthetic",
          "demo",
          "non-farmland"
        ]
      },
      "geometry": {
        "type": "Polygon",
        "coordinates": [
          [
            [
              21.39,
              43.07
            ],
            [
              21.46,
              43.07
            ],
            [
              21.46,
              43.044640102052945
            ],
            [
              21.39,
              43.044640102052945
            ],
            [
              21.39,
              43.07
            ]
          ]
        ]
      }
    },
    {
      "type": "Feature",
      "properties": {
        "id": "KOS-PDJ-000225",
        "parcelIndex": 225,
        "district": "Podujeva",
        "centroid": [
          21.425,
          43.026
        ],
        "areaHa": 2349.93,
        "shapeType": "rectangular",
        "landUse": "fallow",
        "cropType": "vegetables",
        "isFarmland": true,
        "farmScore": 38,
        "harvestHealth": 31,
        "soilQuality": 44,
        "waterAccess": 48,
        "slopeRisk": 100,
        "confidence": 1,
        "maskValues": {
          "farmland": 0.361,
          "density": 0.448,
          "health": 0.388,
          "cropType": 0.416
        },
        "noise": {
          "seed": 918273,
          "jitter": 0.068,
          "rotation": -3.16
        },
        "labels": [
          "synthetic",
          "demo",
          "farmland"
        ]
      },
      "geometry": {
        "type": "Polygon",
        "coordinates": [
          [
            [
              21.39,
              43.044640102052945
            ],
            [
              21.46,
              43.044640102052945
            ],
            [
              21.46,
              43.0075
            ],
            [
              21.39,
              43.0075
            ],
            [
              21.39,
              43.044640102052945
            ]
          ]
        ]
      }
    },
    {
      "type": "Feature",
      "properties": {
        "id": "KOS-PDJ-000226",
        "parcelIndex": 226,
        "district": "Podujeva",
        "centroid": [
          21.491,
          43.041
        ],
        "areaHa": 3447.79,
        "shapeType": "irregular-rect",
        "landUse": "pasture",
        "cropType": "pasture",
        "isFarmland": false,
        "farmScore": 43,
        "harvestHealth": 32,
        "soilQuality": 46,
        "waterAccess": 44,
        "slopeRisk": 100,
        "confidence": 0.993,
        "maskValues": {
          "farmland": 0.398,
          "density": 0.361,
          "health": 0.394,
          "cropType": 0.458
        },
        "noise": {
          "seed": 918273,
          "jitter": 0.027,
          "rotation": -0.28
        },
        "labels": [
          "synthetic",
          "demo",
          "non-farmland"
        ]
      },
      "geometry": {
        "type": "Polygon",
        "coordinates": [
          [
            [
              21.46,
              43.07
            ],
            [
              21.474,
              43.07
            ],
            [
              21.53,
              43.05
            ],
            [
              21.53,
              43.0075
            ],
            [
              21.46,
              43.0075
            ],
            [
              21.46,
              43.07
            ]
          ]
        ]
      }
    },
    {
      "type": "Feature",
      "properties": {
        "id": "KOS-PDJ-000227",
        "parcelIndex": 227,
        "district": "Podujeva",
        "centroid": [
          21.541,
          43.022
        ],
        "areaHa": 615.36,
        "shapeType": "irregular-rect",
        "landUse": "farmland",
        "cropType": "beans",
        "isFarmland": true,
        "farmScore": 39,
        "harvestHealth": 27,
        "soilQuality": 47,
        "waterAccess": 41,
        "slopeRisk": 100,
        "confidence": 0.832,
        "maskValues": {
          "farmland": 0.415,
          "density": 0.329,
          "health": 0.379,
          "cropType": 0.474
        },
        "noise": {
          "seed": 918273,
          "jitter": 0.158,
          "rotation": 5
        },
        "labels": [
          "synthetic",
          "demo",
          "farmland"
        ]
      },
      "geometry": {
        "type": "Polygon",
        "coordinates": [
          [
            [
              21.53,
              43.05
            ],
            [
              21.56203846153846,
              43.0075
            ],
            [
              21.53,
              43.0075
            ],
            [
              21.53,
              43.05
            ]
          ]
        ]
      }
    },
    {
      "type": "Feature",
      "properties": {
        "id": "KOS-PEJ-000239",
        "parcelIndex": 239,
        "district": "Peja",
        "centroid": [
          20.108,
          42.976
        ],
        "areaHa": 2495.56,
        "shapeType": "rectangular",
        "landUse": "orchard",
        "cropType": "orchard",
        "isFarmland": true,
        "farmScore": 53,
        "harvestHealth": 51,
        "soilQuality": 56,
        "waterAccess": 59,
        "slopeRisk": 87,
        "confidence": 0.983,
        "maskValues": {
          "farmland": 0.501,
          "density": 0.633,
          "health": 0.64,
          "cropType": 0.476
        },
        "noise": {
          "seed": 918273,
          "jitter": 0.178,
          "rotation": 2.55
        },
        "labels": [
          "synthetic",
          "demo",
          "farmland"
        ]
      },
      "geometry": {
        "type": "Polygon",
        "coordinates": [
          [
            [
              20.081,
              42.945
            ],
            [
              20.090722222222222,
              43.0075
            ],
            [
              20.130000000000003,
              43.0075
            ],
            [
              20.130000000000003,
              42.945
            ],
            [
              20.081,
              42.945
            ]
          ]
        ]
      }
    },
    {
      "type": "Feature",
      "properties": {
        "id": "KOS-PEJ-000240",
        "parcelIndex": 240,
        "district": "Peja",
        "centroid": [
          20.165,
          42.976
        ],
        "areaHa": 3957.71,
        "shapeType": "rectangular",
        "landUse": "farmland",
        "cropType": "potato",
        "isFarmland": true,
        "farmScore": 49,
        "harvestHealth": 44,
        "soilQuality": 52,
        "waterAccess": 58,
        "slopeRisk": 93,
        "confidence": 1,
        "maskValues": {
          "farmland": 0.459,
          "density": 0.628,
          "health": 0.58,
          "cropType": 0.446
        },
        "noise": {
          "seed": 918273,
          "jitter": 0.088,
          "rotation": 4.89
        },
        "labels": [
          "synthetic",
          "demo",
          "farmland"
        ]
      },
      "geometry": {
        "type": "Polygon",
        "coordinates": [
          [
            [
              20.130000000000003,
              43.0075
            ],
            [
              20.200000000000003,
              43.0075
            ],
            [
              20.200000000000003,
              42.945
            ],
            [
              20.130000000000003,
              42.945
            ],
            [
              20.130000000000003,
              43.0075
            ]
          ]
        ]
      }
    },
    {
      "type": "Feature",
      "properties": {
        "id": "KOS-PEJ-000241",
        "parcelIndex": 241,
        "district": "Peja",
        "centroid": [
          20.235,
          42.976
        ],
        "areaHa": 3957.71,
        "shapeType": "rectangular",
        "landUse": "mixed",
        "cropType": "pasture",
        "isFarmland": false,
        "farmScore": 41,
        "harvestHealth": 35,
        "soilQuality": 47,
        "waterAccess": 57,
        "slopeRisk": 100,
        "confidence": 1,
        "maskValues": {
          "farmland": 0.413,
          "density": 0.6,
          "health": 0.495,
          "cropType": 0.417
        },
        "noise": {
          "seed": 918273,
          "jitter": 0.095,
          "rotation": -4.85
        },
        "labels": [
          "synthetic",
          "demo",
          "non-farmland"
        ]
      },
      "geometry": {
        "type": "Polygon",
        "coordinates": [
          [
            [
              20.200000000000003,
              43.0075
            ],
            [
              20.27,
              43.0075
            ],
            [
              20.27,
              42.945
            ],
            [
              20.200000000000003,
              42.945
            ],
            [
              20.200000000000003,
              43.0075
            ]
          ]
        ]
      }
    },
    {
      "type": "Feature",
      "properties": {
        "id": "KOS-PEJ-000242",
        "parcelIndex": 242,
        "district": "Peja",
        "centroid": [
          20.305,
          42.989
        ],
        "areaHa": 2287,
        "shapeType": "irregular-rect",
        "landUse": "farmland",
        "cropType": "orchard",
        "isFarmland": true,
        "farmScore": 37,
        "harvestHealth": 33,
        "soilQuality": 44,
        "waterAccess": 55,
        "slopeRisk": 100,
        "confidence": 1,
        "maskValues": {
          "farmland": 0.383,
          "density": 0.553,
          "health": 0.409,
          "cropType": 0.408
        },
        "noise": {
          "seed": 918273,
          "jitter": 0.159,
          "rotation": -6.54
        },
        "labels": [
          "synthetic",
          "demo",
          "farmland"
        ]
      },
      "geometry": {
        "type": "Polygon",
        "coordinates": [
          [
            [
              20.27,
              43.0075
            ],
            [
              20.34,
              43.0075
            ],
            [
              20.34,
              42.971376063341744
            ],
            [
              20.27,
              42.971376063341744
            ],
            [
              20.27,
              43.0075
            ]
          ]
        ]
      }
    },
    {
      "type": "Feature",
      "properties": {
        "id": "KOS-PEJ-000243",
        "parcelIndex": 243,
        "district": "Peja",
        "centroid": [
          20.305,
          42.958
        ],
        "areaHa": 1670.71,
        "shapeType": "irregular-rect",
        "landUse": "farmland",
        "cropType": "beans",
        "isFarmland": true,
        "farmScore": 42,
        "harvestHealth": 31,
        "soilQuality": 45,
        "waterAccess": 55,
        "slopeRisk": 100,
        "confidence": 1,
        "maskValues": {
          "farmland": 0.378,
          "density": 0.551,
          "health": 0.418,
          "cropType": 0.397
        },
        "noise": {
          "seed": 918273,
          "jitter": 0.046,
          "rotation": -6.32
        },
        "labels": [
          "synthetic",
          "demo",
          "farmland"
        ]
      },
      "geometry": {
        "type": "Polygon",
        "coordinates": [
          [
            [
              20.27,
              42.971376063341744
            ],
            [
              20.34,
              42.971376063341744
            ],
            [
              20.34,
              42.945
            ],
            [
              20.27,
              42.945
            ],
            [
              20.27,
              42.971376063341744
            ]
          ]
        ]
      }
    },
    {
      "type": "Feature",
      "properties": {
        "id": "KOS-PEJ-000244",
        "parcelIndex": 244,
        "district": "Peja",
        "centroid": [
          20.375,
          42.994
        ],
        "areaHa": 1727.48,
        "shapeType": "irregular-rect",
        "landUse": "farmland",
        "cropType": "beans",
        "isFarmland": true,
        "farmScore": 44,
        "harvestHealth": 31,
        "soilQuality": 44,
        "waterAccess": 51,
        "slopeRisk": 100,
        "confidence": 0.997,
        "maskValues": {
          "farmland": 0.373,
          "density": 0.487,
          "health": 0.349,
          "cropType": 0.412
        },
        "noise": {
          "seed": 918273,
          "jitter": 0.111,
          "rotation": -0.1
        },
        "labels": [
          "synthetic",
          "demo",
          "farmland"
        ]
      },
      "geometry": {
        "type": "Polygon",
        "coordinates": [
          [
            [
              20.34,
              43.0075
            ],
            [
              20.41,
              43.0075
            ],
            [
              20.41,
              42.9802119805204
            ],
            [
              20.34,
              42.9802119805204
            ],
            [
              20.34,
              43.0075
            ]
          ]
        ]
      }
    },
    {
      "type": "Feature",
      "properties": {
        "id": "KOS-PEJ-000245",
        "parcelIndex": 245,
        "district": "Peja",
        "centroid": [
          20.375,
          42.963
        ],
        "areaHa": 2230.24,
        "shapeType": "irregular-rect",
        "landUse": "orchard",
        "cropType": "beans",
        "isFarmland": true,
        "farmScore": 39,
        "harvestHealth": 31,
        "soilQuality": 45,
        "waterAccess": 51,
        "slopeRisk": 100,
        "confidence": 1,
        "maskValues": {
          "farmland": 0.368,
          "density": 0.499,
          "health": 0.344,
          "cropType": 0.403
        },
        "noise": {
          "seed": 918273,
          "jitter": 0.05,
          "rotation": -4.11
        },
        "labels": [
          "synthetic",
          "demo",
          "farmland"
        ]
      },
      "geometry": {
        "type": "Polygon",
        "coordinates": [
          [
            [
              20.34,
              42.9802119805204
            ],
            [
              20.41,
              42.9802119805204
            ],
            [
              20.41,
              42.945
            ],
            [
              20.34,
              42.945
            ],
            [
              20.34,
              42.9802119805204
            ]
          ]
        ]
      }
    },
    {
      "type": "Feature",
      "properties": {
        "id": "KOS-PEJ-000246",
        "parcelIndex": 246,
        "district": "Peja",
        "centroid": [
          20.445,
          42.993
        ],
        "areaHa": 1868.89,
        "shapeType": "irregular-rect",
        "landUse": "fallow",
        "cropType": "pasture",
        "isFarmland": false,
        "farmScore": 42,
        "harvestHealth": 23,
        "soilQuality": 46,
        "waterAccess": 45,
        "slopeRisk": 100,
        "confidence": 1,
        "maskValues": {
          "farmland": 0.385,
          "density": 0.423,
          "health": 0.318,
          "cropType": 0.431
        },
        "noise": {
          "seed": 918273,
          "jitter": 0.047,
          "rotation": 2.85
        },
        "labels": [
          "synthetic",
          "demo",
          "non-farmland"
        ]
      },
      "geometry": {
        "type": "Polygon",
        "coordinates": [
          [
            [
              20.41,
              43.0075
            ],
            [
              20.48,
              43.0075
            ],
            [
              20.48,
              42.977978739432295
            ],
            [
              20.41,
              42.977978739432295
            ],
            [
              20.41,
              43.0075
            ]
          ]
        ]
      }
    },
    {
      "type": "Feature",
      "properties": {
        "id": "KOS-PEJ-000247",
        "parcelIndex": 247,
        "district": "Peja",
        "centroid": [
          20.445,
          42.961
        ],
        "areaHa": 2088.83,
        "shapeType": "irregular-rect",
        "landUse": "fallow",
        "cropType": "fallow",
        "isFarmland": false,
        "farmScore": 40,
        "harvestHealth": 24,
        "soilQuality": 45,
        "waterAccess": 45,
        "slopeRisk": 100,
        "confidence": 1,
        "maskValues": {
          "farmland": 0.381,
          "density": 0.446,
          "health": 0.302,
          "cropType": 0.426
        },
        "noise": {
          "seed": 918273,
          "jitter": 0.177,
          "rotation": 5.41
        },
        "labels": [
          "synthetic",
          "demo",
          "non-farmland"
        ]
      },
      "geometry": {
        "type": "Polygon",
        "coordinates": [
          [
            [
              20.41,
              42.977978739432295
            ],
            [
              20.48,
              42.977978739432295
            ],
            [
              20.48,
              42.945
            ],
            [
              20.41,
              42.945
            ],
            [
              20.41,
              42.977978739432295
            ]
          ]
        ]
      }
    },
    {
      "type": "Feature",
      "properties": {
        "id": "KOS-MIT-000248",
        "parcelIndex": 248,
        "district": "Mitrovica",
        "centroid": [
          20.515,
          42.976
        ],
        "areaHa": 3957.71,
        "shapeType": "rectangular",
        "landUse": "forest_edge",
        "cropType": "pasture",
        "isFarmland": false,
        "farmScore": 42,
        "harvestHealth": 22,
        "soilQuality": 46,
        "waterAccess": 40,
        "slopeRisk": 100,
        "confidence": 1,
        "maskValues": {
          "farmland": 0.417,
          "density": 0.386,
          "health": 0.307,
          "cropType": 0.463
        },
        "noise": {
          "seed": 918273,
          "jitter": 0.056,
          "rotation": 0.46
        },
        "labels": [
          "synthetic",
          "demo",
          "non-farmland"
        ]
      },
      "geometry": {
        "type": "Polygon",
        "coordinates": [
          [
            [
              20.48,
              43.0075
            ],
            [
              20.55,
              43.0075
            ],
            [
              20.55,
              42.945
            ],
            [
              20.48,
              42.945
            ],
            [
              20.48,
              43.0075
            ]
          ]
        ]
      }
    },
    {
      "type": "Feature",
      "properties": {
        "id": "KOS-MIT-000249",
        "parcelIndex": 249,
        "district": "Mitrovica",
        "centroid": [
          20.585,
          42.976
        ],
        "areaHa": 3957.71,
        "shapeType": "rectangular",
        "landUse": "vineyard",
        "cropType": "orchard",
        "isFarmland": true,
        "farmScore": 49,
        "harvestHealth": 27,
        "soilQuality": 45,
        "waterAccess": 36,
        "slopeRisk": 92,
        "confidence": 1,
        "maskValues": {
          "farmland": 0.468,
          "density": 0.356,
          "health": 0.342,
          "cropType": 0.507
        },
        "noise": {
          "seed": 918273,
          "jitter": 0.094,
          "rotation": 5.12
        },
        "labels": [
          "synthetic",
          "demo",
          "farmland"
        ]
      },
      "geometry": {
        "type": "Polygon",
        "coordinates": [
          [
            [
              20.55,
              43.0075
            ],
            [
              20.62,
              43.0075
            ],
            [
              20.62,
              42.945
            ],
            [
              20.55,
              42.945
            ],
            [
              20.55,
              43.0075
            ]
          ]
        ]
      }
    },
    {
      "type": "Feature",
      "properties": {
        "id": "KOS-MIT-000250",
        "parcelIndex": 250,
        "district": "Mitrovica",
        "centroid": [
          20.655,
          42.976
        ],
        "areaHa": 3957.71,
        "shapeType": "rectangular",
        "landUse": "fallow",
        "cropType": "beans",
        "isFarmland": true,
        "farmScore": 53,
        "harvestHealth": 35,
        "soilQuality": 44,
        "waterAccess": 35,
        "slopeRisk": 83,
        "confidence": 1,
        "maskValues": {
          "farmland": 0.526,
          "density": 0.351,
          "health": 0.405,
          "cropType": 0.551
        },
        "noise": {
          "seed": 918273,
          "jitter": 0.154,
          "rotation": -7.18
        },
        "labels": [
          "synthetic",
          "demo",
          "farmland"
        ]
      },
      "geometry": {
        "type": "Polygon",
        "coordinates": [
          [
            [
              20.62,
              43.0075
            ],
            [
              20.69,
              43.0075
            ],
            [
              20.69,
              42.945
            ],
            [
              20.62,
              42.945
            ],
            [
              20.62,
              43.0075
            ]
          ]
        ]
      }
    },
    {
      "type": "Feature",
      "properties": {
        "id": "KOS-MIT-000251",
        "parcelIndex": 251,
        "district": "Mitrovica",
        "centroid": [
          20.725,
          42.976
        ],
        "areaHa": 3957.71,
        "shapeType": "rectangular",
        "landUse": "farmland",
        "cropType": "orchard",
        "isFarmland": true,
        "farmScore": 56,
        "harvestHealth": 39,
        "soilQuality": 45,
        "waterAccess": 38,
        "slopeRisk": 80,
        "confidence": 1,
        "maskValues": {
          "farmland": 0.58,
          "density": 0.372,
          "health": 0.485,
          "cropType": 0.587
        },
        "noise": {
          "seed": 918273,
          "jitter": 0.161,
          "rotation": 5.64
        },
        "labels": [
          "synthetic",
          "demo",
          "farmland"
        ]
      },
      "geometry": {
        "type": "Polygon",
        "coordinates": [
          [
            [
              20.69,
              43.0075
            ],
            [
              20.76,
              43.0075
            ],
            [
              20.76,
              42.945
            ],
            [
              20.69,
              42.945
            ],
            [
              20.69,
              43.0075
            ]
          ]
        ]
      }
    },
    {
      "type": "Feature",
      "properties": {
        "id": "KOS-MIT-000252",
        "parcelIndex": 252,
        "district": "Mitrovica",
        "centroid": [
          20.795,
          42.976
        ],
        "areaHa": 3957.71,
        "shapeType": "rectangular",
        "landUse": "mixed",
        "cropType": "barley",
        "isFarmland": true,
        "farmScore": 63,
        "harvestHealth": 43,
        "soilQuality": 48,
        "waterAccess": 45,
        "slopeRisk": 82,
        "confidence": 1,
        "maskValues": {
          "farmland": 0.622,
          "density": 0.417,
          "health": 0.565,
          "cropType": 0.608
        },
        "noise": {
          "seed": 918273,
          "jitter": 0.119,
          "rotation": -6.22
        },
        "labels": [
          "synthetic",
          "demo",
          "farmland"
        ]
      },
      "geometry": {
        "type": "Polygon",
        "coordinates": [
          [
            [
              20.76,
              43.0075
            ],
            [
              20.830000000000002,
              43.0075
            ],
            [
              20.830000000000002,
              42.945
            ],
            [
              20.76,
              42.945
            ],
            [
              20.76,
              43.0075
            ]
          ]
        ]
      }
    },
    {
      "type": "Feature",
      "properties": {
        "id": "KOS-MIT-000253",
        "parcelIndex": 253,
        "district": "Mitrovica",
        "centroid": [
          20.865,
          42.976
        ],
        "areaHa": 3957.71,
        "shapeType": "rectangular",
        "landUse": "farmland",
        "cropType": "vineyard",
        "isFarmland": true,
        "farmScore": 57,
        "harvestHealth": 50,
        "soilQuality": 53,
        "waterAccess": 52,
        "slopeRisk": 87,
        "confidence": 1,
        "maskValues": {
          "farmland": 0.643,
          "density": 0.479,
          "health": 0.631,
          "cropType": 0.61
        },
        "noise": {
          "seed": 918273,
          "jitter": 0.148,
          "rotation": 1.49
        },
        "labels": [
          "synthetic",
          "demo",
          "farmland"
        ]
      },
      "geometry": {
        "type": "Polygon",
        "coordinates": [
          [
            [
              20.830000000000002,
              43.0075
            ],
            [
              20.9,
              43.0075
            ],
            [
              20.9,
              42.945
            ],
            [
              20.830000000000002,
              42.945
            ],
            [
              20.830000000000002,
              43.0075
            ]
          ]
        ]
      }
    },
    {
      "type": "Feature",
      "properties": {
        "id": "KOS-MIT-000254",
        "parcelIndex": 254,
        "district": "Mitrovica",
        "centroid": [
          20.935,
          42.993
        ],
        "areaHa": 1778.79,
        "shapeType": "irregular-rect",
        "landUse": "vineyard",
        "cropType": "orchard",
        "isFarmland": true,
        "farmScore": 59,
        "harvestHealth": 47,
        "soilQuality": 57,
        "waterAccess": 58,
        "slopeRisk": 90,
        "confidence": 1,
        "maskValues": {
          "farmland": 0.633,
          "density": 0.56,
          "health": 0.662,
          "cropType": 0.584
        },
        "noise": {
          "seed": 918273,
          "jitter": 0.032,
          "rotation": 1.8
        },
        "labels": [
          "synthetic",
          "demo",
          "farmland"
        ]
      },
      "geometry": {
        "type": "Polygon",
        "coordinates": [
          [
            [
              20.9,
              43.0075
            ],
            [
              20.97,
              43.0075
            ],
            [
              20.97,
              42.97940166536893
            ],
            [
              20.9,
              42.97940166536893
            ],
            [
              20.9,
              43.0075
            ]
          ]
        ]
      }
    },
    {
      "type": "Feature",
      "properties": {
        "id": "KOS-MIT-000255",
        "parcelIndex": 255,
        "district": "Mitrovica",
        "centroid": [
          20.935,
          42.962
        ],
        "areaHa": 2178.93,
        "shapeType": "irregular-rect",
        "landUse": "farmland",
        "cropType": "potato",
        "isFarmland": true,
        "farmScore": 64,
        "harvestHealth": 56,
        "soilQuality": 59,
        "waterAccess": 58,
        "slopeRisk": 91,
        "confidence": 1,
        "maskValues": {
          "farmland": 0.642,
          "density": 0.537,
          "health": 0.678,
          "cropType": 0.597
        },
        "noise": {
          "seed": 918273,
          "jitter": 0.156,
          "rotation": 4.7
        },
        "labels": [
          "synthetic",
          "demo",
          "farmland"
        ]
      },
      "geometry": {
        "type": "Polygon",
        "coordinates": [
          [
            [
              20.9,
              42.97940166536893
            ],
            [
              20.97,
              42.97940166536893
            ],
            [
              20.97,
              42.945
            ],
            [
              20.9,
              42.945
            ],
            [
              20.9,
              42.97940166536893
            ]
          ]
        ]
      }
    },
    {
      "type": "Feature",
      "properties": {
        "id": "KOS-MIT-000256",
        "parcelIndex": 256,
        "district": "Mitrovica",
        "centroid": [
          21.005,
          42.989
        ],
        "areaHa": 2344.05,
        "shapeType": "irregular-rect",
        "landUse": "farmland",
        "cropType": "vineyard",
        "isFarmland": true,
        "farmScore": 56,
        "harvestHealth": 47,
        "soilQuality": 61,
        "waterAccess": 62,
        "slopeRisk": 91,
        "confidence": 1,
        "maskValues": {
          "farmland": 0.605,
          "density": 0.621,
          "health": 0.67,
          "cropType": 0.552
        },
        "noise": {
          "seed": 918273,
          "jitter": 0.037,
          "rotation": 6.04
        },
        "labels": [
          "synthetic",
          "demo",
          "farmland"
        ]
      },
      "geometry": {
        "type": "Polygon",
        "coordinates": [
          [
            [
              20.97,
              43.0075
            ],
            [
              21.04,
              43.0075
            ],
            [
              21.04,
              42.97047526821145
            ],
            [
              20.97,
              42.97047526821145
            ],
            [
              20.97,
              43.0075
            ]
          ]
        ]
      }
    },
    {
      "type": "Feature",
      "properties": {
        "id": "KOS-MIT-000257",
        "parcelIndex": 257,
        "district": "Mitrovica",
        "centroid": [
          21.005,
          42.958
        ],
        "areaHa": 1613.67,
        "shapeType": "irregular-rect",
        "landUse": "fallow",
        "cropType": "orchard",
        "isFarmland": true,
        "farmScore": 57,
        "harvestHealth": 50,
        "soilQuality": 63,
        "waterAccess": 61,
        "slopeRisk": 90,
        "confidence": 1,
        "maskValues": {
          "farmland": 0.613,
          "density": 0.591,
          "health": 0.693,
          "cropType": 0.56
        },
        "noise": {
          "seed": 918273,
          "jitter": 0.033,
          "rotation": -6.31
        },
        "labels": [
          "synthetic",
          "demo",
          "farmland"
        ]
      },
      "geometry": {
        "type": "Polygon",
        "coordinates": [
          [
            [
              20.97,
              42.97047526821145
            ],
            [
              21.04,
              42.97047526821145
            ],
            [
              21.04,
              42.945
            ],
            [
              20.97,
              42.945
            ],
            [
              20.97,
              42.97047526821145
            ]
          ]
        ]
      }
    },
    {
      "type": "Feature",
      "properties": {
        "id": "KOS-PDJ-000258",
        "parcelIndex": 258,
        "district": "Podujeva",
        "centroid": [
          21.075,
          42.989
        ],
        "areaHa": 2299.93,
        "shapeType": "irregular-rect",
        "landUse": "farmland",
        "cropType": "wheat",
        "isFarmland": true,
        "farmScore": 58,
        "harvestHealth": 54,
        "soilQuality": 61,
        "waterAccess": 63,
        "slopeRisk": 91,
        "confidence": 1,
        "maskValues": {
          "farmland": 0.555,
          "density": 0.666,
          "health": 0.644,
          "cropType": 0.507
        },
        "noise": {
          "seed": 918273,
          "jitter": 0.159,
          "rotation": -0.79
        },
        "labels": [
          "synthetic",
          "demo",
          "farmland"
        ]
      },
      "geometry": {
        "type": "Polygon",
        "coordinates": [
          [
            [
              21.04,
              43.0075
            ],
            [
              21.11,
              43.0075
            ],
            [
              21.11,
              42.971171881103075
            ],
            [
              21.04,
              42.971171881103075
            ],
            [
              21.04,
              43.0075
            ]
          ]
        ]
      }
    },
    {
      "type": "Feature",
      "properties": {
        "id": "KOS-PDJ-000259",
        "parcelIndex": 259,
        "district": "Podujeva",
        "centroid": [
          21.075,
          42.958
        ],
        "areaHa": 1657.78,
        "shapeType": "irregular-rect",
        "landUse": "fallow",
        "cropType": "pasture",
        "isFarmland": false,
        "farmScore": 53,
        "harvestHealth": 49,
        "soilQuality": 61,
        "waterAccess": 61,
        "slopeRisk": 88,
        "confidence": 1,
        "maskValues": {
          "farmland": 0.562,
          "density": 0.635,
          "health": 0.672,
          "cropType": 0.51
        },
        "noise": {
          "seed": 918273,
          "jitter": 0.12,
          "rotation": 5.01
        },
        "labels": [
          "synthetic",
          "demo",
          "non-farmland"
        ]
      },
      "geometry": {
        "type": "Polygon",
        "coordinates": [
          [
            [
              21.04,
              42.971171881103075
            ],
            [
              21.11,
              42.971171881103075
            ],
            [
              21.11,
              42.945
            ],
            [
              21.04,
              42.945
            ],
            [
              21.04,
              42.971171881103075
            ]
          ]
        ]
      }
    },
    {
      "type": "Feature",
      "properties": {
        "id": "KOS-PDJ-000260",
        "parcelIndex": 260,
        "district": "Podujeva",
        "centroid": [
          21.145,
          42.993
        ],
        "areaHa": 1838.1,
        "shapeType": "irregular-rect",
        "landUse": "pasture",
        "cropType": "mixed",
        "isFarmland": false,
        "farmScore": 53,
        "harvestHealth": 49,
        "soilQuality": 57,
        "waterAccess": 62,
        "slopeRisk": 91,
        "confidence": 1,
        "maskValues": {
          "farmland": 0.491,
          "density": 0.684,
          "health": 0.59,
          "cropType": 0.458
        },
        "noise": {
          "seed": 918273,
          "jitter": 0.13,
          "rotation": -2.5
        },
        "labels": [
          "synthetic",
          "demo",
          "non-farmland"
        ]
      },
      "geometry": {
        "type": "Polygon",
        "coordinates": [
          [
            [
              21.11,
              43.0075
            ],
            [
              21.18,
              43.0075
            ],
            [
              21.18,
              42.97846488916723
            ],
            [
              21.11,
              42.97846488916723
            ],
            [
              21.11,
              43.0075
            ]
          ]
        ]
      }
    },
    {
      "type": "Feature",
      "properties": {
        "id": "KOS-PDJ-000261",
        "parcelIndex": 261,
        "district": "Podujeva",
        "centroid": [
          21.145,
          42.962
        ],
        "areaHa": 2119.61,
        "shapeType": "irregular-rect",
        "landUse": "forest_edge",
        "cropType": "pasture",
        "isFarmland": false,
        "farmScore": 47,
        "harvestHealth": 49,
        "soilQuality": 57,
        "waterAccess": 60,
        "slopeRisk": 89,
        "confidence": 1,
        "maskValues": {
          "farmland": 0.497,
          "density": 0.658,
          "health": 0.617,
          "cropType": 0.456
        },
        "noise": {
          "seed": 918273,
          "jitter": 0.081,
          "rotation": -1.71
        },
        "labels": [
          "synthetic",
          "demo",
          "non-farmland"
        ]
      },
      "geometry": {
        "type": "Polygon",
        "coordinates": [
          [
            [
              21.11,
              42.97846488916723
            ],
            [
              21.18,
              42.97846488916723
            ],
            [
              21.18,
              42.945
            ],
            [
              21.11,
              42.945
            ],
            [
              21.11,
              42.97846488916723
            ]
          ]
        ]
      }
    },
    {
      "type": "Feature",
      "properties": {
        "id": "KOS-PDJ-000262",
        "parcelIndex": 262,
        "district": "Podujeva",
        "centroid": [
          21.215,
          42.976
        ],
        "areaHa": 3957.71,
        "shapeType": "rectangular",
        "landUse": "mixed",
        "cropType": "barley",
        "isFarmland": true,
        "farmScore": 47,
        "harvestHealth": 44,
        "soilQuality": 51,
        "waterAccess": 59,
        "slopeRisk": 94,
        "confidence": 1,
        "maskValues": {
          "farmland": 0.429,
          "density": 0.656,
          "health": 0.536,
          "cropType": 0.412
        },
        "noise": {
          "seed": 918273,
          "jitter": 0.15,
          "rotation": 5.34
        },
        "labels": [
          "synthetic",
          "demo",
          "farmland"
        ]
      },
      "geometry": {
        "type": "Polygon",
        "coordinates": [
          [
            [
              21.18,
              43.0075
            ],
            [
              21.25,
              43.0075
            ],
            [
              21.25,
              42.945
            ],
            [
              21.18,
              42.945
            ],
            [
              21.18,
              43.0075
            ]
          ]
        ]
      }
    },
    {
      "type": "Feature",
      "properties": {
        "id": "KOS-PDJ-000263",
        "parcelIndex": 263,
        "district": "Podujeva",
        "centroid": [
          21.285,
          42.99
        ],
        "areaHa": 2213.52,
        "shapeType": "irregular-rect",
        "landUse": "farmland",
        "cropType": "wheat",
        "isFarmland": true,
        "farmScore": 37,
        "harvestHealth": 32,
        "soilQuality": 46,
        "waterAccess": 56,
        "slopeRisk": 100,
        "confidence": 1,
        "maskValues": {
          "farmland": 0.378,
          "density": 0.612,
          "health": 0.46,
          "cropType": 0.388
        },
        "noise": {
          "seed": 918273,
          "jitter": 0.101,
          "rotation": 4.03
        },
        "labels": [
          "synthetic",
          "demo",
          "farmland"
        ]
      },
      "geometry": {
        "type": "Polygon",
        "coordinates": [
          [
            [
              21.25,
              43.0075
            ],
            [
              21.32,
              43.0075
            ],
            [
              21.32,
              42.972536360811795
            ],
            [
              21.25,
              42.972536360811795
            ],
            [
              21.25,
              43.0075
            ]
          ]
        ]
      }
    },
    {
      "type": "Feature",
      "properties": {
        "id": "KOS-PDJ-000264",
        "parcelIndex": 264,
        "district": "Podujeva",
        "centroid": [
          21.285,
          42.959
        ],
        "areaHa": 1744.19,
        "shapeType": "irregular-rect",
        "landUse": "forest_edge",
        "cropType": "pasture",
        "isFarmland": false,
        "farmScore": 42,
        "harvestHealth": 40,
        "soilQuality": 45,
        "waterAccess": 56,
        "slopeRisk": 100,
        "confidence": 1,
        "maskValues": {
          "farmland": 0.375,
          "density": 0.608,
          "health": 0.469,
          "cropType": 0.375
        },
        "noise": {
          "seed": 918273,
          "jitter": 0.126,
          "rotation": -0.79
        },
        "labels": [
          "synthetic",
          "demo",
          "non-farmland"
        ]
      },
      "geometry": {
        "type": "Polygon",
        "coordinates": [
          [
            [
              21.25,
              42.972536360811795
            ],
            [
              21.32,
              42.972536360811795
            ],
            [
              21.32,
              42.945
            ],
            [
              21.25,
              42.945
            ],
            [
              21.25,
              42.972536360811795
            ]
          ]
        ]
      }
    },
    {
      "type": "Feature",
      "properties": {
        "id": "KOS-PDJ-000265",
        "parcelIndex": 265,
        "district": "Podujeva",
        "centroid": [
          21.355,
          42.976
        ],
        "areaHa": 3957.71,
        "shapeType": "rectangular",
        "landUse": "fallow",
        "cropType": "vineyard",
        "isFarmland": true,
        "farmScore": 35,
        "harvestHealth": 28,
        "soilQuality": 43,
        "waterAccess": 53,
        "slopeRisk": 100,
        "confidence": 1,
        "maskValues": {
          "farmland": 0.344,
          "density": 0.544,
          "health": 0.399,
          "cropType": 0.374
        },
        "noise": {
          "seed": 918273,
          "jitter": 0.073,
          "rotation": -7.09
        },
        "labels": [
          "synthetic",
          "demo",
          "farmland"
        ]
      },
      "geometry": {
        "type": "Polygon",
        "coordinates": [
          [
            [
              21.32,
              43.0075
            ],
            [
              21.39,
              43.0075
            ],
            [
              21.39,
              42.945
            ],
            [
              21.32,
              42.945
            ],
            [
              21.32,
              43.0075
            ]
          ]
        ]
      }
    },
    {
      "type": "Feature",
      "properties": {
        "id": "KOS-PDJ-000266",
        "parcelIndex": 266,
        "district": "Podujeva",
        "centroid": [
          21.425,
          42.992
        ],
        "areaHa": 1982,
        "shapeType": "irregular-rect",
        "landUse": "farmland",
        "cropType": "corn",
        "isFarmland": true,
        "farmScore": 37,
        "harvestHealth": 25,
        "soilQuality": 44,
        "waterAccess": 48,
        "slopeRisk": 100,
        "confidence": 1,
        "maskValues": {
          "farmland": 0.348,
          "density": 0.457,
          "health": 0.362,
          "cropType": 0.399
        },
        "noise": {
          "seed": 918273,
          "jitter": 0.166,
          "rotation": -5.55
        },
        "labels": [
          "synthetic",
          "demo",
          "farmland"
        ]
      },
      "geometry": {
        "type": "Polygon",
        "coordinates": [
          [
            [
              21.39,
              43.0075
            ],
            [
              21.46,
              43.0075
            ],
            [
              21.46,
              42.976192482681945
            ],
            [
              21.39,
              42.976192482681945
            ],
            [
              21.39,
              43.0075
            ]
          ]
        ]
      }
    },
    {
      "type": "Feature",
      "properties": {
        "id": "KOS-PDJ-000267",
        "parcelIndex": 267,
        "district": "Podujeva",
        "centroid": [
          21.425,
          42.961
        ],
        "areaHa": 1975.72,
        "shapeType": "irregular-rect",
        "landUse": "pasture",
        "cropType": "fallow",
        "isFarmland": false,
        "farmScore": 40,
        "harvestHealth": 30,
        "soilQuality": 43,
        "waterAccess": 49,
        "slopeRisk": 100,
        "confidence": 1,
        "maskValues": {
          "farmland": 0.337,
          "density": 0.478,
          "health": 0.346,
          "cropType": 0.382
        },
        "noise": {
          "seed": 918273,
          "jitter": 0.058,
          "rotation": -4.45
        },
        "labels": [
          "synthetic",
          "demo",
          "non-farmland"
        ]
      },
      "geometry": {
        "type": "Polygon",
        "coordinates": [
          [
            [
              21.39,
              42.976192482681945
            ],
            [
              21.46,
              42.976192482681945
            ],
            [
              21.46,
              42.945
            ],
            [
              21.39,
              42.945
            ],
            [
              21.39,
              42.976192482681945
            ]
          ]
        ]
      }
    },
    {
      "type": "Feature",
      "properties": {
        "id": "KOS-PDJ-000268",
        "parcelIndex": 268,
        "district": "Podujeva",
        "centroid": [
          21.495,
          42.992
        ],
        "areaHa": 2016.87,
        "shapeType": "irregular-rect",
        "landUse": "farmland",
        "cropType": "barley",
        "isFarmland": true,
        "farmScore": 36,
        "harvestHealth": 30,
        "soilQuality": 46,
        "waterAccess": 43,
        "slopeRisk": 100,
        "confidence": 1,
        "maskValues": {
          "farmland": 0.376,
          "density": 0.381,
          "health": 0.349,
          "cropType": 0.436
        },
        "noise": {
          "seed": 918273,
          "jitter": 0.118,
          "rotation": 7.4
        },
        "labels": [
          "synthetic",
          "demo",
          "farmland"
        ]
      },
      "geometry": {
        "type": "Polygon",
        "coordinates": [
          [
            [
              21.46,
              43.0075
            ],
            [
              21.53,
              43.0075
            ],
            [
              21.53,
              42.975641723077864
            ],
            [
              21.46,
              42.975641723077864
            ],
            [
              21.46,
              43.0075
            ]
          ]
        ]
      }
    },
    {
      "type": "Feature",
      "properties": {
        "id": "KOS-PDJ-000269",
        "parcelIndex": 269,
        "district": "Podujeva",
        "centroid": [
          21.495,
          42.96
        ],
        "areaHa": 1940.84,
        "shapeType": "irregular-rect",
        "landUse": "fallow",
        "cropType": "fallow",
        "isFarmland": false,
        "farmScore": 40,
        "harvestHealth": 29,
        "soilQuality": 45,
        "waterAccess": 43,
        "slopeRisk": 100,
        "confidence": 1,
        "maskValues": {
          "farmland": 0.363,
          "density": 0.411,
          "health": 0.324,
          "cropType": 0.421
        },
        "noise": {
          "seed": 918273,
          "jitter": 0.064,
          "rotation": -0.52
        },
        "labels": [
          "synthetic",
          "demo",
          "non-farmland"
        ]
      },
      "geometry": {
        "type": "Polygon",
        "coordinates": [
          [
            [
              21.46,
              42.975641723077864
            ],
            [
              21.53,
              42.975641723077864
            ],
            [
              21.53,
              42.945
            ],
            [
              21.46,
              42.945
            ],
            [
              21.46,
              42.975641723077864
            ]
          ]
        ]
      }
    },
    {
      "type": "Feature",
      "properties": {
        "id": "KOS-PDJ-000270",
        "parcelIndex": 270,
        "district": "Podujeva",
        "centroid": [
          21.551,
          42.995
        ],
        "areaHa": 979.56,
        "shapeType": "irregular-rect",
        "landUse": "fallow",
        "cropType": "mixed",
        "isFarmland": false,
        "farmScore": 40,
        "harvestHealth": 29,
        "soilQuality": 48,
        "waterAccess": 39,
        "slopeRisk": 100,
        "confidence": 0.931,
        "maskValues": {
          "farmland": 0.419,
          "density": 0.333,
          "health": 0.36,
          "cropType": 0.477
        },
        "noise": {
          "seed": 918273,
          "jitter": 0.164,
          "rotation": 5.56
        },
        "labels": [
          "synthetic",
          "demo",
          "non-farmland"
        ]
      },
      "geometry": {
        "type": "Polygon",
        "coordinates": [
          [
            [
              21.53,
              43.0075
            ],
            [
              21.56203846153846,
              43.0075
            ],
            [
              21.58157073790716,
              42.98158983747009
            ],
            [
              21.53,
              42.98158983747009
            ],
            [
              21.53,
              43.0075
            ]
          ]
        ]
      }
    },
    {
      "type": "Feature",
      "properties": {
        "id": "KOS-PDJ-000271",
        "parcelIndex": 271,
        "district": "Podujeva",
        "centroid": [
          21.568,
          42.962
        ],
        "areaHa": 2113.68,
        "shapeType": "irregular-rect",
        "landUse": "forest_edge",
        "cropType": "pasture",
        "isFarmland": false,
        "farmScore": 41,
        "harvestHealth": 30,
        "soilQuality": 47,
        "waterAccess": 38,
        "slopeRisk": 100,
        "confidence": 0.968,
        "maskValues": {
          "farmland": 0.419,
          "density": 0.354,
          "health": 0.336,
          "cropType": 0.48
        },
        "noise": {
          "seed": 918273,
          "jitter": 0.121,
          "rotation": 4.15
        },
        "labels": [
          "synthetic",
          "demo",
          "non-farmland"
        ]
      },
      "geometry": {
        "type": "Polygon",
        "coordinates": [
          [
            [
              21.53,
              42.98158983747009
            ],
            [
              21.58157073790716,
              42.98158983747009
            ],
            [
              21.6,
              42.957142857142856
            ],
            [
              21.6,
              42.945
            ],
            [
              21.53,
              42.945
            ],
            [
              21.53,
              42.98158983747009
            ]
          ]
        ]
      }
    },
    {
      "type": "Feature",
      "properties": {
        "id": "KOS-PDJ-000272",
        "parcelIndex": 272,
        "district": "Podujeva",
        "centroid": [
          21.603,
          42.949
        ],
        "areaHa": 50.3,
        "shapeType": "irregular-rect",
        "landUse": "fallow",
        "cropType": "pasture",
        "isFarmland": false,
        "farmScore": 46,
        "harvestHealth": 23,
        "soilQuality": 47,
        "waterAccess": 36,
        "slopeRisk": 95,
        "confidence": 0.821,
        "maskValues": {
          "farmland": 0.449,
          "density": 0.352,
          "health": 0.343,
          "cropType": 0.507
        },
        "noise": {
          "seed": 918273,
          "jitter": 0.119,
          "rotation": -5.69
        },
        "labels": [
          "synthetic",
          "demo",
          "non-farmland"
        ]
      },
      "geometry": {
        "type": "Polygon",
        "coordinates": [
          [
            [
              21.6,
              42.957142857142856
            ],
            [
              21.609153846153845,
              42.945
            ],
            [
              21.6,
              42.945
            ],
            [
              21.6,
              42.957142857142856
            ]
          ]
        ]
      }
    },
    {
      "type": "Feature",
      "properties": {
        "id": "KOS-PEJ-000282",
        "parcelIndex": 282,
        "district": "Peja",
        "centroid": [
          20.103,
          42.914
        ],
        "areaHa": 3048.33,
        "shapeType": "rectangular",
        "landUse": "farmland",
        "cropType": "vegetables",
        "isFarmland": true,
        "farmScore": 45,
        "harvestHealth": 54,
        "soilQuality": 55,
        "waterAccess": 56,
        "slopeRisk": 87,
        "confidence": 0.992,
        "maskValues": {
          "farmland": 0.482,
          "density": 0.573,
          "health": 0.673,
          "cropType": 0.451
        },
        "noise": {
          "seed": 918273,
          "jitter": 0.104,
          "rotation": -3.07
        },
        "labels": [
          "synthetic",
          "demo",
          "farmland"
        ]
      },
      "geometry": {
        "type": "Polygon",
        "coordinates": [
          [
            [
              20.07127777777778,
              42.8825
            ],
            [
              20.081,
              42.945
            ],
            [
              20.130000000000003,
              42.945
            ],
            [
              20.130000000000003,
              42.8825
            ],
            [
              20.07127777777778,
              42.8825
            ]
          ]
        ]
      }
    },
    {
      "type": "Feature",
      "properties": {
        "id": "KOS-PEJ-000283",
        "parcelIndex": 283,
        "district": "Peja",
        "centroid": [
          20.165,
          42.914
        ],
        "areaHa": 3961.73,
        "shapeType": "rectangular",
        "landUse": "fallow",
        "cropType": "pasture",
        "isFarmland": false,
        "farmScore": 50,
        "harvestHealth": 42,
        "soilQuality": 50,
        "waterAccess": 56,
        "slopeRisk": 95,
        "confidence": 1,
        "maskValues": {
          "farmland": 0.44,
          "density": 0.572,
          "health": 0.609,
          "cropType": 0.421
        },
        "noise": {
          "seed": 918273,
          "jitter": 0.066,
          "rotation": -4.91
        },
        "labels": [
          "synthetic",
          "demo",
          "non-farmland"
        ]
      },
      "geometry": {
        "type": "Polygon",
        "coordinates": [
          [
            [
              20.130000000000003,
              42.945
            ],
            [
              20.200000000000003,
              42.945
            ],
            [
              20.200000000000003,
              42.8825
            ],
            [
              20.130000000000003,
              42.8825
            ],
            [
              20.130000000000003,
              42.945
            ]
          ]
        ]
      }
    },
    {
      "type": "Feature",
      "properties": {
        "id": "KOS-PEJ-000284",
        "parcelIndex": 284,
        "district": "Peja",
        "centroid": [
          20.235,
          42.927
        ],
        "areaHa": 2321.57,
        "shapeType": "irregular-rect",
        "landUse": "farmland",
        "cropType": "wheat",
        "isFarmland": true,
        "farmScore": 40,
        "harvestHealth": 41,
        "soilQuality": 47,
        "waterAccess": 56,
        "slopeRisk": 100,
        "confidence": 1,
        "maskValues": {
          "farmland": 0.402,
          "density": 0.568,
          "health": 0.51,
          "cropType": 0.403
        },
        "noise": {
          "seed": 918273,
          "jitter": 0.022,
          "rotation": 5.82
        },
        "labels": [
          "synthetic",
          "demo",
          "farmland"
        ]
      },
      "geometry": {
        "type": "Polygon",
        "coordinates": [
          [
            [
              20.200000000000003,
              42.945
            ],
            [
              20.27,
              42.945
            ],
            [
              20.27,
              42.90836735570803
            ],
            [
              20.200000000000003,
              42.90836735570803
            ],
            [
              20.200000000000003,
              42.945
            ]
          ]
        ]
      }
    },
    {
      "type": "Feature",
      "properties": {
        "id": "KOS-PEJ-000285",
        "parcelIndex": 285,
        "district": "Peja",
        "centroid": [
          20.235,
          42.895
        ],
        "areaHa": 1640.16,
        "shapeType": "irregular-rect",
        "landUse": "vineyard",
        "cropType": "orchard",
        "isFarmland": true,
        "farmScore": 43,
        "harvestHealth": 39,
        "soilQuality": 48,
        "waterAccess": 55,
        "slopeRisk": 100,
        "confidence": 1,
        "maskValues": {
          "farmland": 0.399,
          "density": 0.546,
          "health": 0.529,
          "cropType": 0.394
        },
        "noise": {
          "seed": 918273,
          "jitter": 0.132,
          "rotation": 7.24
        },
        "labels": [
          "synthetic",
          "demo",
          "farmland"
        ]
      },
      "geometry": {
        "type": "Polygon",
        "coordinates": [
          [
            [
              20.200000000000003,
              42.90836735570803
            ],
            [
              20.27,
              42.90836735570803
            ],
            [
              20.27,
              42.8825
            ],
            [
              20.200000000000003,
              42.8825
            ],
            [
              20.200000000000003,
              42.90836735570803
            ]
          ]
        ]
      }
    },
    {
      "type": "Feature",
      "properties": {
        "id": "KOS-PEJ-000286",
        "parcelIndex": 286,
        "district": "Peja",
        "centroid": [
          20.305,
          42.929
        ],
        "areaHa": 2084.88,
        "shapeType": "irregular-rect",
        "landUse": "mixed",
        "cropType": "fallow",
        "isFarmland": false,
        "farmScore": 44,
        "harvestHealth": 32,
        "soilQuality": 45,
        "waterAccess": 54,
        "slopeRisk": 100,
        "confidence": 1,
        "maskValues": {
          "farmland": 0.377,
          "density": 0.538,
          "health": 0.415,
          "cropType": 0.396
        },
        "noise": {
          "seed": 918273,
          "jitter": 0.059,
          "rotation": 7.13
        },
        "labels": [
          "synthetic",
          "demo",
          "non-farmland"
        ]
      },
      "geometry": {
        "type": "Polygon",
        "coordinates": [
          [
            [
              20.27,
              42.945
            ],
            [
              20.34,
              42.945
            ],
            [
              20.34,
              42.91210126013495
            ],
            [
              20.27,
              42.91210126013495
            ],
            [
              20.27,
              42.945
            ]
          ]
        ]
      }
    },
    {
      "type": "Feature",
      "properties": {
        "id": "KOS-PEJ-000287",
        "parcelIndex": 287,
        "district": "Peja",
        "centroid": [
          20.305,
          42.897
        ],
        "areaHa": 1876.86,
        "shapeType": "irregular-rect",
        "landUse": "pasture",
        "cropType": "pasture",
        "isFarmland": false,
        "farmScore": 44,
        "harvestHealth": 33,
        "soilQuality": 47,
        "waterAccess": 53,
        "slopeRisk": 100,
        "confidence": 1,
        "maskValues": {
          "farmland": 0.378,
          "density": 0.531,
          "health": 0.432,
          "cropType": 0.392
        },
        "noise": {
          "seed": 918273,
          "jitter": 0.092,
          "rotation": 4.06
        },
        "labels": [
          "synthetic",
          "demo",
          "non-farmland"
        ]
      },
      "geometry": {
        "type": "Polygon",
        "coordinates": [
          [
            [
              20.27,
              42.91210126013495
            ],
            [
              20.34,
              42.91210126013495
            ],
            [
              20.34,
              42.8825
            ],
            [
              20.27,
              42.8825
            ],
            [
              20.27,
              42.91210126013495
            ]
          ]
        ]
      }
    },
    {
      "type": "Feature",
      "properties": {
        "id": "KOS-PEJ-000288",
        "parcelIndex": 288,
        "district": "Peja",
        "centroid": [
          20.375,
          42.929
        ],
        "areaHa": 1994.14,
        "shapeType": "irregular-rect",
        "landUse": "fallow",
        "cropType": "pasture",
        "isFarmland": false,
        "farmScore": 35,
        "harvestHealth": 30,
        "soilQuality": 45,
        "waterAccess": 50,
        "slopeRisk": 100,
        "confidence": 1,
        "maskValues": {
          "farmland": 0.373,
          "density": 0.499,
          "health": 0.338,
          "cropType": 0.407
        },
        "noise": {
          "seed": 918273,
          "jitter": 0.09,
          "rotation": 1.84
        },
        "labels": [
          "synthetic",
          "demo",
          "non-farmland"
        ]
      },
      "geometry": {
        "type": "Polygon",
        "coordinates": [
          [
            [
              20.34,
              42.945
            ],
            [
              20.41,
              42.945
            ],
            [
              20.41,
              42.91353276016191
            ],
            [
              20.34,
              42.91353276016191
            ],
            [
              20.34,
              42.945
            ]
          ]
        ]
      }
    },
    {
      "type": "Feature",
      "properties": {
        "id": "KOS-PEJ-000289",
        "parcelIndex": 289,
        "district": "Peja",
        "centroid": [
          20.375,
          42.898
        ],
        "areaHa": 1967.6,
        "shapeType": "irregular-rect",
        "landUse": "forest_edge",
        "cropType": "pasture",
        "isFarmland": false,
        "farmScore": 45,
        "harvestHealth": 26,
        "soilQuality": 46,
        "waterAccess": 49,
        "slopeRisk": 100,
        "confidence": 1,
        "maskValues": {
          "farmland": 0.377,
          "density": 0.508,
          "health": 0.349,
          "cropType": 0.408
        },
        "noise": {
          "seed": 918273,
          "jitter": 0.106,
          "rotation": 5.9
        },
        "labels": [
          "synthetic",
          "demo",
          "non-farmland"
        ]
      },
      "geometry": {
        "type": "Polygon",
        "coordinates": [
          [
            [
              20.34,
              42.91353276016191
            ],
            [
              20.41,
              42.91353276016191
            ],
            [
              20.41,
              42.8825
            ],
            [
              20.34,
              42.8825
            ],
            [
              20.34,
              42.91353276016191
            ]
          ]
        ]
      }
    },
    {
      "type": "Feature",
      "properties": {
        "id": "KOS-PEJ-000290",
        "parcelIndex": 290,
        "district": "Peja",
        "centroid": [
          20.445,
          42.931
        ],
        "areaHa": 1796.74,
        "shapeType": "irregular-rect",
        "landUse": "fallow",
        "cropType": "mixed",
        "isFarmland": false,
        "farmScore": 39,
        "harvestHealth": 20,
        "soilQuality": 45,
        "waterAccess": 45,
        "slopeRisk": 100,
        "confidence": 1,
        "maskValues": {
          "farmland": 0.391,
          "density": 0.457,
          "health": 0.292,
          "cropType": 0.434
        },
        "noise": {
          "seed": 918273,
          "jitter": 0.084,
          "rotation": 0.78
        },
        "labels": [
          "synthetic",
          "demo",
          "non-farmland"
        ]
      },
      "geometry": {
        "type": "Polygon",
        "coordinates": [
          [
            [
              20.41,
              42.945
            ],
            [
              20.48,
              42.945
            ],
            [
              20.48,
              42.91664686046308
            ],
            [
              20.41,
              42.91664686046308
            ],
            [
              20.41,
              42.945
            ]
          ]
        ]
      }
    },
    {
      "type": "Feature",
      "properties": {
        "id": "KOS-PEJ-000291",
        "parcelIndex": 291,
        "district": "Peja",
        "centroid": [
          20.445,
          42.9
        ],
        "areaHa": 2164.99,
        "shapeType": "irregular-rect",
        "landUse": "mixed",
        "cropType": "vineyard",
        "isFarmland": true,
        "farmScore": 37,
        "harvestHealth": 26,
        "soilQuality": 45,
        "waterAccess": 44,
        "slopeRisk": 100,
        "confidence": 1,
        "maskValues": {
          "farmland": 0.397,
          "density": 0.481,
          "health": 0.294,
          "cropType": 0.439
        },
        "noise": {
          "seed": 918273,
          "jitter": 0.025,
          "rotation": 5.03
        },
        "labels": [
          "synthetic",
          "demo",
          "farmland"
        ]
      },
      "geometry": {
        "type": "Polygon",
        "coordinates": [
          [
            [
              20.41,
              42.91664686046308
            ],
            [
              20.48,
              42.91664686046308
            ],
            [
              20.48,
              42.8825
            ],
            [
              20.41,
              42.8825
            ],
            [
              20.41,
              42.91664686046308
            ]
          ]
        ]
      }
    },
    {
      "type": "Feature",
      "properties": {
        "id": "KOS-PEJ-000292",
        "parcelIndex": 292,
        "district": "Peja",
        "centroid": [
          20.515,
          42.914
        ],
        "areaHa": 3961.73,
        "shapeType": "rectangular",
        "landUse": "orchard",
        "cropType": "barley",
        "isFarmland": true,
        "farmScore": 43,
        "harvestHealth": 26,
        "soilQuality": 43,
        "waterAccess": 40,
        "slopeRisk": 96,
        "confidence": 1,
        "maskValues": {
          "farmland": 0.431,
          "density": 0.44,
          "health": 0.28,
          "cropType": 0.478
        },
        "noise": {
          "seed": 918273,
          "jitter": 0.11,
          "rotation": 0.1
        },
        "labels": [
          "synthetic",
          "demo",
          "farmland"
        ]
      },
      "geometry": {
        "type": "Polygon",
        "coordinates": [
          [
            [
              20.48,
              42.945
            ],
            [
              20.55,
              42.945
            ],
            [
              20.55,
              42.8825
            ],
            [
              20.48,
              42.8825
            ],
            [
              20.48,
              42.945
            ]
          ]
        ]
      }
    },
    {
      "type": "Feature",
      "properties": {
        "id": "KOS-MIT-000293",
        "parcelIndex": 293,
        "district": "Mitrovica",
        "centroid": [
          20.585,
          42.914
        ],
        "areaHa": 3961.73,
        "shapeType": "rectangular",
        "landUse": "forest_edge",
        "cropType": "pasture",
        "isFarmland": false,
        "farmScore": 48,
        "harvestHealth": 25,
        "soilQuality": 41,
        "waterAccess": 38,
        "slopeRisk": 89,
        "confidence": 1,
        "maskValues": {
          "farmland": 0.482,
          "density": 0.418,
          "health": 0.31,
          "cropType": 0.524
        },
        "noise": {
          "seed": 918273,
          "jitter": 0.022,
          "rotation": -1.34
        },
        "labels": [
          "synthetic",
          "demo",
          "non-farmland"
        ]
      },
      "geometry": {
        "type": "Polygon",
        "coordinates": [
          [
            [
              20.55,
              42.945
            ],
            [
              20.62,
              42.945
            ],
            [
              20.62,
              42.8825
            ],
            [
              20.55,
              42.8825
            ],
            [
              20.55,
              42.945
            ]
          ]
        ]
      }
    },
    {
      "type": "Feature",
      "properties": {
        "id": "KOS-MIT-000294",
        "parcelIndex": 294,
        "district": "Mitrovica",
        "centroid": [
          20.655,
          42.914
        ],
        "areaHa": 3961.73,
        "shapeType": "rectangular",
        "landUse": "forest_edge",
        "cropType": "fallow",
        "isFarmland": false,
        "farmScore": 50,
        "harvestHealth": 35,
        "soilQuality": 41,
        "waterAccess": 39,
        "slopeRisk": 86,
        "confidence": 1,
        "maskValues": {
          "farmland": 0.536,
          "density": 0.409,
          "health": 0.375,
          "cropType": 0.568
        },
        "noise": {
          "seed": 918273,
          "jitter": 0.1,
          "rotation": 6.28
        },
        "labels": [
          "synthetic",
          "demo",
          "non-farmland"
        ]
      },
      "geometry": {
        "type": "Polygon",
        "coordinates": [
          [
            [
              20.62,
              42.945
            ],
            [
              20.69,
              42.945
            ],
            [
              20.69,
              42.8825
            ],
            [
              20.62,
              42.8825
            ],
            [
              20.62,
              42.945
            ]
          ]
        ]
      }
    },
    {
      "type": "Feature",
      "properties": {
        "id": "KOS-MIT-000295",
        "parcelIndex": 295,
        "district": "Mitrovica",
        "centroid": [
          20.725,
          42.914
        ],
        "areaHa": 3961.73,
        "shapeType": "rectangular",
        "landUse": "farmland",
        "cropType": "corn",
        "isFarmland": true,
        "farmScore": 52,
        "harvestHealth": 41,
        "soilQuality": 44,
        "waterAccess": 43,
        "slopeRisk": 88,
        "confidence": 1,
        "maskValues": {
          "farmland": 0.587,
          "density": 0.415,
          "health": 0.463,
          "cropType": 0.602
        },
        "noise": {
          "seed": 918273,
          "jitter": 0.065,
          "rotation": 6.9
        },
        "labels": [
          "synthetic",
          "demo",
          "farmland"
        ]
      },
      "geometry": {
        "type": "Polygon",
        "coordinates": [
          [
            [
              20.69,
              42.945
            ],
            [
              20.76,
              42.945
            ],
            [
              20.76,
              42.8825
            ],
            [
              20.69,
              42.8825
            ],
            [
              20.69,
              42.945
            ]
          ]
        ]
      }
    },
    {
      "type": "Feature",
      "properties": {
        "id": "KOS-MIT-000296",
        "parcelIndex": 296,
        "district": "Mitrovica",
        "centroid": [
          20.795,
          42.929
        ],
        "areaHa": 2000.19,
        "shapeType": "irregular-rect",
        "landUse": "mixed",
        "cropType": "pasture",
        "isFarmland": false,
        "farmScore": 58,
        "harvestHealth": 40,
        "soilQuality": 50,
        "waterAccess": 48,
        "slopeRisk": 89,
        "confidence": 1,
        "maskValues": {
          "farmland": 0.625,
          "density": 0.433,
          "health": 0.563,
          "cropType": 0.617
        },
        "noise": {
          "seed": 918273,
          "jitter": 0.021,
          "rotation": -0.45
        },
        "labels": [
          "synthetic",
          "demo",
          "non-farmland"
        ]
      },
      "geometry": {
        "type": "Polygon",
        "coordinates": [
          [
            [
              20.76,
              42.945
            ],
            [
              20.830000000000002,
              42.945
            ],
            [
              20.830000000000002,
              42.91343731986883
            ],
            [
              20.76,
              42.91343731986883
            ],
            [
              20.76,
              42.945
            ]
          ]
        ]
      }
    },
    {
      "type": "Feature",
      "properties": {
        "id": "KOS-MIT-000297",
        "parcelIndex": 297,
        "district": "Mitrovica",
        "centroid": [
          20.795,
          42.898
        ],
        "areaHa": 1961.55,
        "shapeType": "irregular-rect",
        "landUse": "farmland",
        "cropType": "pasture",
        "isFarmland": true,
        "farmScore": 64,
        "harvestHealth": 37,
        "soilQuality": 51,
        "waterAccess": 50,
        "slopeRisk": 94,
        "confidence": 1,
        "maskValues": {
          "farmland": 0.623,
          "density": 0.442,
          "health": 0.547,
          "cropType": 0.621
        },
        "noise": {
          "seed": 918273,
          "jitter": 0.125,
          "rotation": 3.47
        },
        "labels": [
          "synthetic",
          "demo",
          "farmland"
        ]
      },
      "geometry": {
        "type": "Polygon",
        "coordinates": [
          [
            [
              20.76,
              42.91343731986883
            ],
            [
              20.830000000000002,
              42.91343731986883
            ],
            [
              20.830000000000002,
              42.8825
            ],
            [
              20.76,
              42.8825
            ],
            [
              20.76,
              42.91343731986883
            ]
          ]
        ]
      }
    },
    {
      "type": "Feature",
      "properties": {
        "id": "KOS-MIT-000298",
        "parcelIndex": 298,
        "district": "Mitrovica",
        "centroid": [
          20.865,
          42.93
        ],
        "areaHa": 1921.09,
        "shapeType": "irregular-rect",
        "landUse": "farmland",
        "cropType": "vegetables",
        "isFarmland": true,
        "farmScore": 64,
        "harvestHealth": 45,
        "soilQuality": 56,
        "waterAccess": 54,
        "slopeRisk": 92,
        "confidence": 1,
        "maskValues": {
          "farmland": 0.643,
          "density": 0.476,
          "health": 0.641,
          "cropType": 0.616
        },
        "noise": {
          "seed": 918273,
          "jitter": 0.178,
          "rotation": -4.35
        },
        "labels": [
          "synthetic",
          "demo",
          "farmland"
        ]
      },
      "geometry": {
        "type": "Polygon",
        "coordinates": [
          [
            [
              20.830000000000002,
              42.945
            ],
            [
              20.9,
              42.945
            ],
            [
              20.9,
              42.914685133741585
            ],
            [
              20.830000000000002,
              42.914685133741585
            ],
            [
              20.830000000000002,
              42.945
            ]
          ]
        ]
      }
    },
    {
      "type": "Feature",
      "properties": {
        "id": "KOS-MIT-000299",
        "parcelIndex": 299,
        "district": "Mitrovica",
        "centroid": [
          20.865,
          42.899
        ],
        "areaHa": 2040.65,
        "shapeType": "irregular-rect",
        "landUse": "mixed",
        "cropType": "orchard",
        "isFarmland": true,
        "farmScore": 59,
        "harvestHealth": 48,
        "soilQuality": 58,
        "waterAccess": 54,
        "slopeRisk": 95,
        "confidence": 1,
        "maskValues": {
          "farmland": 0.639,
          "density": 0.469,
          "health": 0.631,
          "cropType": 0.618
        },
        "noise": {
          "seed": 918273,
          "jitter": 0.144,
          "rotation": -6.54
        },
        "labels": [
          "synthetic",
          "demo",
          "farmland"
        ]
      },
      "geometry": {
        "type": "Polygon",
        "coordinates": [
          [
            [
              20.830000000000002,
              42.914685133741585
            ],
            [
              20.9,
              42.914685133741585
            ],
            [
              20.9,
              42.8825
            ],
            [
              20.830000000000002,
              42.8825
            ],
            [
              20.830000000000002,
              42.914685133741585
            ]
          ]
        ]
      }
    },
    {
      "type": "Feature",
      "properties": {
        "id": "KOS-MIT-000300",
        "parcelIndex": 300,
        "district": "Mitrovica",
        "centroid": [
          20.935,
          42.931
        ],
        "areaHa": 1777.29,
        "shapeType": "irregular-rect",
        "landUse": "fallow",
        "cropType": "pasture",
        "isFarmland": false,
        "farmScore": 57,
        "harvestHealth": 54,
        "soilQuality": 61,
        "waterAccess": 58,
        "slopeRisk": 92,
        "confidence": 1,
        "maskValues": {
          "farmland": 0.637,
          "density": 0.528,
          "health": 0.691,
          "cropType": 0.594
        },
        "noise": {
          "seed": 918273,
          "jitter": 0.044,
          "rotation": 1.57
        },
        "labels": [
          "synthetic",
          "demo",
          "non-farmland"
        ]
      },
      "geometry": {
        "type": "Polygon",
        "coordinates": [
          [
            [
              20.9,
              42.945
            ],
            [
              20.97,
              42.945
            ],
            [
              20.97,
              42.91695371242124
            ],
            [
              20.9,
              42.91695371242124
            ],
            [
              20.9,
              42.945
            ]
          ]
        ]
      }
    },
    {
      "type": "Feature",
      "properties": {
        "id": "KOS-MIT-000301",
        "parcelIndex": 301,
        "district": "Mitrovica",
        "centroid": [
          20.935,
          42.9
        ],
        "areaHa": 2184.44,
        "shapeType": "irregular-rect",
        "landUse": "pasture",
        "cropType": "fallow",
        "isFarmland": false,
        "farmScore": 62,
        "harvestHealth": 49,
        "soilQuality": 63,
        "waterAccess": 57,
        "slopeRisk": 92,
        "confidence": 1,
        "maskValues": {
          "farmland": 0.633,
          "density": 0.505,
          "health": 0.69,
          "cropType": 0.594
        },
        "noise": {
          "seed": 918273,
          "jitter": 0.085,
          "rotation": -1.66
        },
        "labels": [
          "synthetic",
          "demo",
          "non-farmland"
        ]
      },
      "geometry": {
        "type": "Polygon",
        "coordinates": [
          [
            [
              20.9,
              42.91695371242124
            ],
            [
              20.97,
              42.91695371242124
            ],
            [
              20.97,
              42.8825
            ],
            [
              20.9,
              42.8825
            ],
            [
              20.9,
              42.91695371242124
            ]
          ]
        ]
      }
    },
    {
      "type": "Feature",
      "properties": {
        "id": "KOS-MIT-000302",
        "parcelIndex": 302,
        "district": "Mitrovica",
        "centroid": [
          21.005,
          42.931
        ],
        "areaHa": 1808.12,
        "shapeType": "irregular-rect",
        "landUse": "mixed",
        "cropType": "barley",
        "isFarmland": true,
        "farmScore": 62,
        "harvestHealth": 59,
        "soilQuality": 63,
        "waterAccess": 60,
        "slopeRisk": 89,
        "confidence": 1,
        "maskValues": {
          "farmland": 0.605,
          "density": 0.577,
          "health": 0.705,
          "cropType": 0.554
        },
        "noise": {
          "seed": 918273,
          "jitter": 0.032,
          "rotation": -5.12
        },
        "labels": [
          "synthetic",
          "demo",
          "farmland"
        ]
      },
      "geometry": {
        "type": "Polygon",
        "coordinates": [
          [
            [
              20.97,
              42.945
            ],
            [
              21.04,
              42.945
            ],
            [
              21.04,
              42.91646744808997
            ],
            [
              20.97,
              42.91646744808997
            ],
            [
              20.97,
              42.945
            ]
          ]
        ]
      }
    },
    {
      "type": "Feature",
      "properties": {
        "id": "KOS-MIT-000303",
        "parcelIndex": 303,
        "district": "Mitrovica",
        "centroid": [
          21.005,
          42.899
        ],
        "areaHa": 2153.62,
        "shapeType": "irregular-rect",
        "landUse": "mixed",
        "cropType": "pasture",
        "isFarmland": false,
        "farmScore": 56,
        "harvestHealth": 59,
        "soilQuality": 64,
        "waterAccess": 57,
        "slopeRisk": 88,
        "confidence": 1,
        "maskValues": {
          "farmland": 0.602,
          "density": 0.543,
          "health": 0.713,
          "cropType": 0.553
        },
        "noise": {
          "seed": 918273,
          "jitter": 0.05,
          "rotation": -3.54
        },
        "labels": [
          "synthetic",
          "demo",
          "non-farmland"
        ]
      },
      "geometry": {
        "type": "Polygon",
        "coordinates": [
          [
            [
              20.97,
              42.91646744808997
            ],
            [
              21.04,
              42.91646744808997
            ],
            [
              21.04,
              42.8825
            ],
            [
              20.97,
              42.8825
            ],
            [
              20.97,
              42.91646744808997
            ]
          ]
        ]
      }
    },
    {
      "type": "Feature",
      "properties": {
        "id": "KOS-PDJ-000304",
        "parcelIndex": 304,
        "district": "Podujeva",
        "centroid": [
          21.075,
          42.928
        ],
        "areaHa": 2112.77,
        "shapeType": "irregular-rect",
        "landUse": "farmland",
        "cropType": "vineyard",
        "isFarmland": true,
        "farmScore": 56,
        "harvestHealth": 57,
        "soilQuality": 61,
        "waterAccess": 59,
        "slopeRisk": 87,
        "confidence": 1,
        "maskValues": {
          "farmland": 0.553,
          "density": 0.611,
          "health": 0.683,
          "cropType": 0.502
        },
        "noise": {
          "seed": 918273,
          "jitter": 0.131,
          "rotation": 6.65
        },
        "labels": [
          "synthetic",
          "demo",
          "farmland"
        ]
      },
      "geometry": {
        "type": "Polygon",
        "coordinates": [
          [
            [
              21.04,
              42.945
            ],
            [
              21.11,
              42.945
            ],
            [
              21.11,
              42.91166122574534
            ],
            [
              21.04,
              42.91166122574534
            ],
            [
              21.04,
              42.945
            ]
          ]
        ]
      }
    },
    {
      "type": "Feature",
      "properties": {
        "id": "KOS-PDJ-000305",
        "parcelIndex": 305,
        "district": "Podujeva",
        "centroid": [
          21.075,
          42.897
        ],
        "areaHa": 1848.96,
        "shapeType": "irregular-rect",
        "landUse": "farmland",
        "cropType": "barley",
        "isFarmland": true,
        "farmScore": 53,
        "harvestHealth": 49,
        "soilQuality": 60,
        "waterAccess": 57,
        "slopeRisk": 85,
        "confidence": 1,
        "maskValues": {
          "farmland": 0.552,
          "density": 0.572,
          "health": 0.698,
          "cropType": 0.499
        },
        "noise": {
          "seed": 918273,
          "jitter": 0.035,
          "rotation": 4.87
        },
        "labels": [
          "synthetic",
          "demo",
          "farmland"
        ]
      },
      "geometry": {
        "type": "Polygon",
        "coordinates": [
          [
            [
              21.04,
              42.91166122574534
            ],
            [
              21.11,
              42.91166122574534
            ],
            [
              21.11,
              42.8825
            ],
            [
              21.04,
              42.8825
            ],
            [
              21.04,
              42.91166122574534
            ]
          ]
        ]
      }
    },
    {
      "type": "Feature",
      "properties": {
        "id": "KOS-PDJ-000306",
        "parcelIndex": 306,
        "district": "Podujeva",
        "centroid": [
          21.145,
          42.93
        ],
        "areaHa": 1891.15,
        "shapeType": "irregular-rect",
        "landUse": "farmland",
        "cropType": "wheat",
        "isFarmland": true,
        "farmScore": 54,
        "harvestHealth": 49,
        "soilQuality": 55,
        "waterAccess": 59,
        "slopeRisk": 88,
        "confidence": 1,
        "maskValues": {
          "farmland": 0.489,
          "density": 0.631,
          "health": 0.627,
          "cropType": 0.448
        },
        "noise": {
          "seed": 918273,
          "jitter": 0.044,
          "rotation": 5.41
        },
        "labels": [
          "synthetic",
          "demo",
          "farmland"
        ]
      },
      "geometry": {
        "type": "Polygon",
        "coordinates": [
          [
            [
              21.11,
              42.945
            ],
            [
              21.18,
              42.945
            ],
            [
              21.18,
              42.915157473211295
            ],
            [
              21.11,
              42.915157473211295
            ],
            [
              21.11,
              42.945
            ]
          ]
        ]
      }
    },
    {
      "type": "Feature",
      "properties": {
        "id": "KOS-PDJ-000307",
        "parcelIndex": 307,
        "district": "Podujeva",
        "centroid": [
          21.145,
          42.899
        ],
        "areaHa": 2070.59,
        "shapeType": "irregular-rect",
        "landUse": "fallow",
        "cropType": "pasture",
        "isFarmland": false,
        "farmScore": 45,
        "harvestHealth": 46,
        "soilQuality": 54,
        "waterAccess": 57,
        "slopeRisk": 88,
        "confidence": 1,
        "maskValues": {
          "farmland": 0.49,
          "density": 0.594,
          "health": 0.646,
          "cropType": 0.444
        },
        "noise": {
          "seed": 918273,
          "jitter": 0.092,
          "rotation": 5.17
        },
        "labels": [
          "synthetic",
          "demo",
          "non-farmland"
        ]
      },
      "geometry": {
        "type": "Polygon",
        "coordinates": [
          [
            [
              21.11,
              42.915157473211295
            ],
            [
              21.18,
              42.915157473211295
            ],
            [
              21.18,
              42.8825
            ],
            [
              21.11,
              42.8825
            ],
            [
              21.11,
              42.915157473211295
            ]
          ]
        ]
      }
    },
    {
      "type": "Feature",
      "properties": {
        "id": "KOS-PDJ-000308",
        "parcelIndex": 308,
        "district": "Podujeva",
        "centroid": [
          21.215,
          42.914
        ],
        "areaHa": 3961.73,
        "shapeType": "rectangular",
        "landUse": "orchard",
        "cropType": "barley",
        "isFarmland": true,
        "farmScore": 42,
        "harvestHealth": 47,
        "soilQuality": 48,
        "waterAccess": 57,
        "slopeRisk": 95,
        "confidence": 1,
        "maskValues": {
          "farmland": 0.426,
          "density": 0.61,
          "health": 0.559,
          "cropType": 0.398
        },
        "noise": {
          "seed": 918273,
          "jitter": 0.11,
          "rotation": -7.25
        },
        "labels": [
          "synthetic",
          "demo",
          "farmland"
        ]
      },
      "geometry": {
        "type": "Polygon",
        "coordinates": [
          [
            [
              21.18,
              42.945
            ],
            [
              21.25,
              42.945
            ],
            [
              21.25,
              42.8825
            ],
            [
              21.18,
              42.8825
            ],
            [
              21.18,
              42.945
            ]
          ]
        ]
      }
    },
    {
      "type": "Feature",
      "properties": {
        "id": "KOS-PDJ-000309",
        "parcelIndex": 309,
        "district": "Podujeva",
        "centroid": [
          21.285,
          42.914
        ],
        "areaHa": 3961.73,
        "shapeType": "rectangular",
        "landUse": "farmland",
        "cropType": "wheat",
        "isFarmland": true,
        "farmScore": 39,
        "harvestHealth": 41,
        "soilQuality": 44,
        "waterAccess": 56,
        "slopeRisk": 100,
        "confidence": 1,
        "maskValues": {
          "farmland": 0.373,
          "density": 0.587,
          "health": 0.471,
          "cropType": 0.367
        },
        "noise": {
          "seed": 918273,
          "jitter": 0.108,
          "rotation": -7.24
        },
        "labels": [
          "synthetic",
          "demo",
          "farmland"
        ]
      },
      "geometry": {
        "type": "Polygon",
        "coordinates": [
          [
            [
              21.25,
              42.945
            ],
            [
              21.32,
              42.945
            ],
            [
              21.32,
              42.8825
            ],
            [
              21.25,
              42.8825
            ],
            [
              21.25,
              42.945
            ]
          ]
        ]
      }
    },
    {
      "type": "Feature",
      "properties": {
        "id": "KOS-PDJ-000310",
        "parcelIndex": 310,
        "district": "Podujeva",
        "centroid": [
          21.355,
          42.914
        ],
        "areaHa": 3961.73,
        "shapeType": "rectangular",
        "landUse": "pasture",
        "cropType": "pasture",
        "isFarmland": false,
        "farmScore": 33,
        "harvestHealth": 36,
        "soilQuality": 43,
        "waterAccess": 53,
        "slopeRisk": 100,
        "confidence": 1,
        "maskValues": {
          "farmland": 0.343,
          "density": 0.547,
          "health": 0.39,
          "cropType": 0.359
        },
        "noise": {
          "seed": 918273,
          "jitter": 0.155,
          "rotation": -3.1
        },
        "labels": [
          "synthetic",
          "demo",
          "non-farmland"
        ]
      },
      "geometry": {
        "type": "Polygon",
        "coordinates": [
          [
            [
              21.32,
              42.945
            ],
            [
              21.39,
              42.945
            ],
            [
              21.39,
              42.8825
            ],
            [
              21.32,
              42.8825
            ],
            [
              21.32,
              42.945
            ]
          ]
        ]
      }
    },
    {
      "type": "Feature",
      "properties": {
        "id": "KOS-PDJ-000311",
        "parcelIndex": 311,
        "district": "Podujeva",
        "centroid": [
          21.425,
          42.932
        ],
        "areaHa": 1690.14,
        "shapeType": "irregular-rect",
        "landUse": "pasture",
        "cropType": "pasture",
        "isFarmland": false,
        "farmScore": 34,
        "harvestHealth": 23,
        "soilQuality": 44,
        "waterAccess": 48,
        "slopeRisk": 100,
        "confidence": 1,
        "maskValues": {
          "farmland": 0.339,
          "density": 0.484,
          "health": 0.331,
          "cropType": 0.382
        },
        "noise": {
          "seed": 918273,
          "jitter": 0.037,
          "rotation": 4.42
        },
        "labels": [
          "synthetic",
          "demo",
          "non-farmland"
        ]
      },
      "geometry": {
        "type": "Polygon",
        "coordinates": [
          [
            [
              21.39,
              42.945
            ],
            [
              21.46,
              42.945
            ],
            [
              21.46,
              42.91832876739383
            ],
            [
              21.39,
              42.91832876739383
            ],
            [
              21.39,
              42.945
            ]
          ]
        ]
      }
    },
    {
      "type": "Feature",
      "properties": {
        "id": "KOS-PDJ-000312",
        "parcelIndex": 312,
        "district": "Podujeva",
        "centroid": [
          21.425,
          42.9
        ],
        "areaHa": 2271.6,
        "shapeType": "irregular-rect",
        "landUse": "pasture",
        "cropType": "pasture",
        "isFarmland": false,
        "farmScore": 36,
        "harvestHealth": 29,
        "soilQuality": 44,
        "waterAccess": 49,
        "slopeRisk": 100,
        "confidence": 1,
        "maskValues": {
          "farmland": 0.342,
          "density": 0.506,
          "health": 0.329,
          "cropType": 0.377
        },
        "noise": {
          "seed": 918273,
          "jitter": 0.06,
          "rotation": -1.34
        },
        "labels": [
          "synthetic",
          "demo",
          "non-farmland"
        ]
      },
      "geometry": {
        "type": "Polygon",
        "coordinates": [
          [
            [
              21.39,
              42.91832876739383
            ],
            [
              21.46,
              42.91832876739383
            ],
            [
              21.46,
              42.8825
            ],
            [
              21.39,
              42.8825
            ],
            [
              21.39,
              42.91832876739383
            ]
          ]
        ]
      }
    },
    {
      "type": "Feature",
      "properties": {
        "id": "KOS-PDJ-000313",
        "parcelIndex": 313,
        "district": "Podujeva",
        "centroid": [
          21.495,
          42.932
        ],
        "areaHa": 1633.38,
        "shapeType": "irregular-rect",
        "landUse": "mixed",
        "cropType": "beans",
        "isFarmland": true,
        "farmScore": 39,
        "harvestHealth": 23,
        "soilQuality": 45,
        "waterAccess": 43,
        "slopeRisk": 100,
        "confidence": 1,
        "maskValues": {
          "farmland": 0.367,
          "density": 0.425,
          "health": 0.308,
          "cropType": 0.424
        },
        "noise": {
          "seed": 918273,
          "jitter": 0.154,
          "rotation": 6.43
        },
        "labels": [
          "synthetic",
          "demo",
          "farmland"
        ]
      },
      "geometry": {
        "type": "Polygon",
        "coordinates": [
          [
            [
              21.46,
              42.945
            ],
            [
              21.53,
              42.945
            ],
            [
              21.53,
              42.919224293360024
            ],
            [
              21.46,
              42.919224293360024
            ],
            [
              21.46,
              42.945
            ]
          ]
        ]
      }
    },
    {
      "type": "Feature",
      "properties": {
        "id": "KOS-PDJ-000314",
        "parcelIndex": 314,
        "district": "Podujeva",
        "centroid": [
          21.495,
          42.901
        ],
        "areaHa": 2328.36,
        "shapeType": "irregular-rect",
        "landUse": "fallow",
        "cropType": "fallow",
        "isFarmland": false,
        "farmScore": 39,
        "harvestHealth": 20,
        "soilQuality": 45,
        "waterAccess": 43,
        "slopeRisk": 100,
        "confidence": 0.996,
        "maskValues": {
          "farmland": 0.368,
          "density": 0.459,
          "health": 0.297,
          "cropType": 0.419
        },
        "noise": {
          "seed": 918273,
          "jitter": 0.059,
          "rotation": -6.43
        },
        "labels": [
          "synthetic",
          "demo",
          "non-farmland"
        ]
      },
      "geometry": {
        "type": "Polygon",
        "coordinates": [
          [
            [
              21.46,
              42.919224293360024
            ],
            [
              21.53,
              42.919224293360024
            ],
            [
              21.53,
              42.8825
            ],
            [
              21.46,
              42.8825
            ],
            [
              21.46,
              42.919224293360024
            ]
          ]
        ]
      }
    },
    {
      "type": "Feature",
      "properties": {
        "id": "KOS-PDJ-000315",
        "parcelIndex": 315,
        "district": "Podujeva",
        "centroid": [
          21.565,
          42.932
        ],
        "areaHa": 1696.33,
        "shapeType": "irregular-rect",
        "landUse": "farmland",
        "cropType": "beans",
        "isFarmland": true,
        "farmScore": 41,
        "harvestHealth": 25,
        "soilQuality": 46,
        "waterAccess": 38,
        "slopeRisk": 99,
        "confidence": 1,
        "maskValues": {
          "farmland": 0.421,
          "density": 0.38,
          "health": 0.319,
          "cropType": 0.48
        },
        "noise": {
          "seed": 918273,
          "jitter": 0.17,
          "rotation": -5.5
        },
        "labels": [
          "synthetic",
          "demo",
          "farmland"
        ]
      },
      "geometry": {
        "type": "Polygon",
        "coordinates": [
          [
            [
              21.53,
              42.945
            ],
            [
              21.6,
              42.945
            ],
            [
              21.6,
              42.91823110904254
            ],
            [
              21.53,
              42.91823110904254
            ],
            [
              21.53,
              42.945
            ]
          ]
        ]
      }
    },
    {
      "type": "Feature",
      "properties": {
        "id": "KOS-PDJ-000316",
        "parcelIndex": 316,
        "district": "Podujeva",
        "centroid": [
          21.565,
          42.9
        ],
        "areaHa": 2265.41,
        "shapeType": "irregular-rect",
        "landUse": "farmland",
        "cropType": "wheat",
        "isFarmland": true,
        "farmScore": 44,
        "harvestHealth": 29,
        "soilQuality": 45,
        "waterAccess": 39,
        "slopeRisk": 95,
        "confidence": 1,
        "maskValues": {
          "farmland": 0.418,
          "density": 0.419,
          "health": 0.303,
          "cropType": 0.477
        },
        "noise": {
          "seed": 918273,
          "jitter": 0.03,
          "rotation": -2.18
        },
        "labels": [
          "synthetic",
          "demo",
          "farmland"
        ]
      },
      "geometry": {
        "type": "Polygon",
        "coordinates": [
          [
            [
              21.53,
              42.91823110904254
            ],
            [
              21.6,
              42.91823110904254
            ],
            [
              21.6,
              42.8825
            ],
            [
              21.53,
              42.8825
            ],
            [
              21.53,
              42.91823110904254
            ]
          ]
        ]
      }
    },
    {
      "type": "Feature",
      "properties": {
        "id": "KOS-PDJ-000317",
        "parcelIndex": 317,
        "district": "Podujeva",
        "centroid": [
          21.616,
          42.914
        ],
        "areaHa": 1851.35,
        "shapeType": "irregular-rect",
        "landUse": "fallow",
        "cropType": "fallow",
        "isFarmland": false,
        "farmScore": 43,
        "harvestHealth": 32,
        "soilQuality": 45,
        "waterAccess": 36,
        "slopeRisk": 89,
        "confidence": 0.893,
        "maskValues": {
          "farmland": 0.467,
          "density": 0.38,
          "health": 0.338,
          "cropType": 0.524
        },
        "noise": {
          "seed": 918273,
          "jitter": 0.111,
          "rotation": 0.53
        },
        "labels": [
          "synthetic",
          "demo",
          "non-farmland"
        ]
      },
      "geometry": {
        "type": "Polygon",
        "coordinates": [
          [
            [
              21.6,
              42.945
            ],
            [
              21.609153846153845,
              42.945
            ],
            [
              21.65626923076923,
              42.8825
            ],
            [
              21.6,
              42.8825
            ],
            [
              21.6,
              42.945
            ]
          ]
        ]
      }
    },
    {
      "type": "Feature",
      "properties": {
        "id": "KOS-PEJ-000328",
        "parcelIndex": 328,
        "district": "Peja",
        "centroid": [
          20.098,
          42.851
        ],
        "areaHa": 3602.22,
        "shapeType": "rectangular",
        "landUse": "fallow",
        "cropType": "pasture",
        "isFarmland": false,
        "farmScore": 45,
        "harvestHealth": 51,
        "soilQuality": 53,
        "waterAccess": 53,
        "slopeRisk": 90,
        "confidence": 0.998,
        "maskValues": {
          "farmland": 0.456,
          "density": 0.512,
          "health": 0.679,
          "cropType": 0.422
        },
        "noise": {
          "seed": 918273,
          "jitter": 0.054,
          "rotation": 5.13
        },
        "labels": [
          "synthetic",
          "demo",
          "non-farmland"
        ]
      },
      "geometry": {
        "type": "Polygon",
        "coordinates": [
          [
            [
              20.061555555555557,
              42.82
            ],
            [
              20.07127777777778,
              42.8825
            ],
            [
              20.130000000000003,
              42.8825
            ],
            [
              20.130000000000003,
              42.82
            ],
            [
              20.061555555555557,
              42.82
            ]
          ]
        ]
      }
    },
    {
      "type": "Feature",
      "properties": {
        "id": "KOS-PEJ-000329",
        "parcelIndex": 329,
        "district": "Peja",
        "centroid": [
          20.165,
          42.851
        ],
        "areaHa": 3965.75,
        "shapeType": "rectangular",
        "landUse": "pasture",
        "cropType": "fallow",
        "isFarmland": false,
        "farmScore": 44,
        "harvestHealth": 44,
        "soilQuality": 50,
        "waterAccess": 53,
        "slopeRisk": 97,
        "confidence": 1,
        "maskValues": {
          "farmland": 0.419,
          "density": 0.514,
          "health": 0.621,
          "cropType": 0.398
        },
        "noise": {
          "seed": 918273,
          "jitter": 0.025,
          "rotation": 3.65
        },
        "labels": [
          "synthetic",
          "demo",
          "non-farmland"
        ]
      },
      "geometry": {
        "type": "Polygon",
        "coordinates": [
          [
            [
              20.130000000000003,
              42.8825
            ],
            [
              20.200000000000003,
              42.8825
            ],
            [
              20.200000000000003,
              42.82
            ],
            [
              20.130000000000003,
              42.82
            ],
            [
              20.130000000000003,
              42.8825
            ]
          ]
        ]
      }
    },
    {
      "type": "Feature",
      "properties": {
        "id": "KOS-PEJ-000330",
        "parcelIndex": 330,
        "district": "Peja",
        "centroid": [
          20.235,
          42.865
        ],
        "areaHa": 2175.7,
        "shapeType": "irregular-rect",
        "landUse": "mixed",
        "cropType": "fallow",
        "isFarmland": false,
        "farmScore": 46,
        "harvestHealth": 43,
        "soilQuality": 48,
        "waterAccess": 53,
        "slopeRisk": 100,
        "confidence": 1,
        "maskValues": {
          "farmland": 0.393,
          "density": 0.525,
          "health": 0.529,
          "cropType": 0.391
        },
        "noise": {
          "seed": 918273,
          "jitter": 0.114,
          "rotation": -4.83
        },
        "labels": [
          "synthetic",
          "demo",
          "non-farmland"
        ]
      },
      "geometry": {
        "type": "Polygon",
        "coordinates": [
          [
            [
              20.200000000000003,
              42.8825
            ],
            [
              20.27,
              42.8825
            ],
            [
              20.27,
              42.8482032007759
            ],
            [
              20.200000000000003,
              42.8482032007759
            ],
            [
              20.200000000000003,
              42.8825
            ]
          ]
        ]
      }
    },
    {
      "type": "Feature",
      "properties": {
        "id": "KOS-PEJ-000331",
        "parcelIndex": 331,
        "district": "Peja",
        "centroid": [
          20.235,
          42.834
        ],
        "areaHa": 1790.05,
        "shapeType": "irregular-rect",
        "landUse": "mixed",
        "cropType": "pasture",
        "isFarmland": true,
        "farmScore": 45,
        "harvestHealth": 45,
        "soilQuality": 49,
        "waterAccess": 52,
        "slopeRisk": 100,
        "confidence": 1,
        "maskValues": {
          "farmland": 0.393,
          "density": 0.504,
          "health": 0.546,
          "cropType": 0.386
        },
        "noise": {
          "seed": 918273,
          "jitter": 0.118,
          "rotation": -1.76
        },
        "labels": [
          "synthetic",
          "demo",
          "farmland"
        ]
      },
      "geometry": {
        "type": "Polygon",
        "coordinates": [
          [
            [
              20.200000000000003,
              42.8482032007759
            ],
            [
              20.27,
              42.8482032007759
            ],
            [
              20.27,
              42.82
            ],
            [
              20.200000000000003,
              42.82
            ],
            [
              20.200000000000003,
              42.8482032007759
            ]
          ]
        ]
      }
    },
    {
      "type": "Feature",
      "properties": {
        "id": "KOS-PEJ-000332",
        "parcelIndex": 332,
        "district": "Peja",
        "centroid": [
          20.305,
          42.865
        ],
        "areaHa": 2281.02,
        "shapeType": "irregular-rect",
        "landUse": "farmland",
        "cropType": "potato",
        "isFarmland": true,
        "farmScore": 41,
        "harvestHealth": 36,
        "soilQuality": 47,
        "waterAccess": 51,
        "slopeRisk": 100,
        "confidence": 1,
        "maskValues": {
          "farmland": 0.382,
          "density": 0.519,
          "health": 0.436,
          "cropType": 0.397
        },
        "noise": {
          "seed": 918273,
          "jitter": 0.05,
          "rotation": -7.04
        },
        "labels": [
          "synthetic",
          "demo",
          "farmland"
        ]
      },
      "geometry": {
        "type": "Polygon",
        "coordinates": [
          [
            [
              20.27,
              42.8825
            ],
            [
              20.34,
              42.8825
            ],
            [
              20.34,
              42.84654353115067
            ],
            [
              20.27,
              42.84654353115067
            ],
            [
              20.27,
              42.8825
            ]
          ]
        ]
      }
    },
    {
      "type": "Feature",
      "properties": {
        "id": "KOS-PEJ-000333",
        "parcelIndex": 333,
        "district": "Peja",
        "centroid": [
          20.305,
          42.833
        ],
        "areaHa": 1684.73,
        "shapeType": "irregular-rect",
        "landUse": "mixed",
        "cropType": "pasture",
        "isFarmland": true,
        "farmScore": 45,
        "harvestHealth": 38,
        "soilQuality": 49,
        "waterAccess": 50,
        "slopeRisk": 100,
        "confidence": 1,
        "maskValues": {
          "farmland": 0.388,
          "density": 0.511,
          "health": 0.459,
          "cropType": 0.399
        },
        "noise": {
          "seed": 918273,
          "jitter": 0.175,
          "rotation": -6.75
        },
        "labels": [
          "synthetic",
          "demo",
          "farmland"
        ]
      },
      "geometry": {
        "type": "Polygon",
        "coordinates": [
          [
            [
              20.27,
              42.84654353115067
            ],
            [
              20.34,
              42.84654353115067
            ],
            [
              20.34,
              42.82
            ],
            [
              20.27,
              42.82
            ],
            [
              20.27,
              42.84654353115067
            ]
          ]
        ]
      }
    },
    {
      "type": "Feature",
      "properties": {
        "id": "KOS-PEJ-000334",
        "parcelIndex": 334,
        "district": "Peja",
        "centroid": [
          20.375,
          42.864
        ],
        "areaHa": 2323.63,
        "shapeType": "irregular-rect",
        "landUse": "vineyard",
        "cropType": "wheat",
        "isFarmland": true,
        "farmScore": 44,
        "harvestHealth": 33,
        "soilQuality": 46,
        "waterAccess": 48,
        "slopeRisk": 100,
        "confidence": 1,
        "maskValues": {
          "farmland": 0.39,
          "density": 0.509,
          "health": 0.354,
          "cropType": 0.42
        },
        "noise": {
          "seed": 918273,
          "jitter": 0.055,
          "rotation": 1.42
        },
        "labels": [
          "synthetic",
          "demo",
          "farmland"
        ]
      },
      "geometry": {
        "type": "Polygon",
        "coordinates": [
          [
            [
              20.34,
              42.8825
            ],
            [
              20.41,
              42.8825
            ],
            [
              20.41,
              42.84587203904113
            ],
            [
              20.34,
              42.84587203904113
            ],
            [
              20.34,
              42.8825
            ]
          ]
        ]
      }
    },
    {
      "type": "Feature",
      "properties": {
        "id": "KOS-PEJ-000335",
        "parcelIndex": 335,
        "district": "Peja",
        "centroid": [
          20.375,
          42.833
        ],
        "areaHa": 1642.12,
        "shapeType": "irregular-rect",
        "landUse": "farmland",
        "cropType": "potato",
        "isFarmland": true,
        "farmScore": 47,
        "harvestHealth": 26,
        "soilQuality": 47,
        "waterAccess": 47,
        "slopeRisk": 97,
        "confidence": 1,
        "maskValues": {
          "farmland": 0.401,
          "density": 0.516,
          "health": 0.379,
          "cropType": 0.427
        },
        "noise": {
          "seed": 918273,
          "jitter": 0.032,
          "rotation": 5.41
        },
        "labels": [
          "synthetic",
          "demo",
          "farmland"
        ]
      },
      "geometry": {
        "type": "Polygon",
        "coordinates": [
          [
            [
              20.34,
              42.84587203904113
            ],
            [
              20.41,
              42.84587203904113
            ],
            [
              20.41,
              42.82
            ],
            [
              20.34,
              42.82
            ],
            [
              20.34,
              42.84587203904113
            ]
          ]
        ]
      }
    },
    {
      "type": "Feature",
      "properties": {
        "id": "KOS-PEJ-000336",
        "parcelIndex": 336,
        "district": "Peja",
        "centroid": [
          20.445,
          42.851
        ],
        "areaHa": 3965.75,
        "shapeType": "rectangular",
        "landUse": "forest_edge",
        "cropType": "pasture",
        "isFarmland": false,
        "farmScore": 40,
        "harvestHealth": 31,
        "soilQuality": 44,
        "waterAccess": 44,
        "slopeRisk": 94,
        "confidence": 1,
        "maskValues": {
          "farmland": 0.421,
          "density": 0.505,
          "health": 0.307,
          "cropType": 0.461
        },
        "noise": {
          "seed": 918273,
          "jitter": 0.18,
          "rotation": 1.02
        },
        "labels": [
          "synthetic",
          "demo",
          "non-farmland"
        ]
      },
      "geometry": {
        "type": "Polygon",
        "coordinates": [
          [
            [
              20.41,
              42.8825
            ],
            [
              20.48,
              42.8825
            ],
            [
              20.48,
              42.82
            ],
            [
              20.41,
              42.82
            ],
            [
              20.41,
              42.8825
            ]
          ]
        ]
      }
    },
    {
      "type": "Feature",
      "properties": {
        "id": "KOS-PEJ-000337",
        "parcelIndex": 337,
        "district": "Peja",
        "centroid": [
          20.515,
          42.851
        ],
        "areaHa": 3965.75,
        "shapeType": "rectangular",
        "landUse": "farmland",
        "cropType": "wheat",
        "isFarmland": true,
        "farmScore": 46,
        "harvestHealth": 27,
        "soilQuality": 41,
        "waterAccess": 42,
        "slopeRisk": 89,
        "confidence": 1,
        "maskValues": {
          "farmland": 0.46,
          "density": 0.496,
          "health": 0.287,
          "cropType": 0.504
        },
        "noise": {
          "seed": 918273,
          "jitter": 0.177,
          "rotation": -4.97
        },
        "labels": [
          "synthetic",
          "demo",
          "farmland"
        ]
      },
      "geometry": {
        "type": "Polygon",
        "coordinates": [
          [
            [
              20.48,
              42.8825
            ],
            [
              20.55,
              42.8825
            ],
            [
              20.55,
              42.82
            ],
            [
              20.48,
              42.82
            ],
            [
              20.48,
              42.8825
            ]
          ]
        ]
      }
    },
    {
      "type": "Feature",
      "properties": {
        "id": "KOS-MIT-000338",
        "parcelIndex": 338,
        "district": "Mitrovica",
        "centroid": [
          20.585,
          42.851
        ],
        "areaHa": 3965.75,
        "shapeType": "rectangular",
        "landUse": "forest_edge",
        "cropType": "pasture",
        "isFarmland": false,
        "farmScore": 52,
        "harvestHealth": 32,
        "soilQuality": 40,
        "waterAccess": 42,
        "slopeRisk": 88,
        "confidence": 1,
        "maskValues": {
          "farmland": 0.506,
          "density": 0.484,
          "health": 0.307,
          "cropType": 0.548
        },
        "noise": {
          "seed": 918273,
          "jitter": 0.112,
          "rotation": 6.54
        },
        "labels": [
          "synthetic",
          "demo",
          "non-farmland"
        ]
      },
      "geometry": {
        "type": "Polygon",
        "coordinates": [
          [
            [
              20.55,
              42.8825
            ],
            [
              20.62,
              42.8825
            ],
            [
              20.62,
              42.82
            ],
            [
              20.55,
              42.82
            ],
            [
              20.55,
              42.8825
            ]
          ]
        ]
      }
    },
    {
      "type": "Feature",
      "properties": {
        "id": "KOS-MIT-000339",
        "parcelIndex": 339,
        "district": "Mitrovica",
        "centroid": [
          20.655,
          42.851
        ],
        "areaHa": 3965.75,
        "shapeType": "rectangular",
        "landUse": "mixed",
        "cropType": "pasture",
        "isFarmland": false,
        "farmScore": 57,
        "harvestHealth": 29,
        "soilQuality": 41,
        "waterAccess": 45,
        "slopeRisk": 92,
        "confidence": 1,
        "maskValues": {
          "farmland": 0.552,
          "density": 0.473,
          "health": 0.363,
          "cropType": 0.585
        },
        "noise": {
          "seed": 918273,
          "jitter": 0.16,
          "rotation": 5.07
        },
        "labels": [
          "synthetic",
          "demo",
          "non-farmland"
        ]
      },
      "geometry": {
        "type": "Polygon",
        "coordinates": [
          [
            [
              20.62,
              42.8825
            ],
            [
              20.69,
              42.8825
            ],
            [
              20.69,
              42.82
            ],
            [
              20.62,
              42.82
            ],
            [
              20.62,
              42.8825
            ]
          ]
        ]
      }
    },
    {
      "type": "Feature",
      "properties": {
        "id": "KOS-MIT-000340",
        "parcelIndex": 340,
        "district": "Mitrovica",
        "centroid": [
          20.725,
          42.867
        ],
        "areaHa": 1952.93,
        "shapeType": "irregular-rect",
        "landUse": "pasture",
        "cropType": "pasture",
        "isFarmland": false,
        "farmScore": 58,
        "harvestHealth": 34,
        "soilQuality": 46,
        "waterAccess": 48,
        "slopeRisk": 95,
        "confidence": 1,
        "maskValues": {
          "farmland": 0.592,
          "density": 0.451,
          "health": 0.452,
          "cropType": 0.608
        },
        "noise": {
          "seed": 918273,
          "jitter": 0.164,
          "rotation": 7.15
        },
        "labels": [
          "synthetic",
          "demo",
          "non-farmland"
        ]
      },
      "geometry": {
        "type": "Polygon",
        "coordinates": [
          [
            [
              20.69,
              42.8825
            ],
            [
              20.76,
              42.8825
            ],
            [
              20.76,
              42.851713960366325
            ],
            [
              20.69,
              42.851713960366325
            ],
            [
              20.69,
              42.8825
            ]
          ]
        ]
      }
    },
    {
      "type": "Feature",
      "properties": {
        "id": "KOS-MIT-000341",
        "parcelIndex": 341,
        "district": "Mitrovica",
        "centroid": [
          20.725,
          42.836
        ],
        "areaHa": 2012.82,
        "shapeType": "irregular-rect",
        "landUse": "fallow",
        "cropType": "fallow",
        "isFarmland": false,
        "farmScore": 62,
        "harvestHealth": 30,
        "soilQuality": 47,
        "waterAccess": 50,
        "slopeRisk": 100,
        "confidence": 1,
        "maskValues": {
          "farmland": 0.59,
          "density": 0.478,
          "health": 0.436,
          "cropType": 0.611
        },
        "noise": {
          "seed": 918273,
          "jitter": 0.127,
          "rotation": -0.11
        },
        "labels": [
          "synthetic",
          "demo",
          "non-farmland"
        ]
      },
      "geometry": {
        "type": "Polygon",
        "coordinates": [
          [
            [
              20.69,
              42.851713960366325
            ],
            [
              20.76,
              42.851713960366325
            ],
            [
              20.76,
              42.82
            ],
            [
              20.69,
              42.82
            ],
            [
              20.69,
              42.851713960366325
            ]
          ]
        ]
      }
    },
    {
      "type": "Feature",
      "properties": {
        "id": "KOS-MIT-000342",
        "parcelIndex": 342,
        "district": "Mitrovica",
        "centroid": [
          20.795,
          42.866
        ],
        "areaHa": 2123.22,
        "shapeType": "irregular-rect",
        "landUse": "farmland",
        "cropType": "corn",
        "isFarmland": true,
        "farmScore": 62,
        "harvestHealth": 44,
        "soilQuality": 53,
        "waterAccess": 52,
        "slopeRisk": 99,
        "confidence": 1,
        "maskValues": {
          "farmland": 0.62,
          "density": 0.457,
          "health": 0.544,
          "cropType": 0.618
        },
        "noise": {
          "seed": 918273,
          "jitter": 0.024,
          "rotation": -1.49
        },
        "labels": [
          "synthetic",
          "demo",
          "farmland"
        ]
      },
      "geometry": {
        "type": "Polygon",
        "coordinates": [
          [
            [
              20.76,
              42.8825
            ],
            [
              20.830000000000002,
              42.8825
            ],
            [
              20.830000000000002,
              42.849030244561725
            ],
            [
              20.76,
              42.849030244561725
            ],
            [
              20.76,
              42.8825
            ]
          ]
        ]
      }
    },
    {
      "type": "Feature",
      "properties": {
        "id": "KOS-MIT-000343",
        "parcelIndex": 343,
        "district": "Mitrovica",
        "centroid": [
          20.795,
          42.835
        ],
        "areaHa": 1842.53,
        "shapeType": "irregular-rect",
        "landUse": "vineyard",
        "cropType": "beans",
        "isFarmland": true,
        "farmScore": 55,
        "harvestHealth": 43,
        "soilQuality": 54,
        "waterAccess": 53,
        "slopeRisk": 100,
        "confidence": 1,
        "maskValues": {
          "farmland": 0.612,
          "density": 0.471,
          "health": 0.523,
          "cropType": 0.616
        },
        "noise": {
          "seed": 918273,
          "jitter": 0.135,
          "rotation": 5.6
        },
        "labels": [
          "synthetic",
          "demo",
          "farmland"
        ]
      },
      "geometry": {
        "type": "Polygon",
        "coordinates": [
          [
            [
              20.76,
              42.849030244561725
            ],
            [
              20.830000000000002,
              42.849030244561725
            ],
            [
              20.830000000000002,
              42.82
            ],
            [
              20.76,
              42.82
            ],
            [
              20.76,
              42.849030244561725
            ]
          ]
        ]
      }
    },
    {
      "type": "Feature",
      "properties": {
        "id": "KOS-MIT-000344",
        "parcelIndex": 344,
        "district": "Mitrovica",
        "centroid": [
          20.865,
          42.869
        ],
        "areaHa": 1655.66,
        "shapeType": "irregular-rect",
        "landUse": "farmland",
        "cropType": "wheat",
        "isFarmland": true,
        "farmScore": 59,
        "harvestHealth": 43,
        "soilQuality": 60,
        "waterAccess": 55,
        "slopeRisk": 98,
        "confidence": 1,
        "maskValues": {
          "farmland": 0.631,
          "density": 0.472,
          "health": 0.631,
          "cropType": 0.61
        },
        "noise": {
          "seed": 918273,
          "jitter": 0.157,
          "rotation": -5.43
        },
        "labels": [
          "synthetic",
          "demo",
          "farmland"
        ]
      },
      "geometry": {
        "type": "Polygon",
        "coordinates": [
          [
            [
              20.830000000000002,
              42.8825
            ],
            [
              20.9,
              42.8825
            ],
            [
              20.9,
              42.85639916153334
            ],
            [
              20.830000000000002,
              42.85639916153334
            ],
            [
              20.830000000000002,
              42.8825
            ]
          ]
        ]
      }
    },
    {
      "type": "Feature",
      "properties": {
        "id": "KOS-MIT-000345",
        "parcelIndex": 345,
        "district": "Mitrovica",
        "centroid": [
          20.865,
          42.838
        ],
        "areaHa": 2310.09,
        "shapeType": "irregular-rect",
        "landUse": "orchard",
        "cropType": "vineyard",
        "isFarmland": true,
        "farmScore": 59,
        "harvestHealth": 46,
        "soilQuality": 60,
        "waterAccess": 54,
        "slopeRisk": 100,
        "confidence": 1,
        "maskValues": {
          "farmland": 0.619,
          "density": 0.469,
          "health": 0.609,
          "cropType": 0.604
        },
        "noise": {
          "seed": 918273,
          "jitter": 0.144,
          "rotation": -0.91
        },
        "labels": [
          "synthetic",
          "demo",
          "farmland"
        ]
      },
      "geometry": {
        "type": "Polygon",
        "coordinates": [
          [
            [
              20.830000000000002,
              42.85639916153334
            ],
            [
              20.9,
              42.85639916153334
            ],
            [
              20.9,
              42.82
            ],
            [
              20.830000000000002,
              42.82
            ],
            [
              20.830000000000002,
              42.85639916153334
            ]
          ]
        ]
      }
    },
    {
      "type": "Feature",
      "properties": {
        "id": "KOS-MIT-000346",
        "parcelIndex": 346,
        "district": "Mitrovica",
        "centroid": [
          20.935,
          42.864
        ],
        "areaHa": 2356.31,
        "shapeType": "rectangular",
        "landUse": "vineyard",
        "cropType": "vegetables",
        "isFarmland": true,
        "farmScore": 63,
        "harvestHealth": 48,
        "soilQuality": 63,
        "waterAccess": 56,
        "slopeRisk": 93,
        "confidence": 1,
        "maskValues": {
          "farmland": 0.617,
          "density": 0.492,
          "health": 0.688,
          "cropType": 0.581
        },
        "noise": {
          "seed": 918273,
          "jitter": 0.151,
          "rotation": -3.24
        },
        "labels": [
          "synthetic",
          "demo",
          "farmland"
        ]
      },
      "geometry": {
        "type": "Polygon",
        "coordinates": [
          [
            [
              20.9,
              42.8825
            ],
            [
              20.97,
              42.8825
            ],
            [
              20.97,
              42.8453571199486
            ],
            [
              20.9,
              42.8453571199486
            ],
            [
              20.9,
              42.8825
            ]
          ]
        ]
      }
    },
    {
      "type": "Feature",
      "properties": {
        "id": "KOS-MIT-000347",
        "parcelIndex": 347,
        "district": "Mitrovica",
        "centroid": [
          20.935,
          42.833
        ],
        "areaHa": 1609.44,
        "shapeType": "irregular-rect",
        "landUse": "forest_edge",
        "cropType": "fallow",
        "isFarmland": false,
        "farmScore": 63,
        "harvestHealth": 47,
        "soilQuality": 63,
        "waterAccess": 54,
        "slopeRisk": 94,
        "confidence": 1,
        "maskValues": {
          "farmland": 0.603,
          "density": 0.473,
          "health": 0.669,
          "cropType": 0.572
        },
        "noise": {
          "seed": 918273,
          "jitter": 0.071,
          "rotation": 2.87
        },
        "labels": [
          "synthetic",
          "demo",
          "non-farmland"
        ]
      },
      "geometry": {
        "type": "Polygon",
        "coordinates": [
          [
            [
              20.9,
              42.8453571199486
            ],
            [
              20.97,
              42.8453571199486
            ],
            [
              20.97,
              42.82
            ],
            [
              20.9,
              42.82
            ],
            [
              20.9,
              42.8453571199486
            ]
          ]
        ]
      }
    },
    {
      "type": "Feature",
      "properties": {
        "id": "KOS-MIT-000348",
        "parcelIndex": 348,
        "district": "Mitrovica",
        "centroid": [
          21.005,
          42.868
        ],
        "areaHa": 1833.75,
        "shapeType": "irregular-rect",
        "landUse": "farmland",
        "cropType": "corn",
        "isFarmland": true,
        "farmScore": 54,
        "harvestHealth": 54,
        "soilQuality": 63,
        "waterAccess": 56,
        "slopeRisk": 88,
        "confidence": 1,
        "maskValues": {
          "farmland": 0.585,
          "density": 0.522,
          "health": 0.714,
          "cropType": 0.538
        },
        "noise": {
          "seed": 918273,
          "jitter": 0.075,
          "rotation": -5.05
        },
        "labels": [
          "synthetic",
          "demo",
          "farmland"
        ]
      },
      "geometry": {
        "type": "Polygon",
        "coordinates": [
          [
            [
              20.97,
              42.8825
            ],
            [
              21.04,
              42.8825
            ],
            [
              21.04,
              42.853592398377366
            ],
            [
              20.97,
              42.853592398377366
            ],
            [
              20.97,
              42.8825
            ]
          ]
        ]
      }
    },
    {
      "type": "Feature",
      "properties": {
        "id": "KOS-MIT-000349",
        "parcelIndex": 349,
        "district": "Mitrovica",
        "centroid": [
          21.005,
          42.837
        ],
        "areaHa": 2132,
        "shapeType": "irregular-rect",
        "landUse": "fallow",
        "cropType": "mixed",
        "isFarmland": false,
        "farmScore": 54,
        "harvestHealth": 51,
        "soilQuality": 62,
        "waterAccess": 53,
        "slopeRisk": 88,
        "confidence": 1,
        "maskValues": {
          "farmland": 0.573,
          "density": 0.489,
          "health": 0.704,
          "cropType": 0.53
        },
        "noise": {
          "seed": 918273,
          "jitter": 0.135,
          "rotation": -5.14
        },
        "labels": [
          "synthetic",
          "demo",
          "non-farmland"
        ]
      },
      "geometry": {
        "type": "Polygon",
        "coordinates": [
          [
            [
              20.97,
              42.853592398377366
            ],
            [
              21.04,
              42.853592398377366
            ],
            [
              21.04,
              42.82
            ],
            [
              20.97,
              42.82
            ],
            [
              20.97,
              42.853592398377366
            ]
          ]
        ]
      }
    },
    {
      "type": "Feature",
      "properties": {
        "id": "KOS-PDJ-000350",
        "parcelIndex": 350,
        "district": "Podujeva",
        "centroid": [
          21.075,
          42.851
        ],
        "areaHa": 3965.75,
        "shapeType": "rectangular",
        "landUse": "farmland",
        "cropType": "corn",
        "isFarmland": true,
        "farmScore": 50,
        "harvestHealth": 58,
        "soilQuality": 58,
        "waterAccess": 54,
        "slopeRisk": 86,
        "confidence": 1,
        "maskValues": {
          "farmland": 0.532,
          "density": 0.524,
          "health": 0.7,
          "cropType": 0.482
        },
        "noise": {
          "seed": 918273,
          "jitter": 0.062,
          "rotation": 3.78
        },
        "labels": [
          "synthetic",
          "demo",
          "farmland"
        ]
      },
      "geometry": {
        "type": "Polygon",
        "coordinates": [
          [
            [
              21.04,
              42.8825
            ],
            [
              21.11,
              42.8825
            ],
            [
              21.11,
              42.82
            ],
            [
              21.04,
              42.82
            ],
            [
              21.04,
              42.8825
            ]
          ]
        ]
      }
    },
    {
      "type": "Feature",
      "properties": {
        "id": "KOS-PDJ-000351",
        "parcelIndex": 351,
        "district": "Podujeva",
        "centroid": [
          21.145,
          42.851
        ],
        "areaHa": 3965.75,
        "shapeType": "rectangular",
        "landUse": "mixed",
        "cropType": "pasture",
        "isFarmland": false,
        "farmScore": 52,
        "harvestHealth": 51,
        "soilQuality": 52,
        "waterAccess": 54,
        "slopeRisk": 89,
        "confidence": 1,
        "maskValues": {
          "farmland": 0.477,
          "density": 0.542,
          "health": 0.653,
          "cropType": 0.432
        },
        "noise": {
          "seed": 918273,
          "jitter": 0.043,
          "rotation": -6.65
        },
        "labels": [
          "synthetic",
          "demo",
          "non-farmland"
        ]
      },
      "geometry": {
        "type": "Polygon",
        "coordinates": [
          [
            [
              21.11,
              42.8825
            ],
            [
              21.18,
              42.8825
            ],
            [
              21.18,
              42.82
            ],
            [
              21.11,
              42.82
            ],
            [
              21.11,
              42.8825
            ]
          ]
        ]
      }
    },
    {
      "type": "Feature",
      "properties": {
        "id": "KOS-PDJ-000352",
        "parcelIndex": 352,
        "district": "Podujeva",
        "centroid": [
          21.215,
          42.851
        ],
        "areaHa": 3965.75,
        "shapeType": "rectangular",
        "landUse": "orchard",
        "cropType": "wheat",
        "isFarmland": true,
        "farmScore": 49,
        "harvestHealth": 47,
        "soilQuality": 47,
        "waterAccess": 54,
        "slopeRisk": 97,
        "confidence": 1,
        "maskValues": {
          "farmland": 0.424,
          "density": 0.553,
          "health": 0.578,
          "cropType": 0.391
        },
        "noise": {
          "seed": 918273,
          "jitter": 0.119,
          "rotation": -6.28
        },
        "labels": [
          "synthetic",
          "demo",
          "farmland"
        ]
      },
      "geometry": {
        "type": "Polygon",
        "coordinates": [
          [
            [
              21.18,
              42.8825
            ],
            [
              21.25,
              42.8825
            ],
            [
              21.25,
              42.82
            ],
            [
              21.18,
              42.82
            ],
            [
              21.18,
              42.8825
            ]
          ]
        ]
      }
    },
    {
      "type": "Feature",
      "properties": {
        "id": "KOS-PDJ-000353",
        "parcelIndex": 353,
        "district": "Podujeva",
        "centroid": [
          21.285,
          42.851
        ],
        "areaHa": 3965.75,
        "shapeType": "rectangular",
        "landUse": "vineyard",
        "cropType": "vegetables",
        "isFarmland": true,
        "farmScore": 39,
        "harvestHealth": 37,
        "soilQuality": 45,
        "waterAccess": 54,
        "slopeRisk": 100,
        "confidence": 1,
        "maskValues": {
          "farmland": 0.383,
          "density": 0.553,
          "health": 0.488,
          "cropType": 0.368
        },
        "noise": {
          "seed": 918273,
          "jitter": 0.173,
          "rotation": -4.53
        },
        "labels": [
          "synthetic",
          "demo",
          "farmland"
        ]
      },
      "geometry": {
        "type": "Polygon",
        "coordinates": [
          [
            [
              21.25,
              42.8825
            ],
            [
              21.32,
              42.8825
            ],
            [
              21.32,
              42.82
            ],
            [
              21.25,
              42.82
            ],
            [
              21.25,
              42.8825
            ]
          ]
        ]
      }
    },
    {
      "type": "Feature",
      "properties": {
        "id": "KOS-PDJ-000354",
        "parcelIndex": 354,
        "district": "Podujeva",
        "centroid": [
          21.355,
          42.851
        ],
        "areaHa": 3965.75,
        "shapeType": "rectangular",
        "landUse": "mixed",
        "cropType": "pasture",
        "isFarmland": false,
        "farmScore": 43,
        "harvestHealth": 37,
        "soilQuality": 45,
        "waterAccess": 52,
        "slopeRisk": 100,
        "confidence": 1,
        "maskValues": {
          "farmland": 0.361,
          "density": 0.544,
          "health": 0.401,
          "cropType": 0.367
        },
        "noise": {
          "seed": 918273,
          "jitter": 0.133,
          "rotation": 2.71
        },
        "labels": [
          "synthetic",
          "demo",
          "non-farmland"
        ]
      },
      "geometry": {
        "type": "Polygon",
        "coordinates": [
          [
            [
              21.32,
              42.8825
            ],
            [
              21.39,
              42.8825
            ],
            [
              21.39,
              42.82
            ],
            [
              21.32,
              42.82
            ],
            [
              21.32,
              42.8825
            ]
          ]
        ]
      }
    },
    {
      "type": "Feature",
      "properties": {
        "id": "KOS-PDJ-000355",
        "parcelIndex": 355,
        "district": "Podujeva",
        "centroid": [
          21.425,
          42.864
        ],
        "areaHa": 2335.99,
        "shapeType": "irregular-rect",
        "landUse": "fallow",
        "cropType": "pasture",
        "isFarmland": false,
        "farmScore": 39,
        "harvestHealth": 29,
        "soilQuality": 44,
        "waterAccess": 48,
        "slopeRisk": 100,
        "confidence": 1,
        "maskValues": {
          "farmland": 0.357,
          "density": 0.518,
          "health": 0.326,
          "cropType": 0.388
        },
        "noise": {
          "seed": 918273,
          "jitter": 0.158,
          "rotation": 4.51
        },
        "labels": [
          "synthetic",
          "demo",
          "non-farmland"
        ]
      },
      "geometry": {
        "type": "Polygon",
        "coordinates": [
          [
            [
              21.39,
              42.8825
            ],
            [
              21.46,
              42.8825
            ],
            [
              21.46,
              42.84567734280892
            ],
            [
              21.39,
              42.84567734280892
            ],
            [
              21.39,
              42.8825
            ]
          ]
        ]
      }
    },
    {
      "type": "Feature",
      "properties": {
        "id": "KOS-PDJ-000356",
        "parcelIndex": 356,
        "district": "Podujeva",
        "centroid": [
          21.425,
          42.833
        ],
        "areaHa": 1629.76,
        "shapeType": "irregular-rect",
        "landUse": "pasture",
        "cropType": "pasture",
        "isFarmland": false,
        "farmScore": 38,
        "harvestHealth": 32,
        "soilQuality": 45,
        "waterAccess": 48,
        "slopeRisk": 100,
        "confidence": 1,
        "maskValues": {
          "farmland": 0.372,
          "density": 0.536,
          "health": 0.342,
          "cropType": 0.395
        },
        "noise": {
          "seed": 918273,
          "jitter": 0.108,
          "rotation": -5.79
        },
        "labels": [
          "synthetic",
          "demo",
          "non-farmland"
        ]
      },
      "geometry": {
        "type": "Polygon",
        "coordinates": [
          [
            [
              21.39,
              42.84567734280892
            ],
            [
              21.46,
              42.84567734280892
            ],
            [
              21.46,
              42.82
            ],
            [
              21.39,
              42.82
            ],
            [
              21.39,
              42.84567734280892
            ]
          ]
        ]
      }
    },
    {
      "type": "Feature",
      "properties": {
        "id": "KOS-PDJ-000357",
        "parcelIndex": 357,
        "district": "Podujeva",
        "centroid": [
          21.495,
          42.851
        ],
        "areaHa": 3965.75,
        "shapeType": "rectangular",
        "landUse": "forest_edge",
        "cropType": "mixed",
        "isFarmland": false,
        "farmScore": 44,
        "harvestHealth": 26,
        "soilQuality": 44,
        "waterAccess": 44,
        "slopeRisk": 97,
        "confidence": 1,
        "maskValues": {
          "farmland": 0.388,
          "density": 0.501,
          "health": 0.295,
          "cropType": 0.433
        },
        "noise": {
          "seed": 918273,
          "jitter": 0.15,
          "rotation": -0.36
        },
        "labels": [
          "synthetic",
          "demo",
          "non-farmland"
        ]
      },
      "geometry": {
        "type": "Polygon",
        "coordinates": [
          [
            [
              21.46,
              42.8825
            ],
            [
              21.53,
              42.8825
            ],
            [
              21.53,
              42.82
            ],
            [
              21.46,
              42.82
            ],
            [
              21.46,
              42.8825
            ]
          ]
        ]
      }
    },
    {
      "type": "Feature",
      "properties": {
        "id": "KOS-PDJ-000358",
        "parcelIndex": 358,
        "district": "Podujeva",
        "centroid": [
          21.565,
          42.851
        ],
        "areaHa": 3965.75,
        "shapeType": "rectangular",
        "landUse": "orchard",
        "cropType": "wheat",
        "isFarmland": true,
        "farmScore": 42,
        "harvestHealth": 22,
        "soilQuality": 43,
        "waterAccess": 40,
        "slopeRisk": 90,
        "confidence": 1,
        "maskValues": {
          "farmland": 0.434,
          "density": 0.474,
          "health": 0.296,
          "cropType": 0.488
        },
        "noise": {
          "seed": 918273,
          "jitter": 0.13,
          "rotation": 1.69
        },
        "labels": [
          "synthetic",
          "demo",
          "farmland"
        ]
      },
      "geometry": {
        "type": "Polygon",
        "coordinates": [
          [
            [
              21.53,
              42.8825
            ],
            [
              21.6,
              42.8825
            ],
            [
              21.6,
              42.82
            ],
            [
              21.53,
              42.82
            ],
            [
              21.53,
              42.8825
            ]
          ]
        ]
      }
    },
    {
      "type": "Feature",
      "properties": {
        "id": "KOS-GJN-000359",
        "parcelIndex": 359,
        "district": "Gjilan",
        "centroid": [
          21.644,
          42.851
        ],
        "areaHa": 3816.73,
        "shapeType": "rectangular",
        "landUse": "fallow",
        "cropType": "pasture",
        "isFarmland": false,
        "farmScore": 46,
        "harvestHealth": 33,
        "soilQuality": 43,
        "waterAccess": 40,
        "slopeRisk": 86,
        "confidence": 0.984,
        "maskValues": {
          "farmland": 0.5,
          "density": 0.448,
          "health": 0.343,
          "cropType": 0.554
        },
        "noise": {
          "seed": 918273,
          "jitter": 0.161,
          "rotation": 7.03
        },
        "labels": [
          "synthetic",
          "demo",
          "non-farmland"
        ]
      },
      "geometry": {
        "type": "Polygon",
        "coordinates": [
          [
            [
              21.6,
              42.8825
            ],
            [
              21.65626923076923,
              42.8825
            ],
            [
              21.669999999999998,
              42.864285714285714
            ],
            [
              21.669999999999998,
              42.835
            ],
            [
              21.664749999999998,
              42.82
            ],
            [
              21.6,
              42.82
            ],
            [
              21.6,
              42.8825
            ]
          ]
        ]
      }
    },
    {
      "type": "Feature",
      "properties": {
        "id": "KOS-GJN-000360",
        "parcelIndex": 360,
        "district": "Gjilan",
        "centroid": [
          21.672,
          42.851
        ],
        "areaHa": 92.91,
        "shapeType": "irregular-rect",
        "landUse": "farmland",
        "cropType": "wheat",
        "isFarmland": true,
        "farmScore": 48,
        "harvestHealth": 33,
        "soilQuality": 43,
        "waterAccess": 41,
        "slopeRisk": 86,
        "confidence": 0.86,
        "maskValues": {
          "farmland": 0.525,
          "density": 0.439,
          "health": 0.371,
          "cropType": 0.576
        },
        "noise": {
          "seed": 918273,
          "jitter": 0.089,
          "rotation": -0.3
        },
        "labels": [
          "synthetic",
          "demo",
          "farmland"
        ]
      },
      "geometry": {
        "type": "Polygon",
        "coordinates": [
          [
            [
              21.669999999999998,
              42.864285714285714
            ],
            [
              21.677,
              42.855
            ],
            [
              21.669999999999998,
              42.835
            ],
            [
              21.669999999999998,
              42.864285714285714
            ]
          ]
        ]
      }
    },
    {
      "type": "Feature",
      "properties": {
        "id": "KOS-PEJ-000370",
        "parcelIndex": 370,
        "district": "Peja",
        "centroid": [
          20.057,
          42.775
        ],
        "areaHa": 184.3,
        "shapeType": "irregular-rect",
        "landUse": "vineyard",
        "cropType": "orchard",
        "isFarmland": true,
        "farmScore": 41,
        "harvestHealth": 49,
        "soilQuality": 51,
        "waterAccess": 50,
        "slopeRisk": 96,
        "confidence": 0.861,
        "maskValues": {
          "farmland": 0.449,
          "density": 0.447,
          "health": 0.652,
          "cropType": 0.406
        },
        "noise": {
          "seed": 918273,
          "jitter": 0.127,
          "rotation": -5.2
        },
        "labels": [
          "synthetic",
          "demo",
          "farmland"
        ]
      },
      "geometry": {
        "type": "Polygon",
        "coordinates": [
          [
            [
              20.05226315789474,
              42.7575
            ],
            [
              20.060000000000002,
              42.81
            ],
            [
              20.060000000000002,
              42.7575
            ],
            [
              20.05226315789474,
              42.7575
            ]
          ]
        ]
      }
    },
    {
      "type": "Feature",
      "properties": {
        "id": "KOS-PEJ-000371",
        "parcelIndex": 371,
        "district": "Peja",
        "centroid": [
          20.088,
          42.793
        ],
        "areaHa": 3962.71,
        "shapeType": "rectangular",
        "landUse": "fallow",
        "cropType": "vineyard",
        "isFarmland": true,
        "farmScore": 49,
        "harvestHealth": 51,
        "soilQuality": 51,
        "waterAccess": 51,
        "slopeRisk": 95,
        "confidence": 1,
        "maskValues": {
          "farmland": 0.436,
          "density": 0.462,
          "health": 0.66,
          "cropType": 0.398
        },
        "noise": {
          "seed": 918273,
          "jitter": 0.072,
          "rotation": -0.05
        },
        "labels": [
          "synthetic",
          "demo",
          "farmland"
        ]
      },
      "geometry": {
        "type": "Polygon",
        "coordinates": [
          [
            [
              20.060000000000002,
              42.81
            ],
            [
              20.061555555555557,
              42.82
            ],
            [
              20.130000000000003,
              42.82
            ],
            [
              20.130000000000003,
              42.7575
            ],
            [
              20.060000000000002,
              42.7575
            ],
            [
              20.060000000000002,
              42.81
            ]
          ]
        ]
      }
    },
    {
      "type": "Feature",
      "properties": {
        "id": "KOS-PEJ-000372",
        "parcelIndex": 372,
        "district": "Peja",
        "centroid": [
          20.165,
          42.789
        ],
        "areaHa": 3969.76,
        "shapeType": "rectangular",
        "landUse": "vineyard",
        "cropType": "barley",
        "isFarmland": true,
        "farmScore": 39,
        "harvestHealth": 49,
        "soilQuality": 50,
        "waterAccess": 51,
        "slopeRisk": 100,
        "confidence": 1,
        "maskValues": {
          "farmland": 0.404,
          "density": 0.465,
          "health": 0.615,
          "cropType": 0.379
        },
        "noise": {
          "seed": 918273,
          "jitter": 0.098,
          "rotation": -3.8
        },
        "labels": [
          "synthetic",
          "demo",
          "farmland"
        ]
      },
      "geometry": {
        "type": "Polygon",
        "coordinates": [
          [
            [
              20.130000000000003,
              42.82
            ],
            [
              20.200000000000003,
              42.82
            ],
            [
              20.200000000000003,
              42.7575
            ],
            [
              20.130000000000003,
              42.7575
            ],
            [
              20.130000000000003,
              42.82
            ]
          ]
        ]
      }
    },
    {
      "type": "Feature",
      "properties": {
        "id": "KOS-PEJ-000373",
        "parcelIndex": 373,
        "district": "Peja",
        "centroid": [
          20.235,
          42.789
        ],
        "areaHa": 3969.76,
        "shapeType": "rectangular",
        "landUse": "pasture",
        "cropType": "fallow",
        "isFarmland": false,
        "farmScore": 41,
        "harvestHealth": 36,
        "soilQuality": 51,
        "waterAccess": 49,
        "slopeRisk": 99,
        "confidence": 1,
        "maskValues": {
          "farmland": 0.393,
          "density": 0.48,
          "health": 0.553,
          "cropType": 0.385
        },
        "noise": {
          "seed": 918273,
          "jitter": 0.077,
          "rotation": 7.08
        },
        "labels": [
          "synthetic",
          "demo",
          "non-farmland"
        ]
      },
      "geometry": {
        "type": "Polygon",
        "coordinates": [
          [
            [
              20.200000000000003,
              42.82
            ],
            [
              20.27,
              42.82
            ],
            [
              20.27,
              42.7575
            ],
            [
              20.200000000000003,
              42.7575
            ],
            [
              20.200000000000003,
              42.82
            ]
          ]
        ]
      }
    },
    {
      "type": "Feature",
      "properties": {
        "id": "KOS-PEJ-000374",
        "parcelIndex": 374,
        "district": "Peja",
        "centroid": [
          20.305,
          42.789
        ],
        "areaHa": 3969.76,
        "shapeType": "rectangular",
        "landUse": "vineyard",
        "cropType": "pasture",
        "isFarmland": true,
        "farmScore": 46,
        "harvestHealth": 40,
        "soilQuality": 50,
        "waterAccess": 47,
        "slopeRisk": 94,
        "confidence": 1,
        "maskValues": {
          "farmland": 0.399,
          "density": 0.5,
          "health": 0.479,
          "cropType": 0.409
        },
        "noise": {
          "seed": 918273,
          "jitter": 0.069,
          "rotation": 5.25
        },
        "labels": [
          "synthetic",
          "demo",
          "farmland"
        ]
      },
      "geometry": {
        "type": "Polygon",
        "coordinates": [
          [
            [
              20.27,
              42.82
            ],
            [
              20.34,
              42.82
            ],
            [
              20.34,
              42.7575
            ],
            [
              20.27,
              42.7575
            ],
            [
              20.27,
              42.82
            ]
          ]
        ]
      }
    },
    {
      "type": "Feature",
      "properties": {
        "id": "KOS-PEJ-000375",
        "parcelIndex": 375,
        "district": "Peja",
        "centroid": [
          20.375,
          42.789
        ],
        "areaHa": 3969.76,
        "shapeType": "rectangular",
        "landUse": "farmland",
        "cropType": "barley",
        "isFarmland": true,
        "farmScore": 40,
        "harvestHealth": 36,
        "soilQuality": 47,
        "waterAccess": 45,
        "slopeRisk": 87,
        "confidence": 1,
        "maskValues": {
          "farmland": 0.421,
          "density": 0.522,
          "health": 0.409,
          "cropType": 0.446
        },
        "noise": {
          "seed": 918273,
          "jitter": 0.067,
          "rotation": -2.25
        },
        "labels": [
          "synthetic",
          "demo",
          "farmland"
        ]
      },
      "geometry": {
        "type": "Polygon",
        "coordinates": [
          [
            [
              20.34,
              42.82
            ],
            [
              20.41,
              42.82
            ],
            [
              20.41,
              42.7575
            ],
            [
              20.34,
              42.7575
            ],
            [
              20.34,
              42.82
            ]
          ]
        ]
      }
    },
    {
      "type": "Feature",
      "properties": {
        "id": "KOS-PEJ-000376",
        "parcelIndex": 376,
        "district": "Peja",
        "centroid": [
          20.445,
          42.789
        ],
        "areaHa": 3969.76,
        "shapeType": "rectangular",
        "landUse": "mixed",
        "cropType": "corn",
        "isFarmland": true,
        "farmScore": 50,
        "harvestHealth": 27,
        "soilQuality": 44,
        "waterAccess": 44,
        "slopeRisk": 83,
        "confidence": 1,
        "maskValues": {
          "farmland": 0.454,
          "density": 0.539,
          "health": 0.355,
          "cropType": 0.49
        },
        "noise": {
          "seed": 918273,
          "jitter": 0.134,
          "rotation": 7.43
        },
        "labels": [
          "synthetic",
          "demo",
          "farmland"
        ]
      },
      "geometry": {
        "type": "Polygon",
        "coordinates": [
          [
            [
              20.41,
              42.82
            ],
            [
              20.48,
              42.82
            ],
            [
              20.48,
              42.7575
            ],
            [
              20.41,
              42.7575
            ],
            [
              20.41,
              42.82
            ]
          ]
        ]
      }
    },
    {
      "type": "Feature",
      "properties": {
        "id": "KOS-PEJ-000377",
        "parcelIndex": 377,
        "district": "Peja",
        "centroid": [
          20.515,
          42.789
        ],
        "areaHa": 3969.76,
        "shapeType": "rectangular",
        "landUse": "farmland",
        "cropType": "corn",
        "isFarmland": true,
        "farmScore": 48,
        "harvestHealth": 35,
        "soilQuality": 41,
        "waterAccess": 45,
        "slopeRisk": 84,
        "confidence": 1,
        "maskValues": {
          "farmland": 0.493,
          "density": 0.547,
          "health": 0.327,
          "cropType": 0.535
        },
        "noise": {
          "seed": 918273,
          "jitter": 0.057,
          "rotation": 5.74
        },
        "labels": [
          "synthetic",
          "demo",
          "farmland"
        ]
      },
      "geometry": {
        "type": "Polygon",
        "coordinates": [
          [
            [
              20.48,
              42.82
            ],
            [
              20.55,
              42.82
            ],
            [
              20.55,
              42.7575
            ],
            [
              20.48,
              42.7575
            ],
            [
              20.48,
              42.82
            ]
          ]
        ]
      }
    },
    {
      "type": "Feature",
      "properties": {
        "id": "KOS-MIT-000378",
        "parcelIndex": 378,
        "district": "Mitrovica",
        "centroid": [
          20.585,
          42.789
        ],
        "areaHa": 3969.76,
        "shapeType": "rectangular",
        "landUse": "farmland",
        "cropType": "beans",
        "isFarmland": true,
        "farmScore": 49,
        "harvestHealth": 31,
        "soilQuality": 40,
        "waterAccess": 48,
        "slopeRisk": 91,
        "confidence": 1,
        "maskValues": {
          "farmland": 0.532,
          "density": 0.545,
          "health": 0.332,
          "cropType": 0.573
        },
        "noise": {
          "seed": 918273,
          "jitter": 0.077,
          "rotation": -3.25
        },
        "labels": [
          "synthetic",
          "demo",
          "farmland"
        ]
      },
      "geometry": {
        "type": "Polygon",
        "coordinates": [
          [
            [
              20.55,
              42.82
            ],
            [
              20.62,
              42.82
            ],
            [
              20.62,
              42.7575
            ],
            [
              20.55,
              42.7575
            ],
            [
              20.55,
              42.82
            ]
          ]
        ]
      }
    },
    {
      "type": "Feature",
      "properties": {
        "id": "KOS-MIT-000379",
        "parcelIndex": 379,
        "district": "Mitrovica",
        "centroid": [
          20.655,
          42.806
        ],
        "areaHa": 1838.58,
        "shapeType": "irregular-rect",
        "landUse": "fallow",
        "cropType": "mixed",
        "isFarmland": false,
        "farmScore": 51,
        "harvestHealth": 29,
        "soilQuality": 43,
        "waterAccess": 50,
        "slopeRisk": 97,
        "confidence": 1,
        "maskValues": {
          "farmland": 0.564,
          "density": 0.515,
          "health": 0.367,
          "cropType": 0.598
        },
        "noise": {
          "seed": 918273,
          "jitter": 0.116,
          "rotation": -3.49
        },
        "labels": [
          "synthetic",
          "demo",
          "non-farmland"
        ]
      },
      "geometry": {
        "type": "Polygon",
        "coordinates": [
          [
            [
              20.62,
              42.82
            ],
            [
              20.69,
              42.82
            ],
            [
              20.69,
              42.79104557819257
            ],
            [
              20.62,
              42.79104557819257
            ],
            [
              20.62,
              42.82
            ]
          ]
        ]
      }
    },
    {
      "type": "Feature",
      "properties": {
        "id": "KOS-MIT-000380",
        "parcelIndex": 380,
        "district": "Mitrovica",
        "centroid": [
          20.655,
          42.774
        ],
        "areaHa": 2131.19,
        "shapeType": "irregular-rect",
        "landUse": "pasture",
        "cropType": "fallow",
        "isFarmland": false,
        "farmScore": 54,
        "harvestHealth": 26,
        "soilQuality": 44,
        "waterAccess": 53,
        "slopeRisk": 100,
        "confidence": 1,
        "maskValues": {
          "farmland": 0.567,
          "density": 0.545,
          "health": 0.371,
          "cropType": 0.602
        },
        "noise": {
          "seed": 918273,
          "jitter": 0.085,
          "rotation": 6.24
        },
        "labels": [
          "synthetic",
          "demo",
          "non-farmland"
        ]
      },
      "geometry": {
        "type": "Polygon",
        "coordinates": [
          [
            [
              20.62,
              42.79104557819257
            ],
            [
              20.69,
              42.79104557819257
            ],
            [
              20.69,
              42.7575
            ],
            [
              20.62,
              42.7575
            ],
            [
              20.62,
              42.79104557819257
            ]
          ]
        ]
      }
    },
    {
      "type": "Feature",
      "properties": {
        "id": "KOS-MIT-000381",
        "parcelIndex": 381,
        "district": "Mitrovica",
        "centroid": [
          20.725,
          42.802
        ],
        "areaHa": 2265.12,
        "shapeType": "irregular-rect",
        "landUse": "farmland",
        "cropType": "corn",
        "isFarmland": true,
        "farmScore": 54,
        "harvestHealth": 34,
        "soilQuality": 49,
        "waterAccess": 53,
        "slopeRisk": 100,
        "confidence": 1,
        "maskValues": {
          "farmland": 0.592,
          "density": 0.501,
          "health": 0.434,
          "cropType": 0.612
        },
        "noise": {
          "seed": 918273,
          "jitter": 0.084,
          "rotation": 3.81
        },
        "labels": [
          "synthetic",
          "demo",
          "farmland"
        ]
      },
      "geometry": {
        "type": "Polygon",
        "coordinates": [
          [
            [
              20.69,
              42.82
            ],
            [
              20.76,
              42.82
            ],
            [
              20.76,
              42.784330214288204
            ],
            [
              20.69,
              42.784330214288204
            ],
            [
              20.69,
              42.82
            ]
          ]
        ]
      }
    },
    {
      "type": "Feature",
      "properties": {
        "id": "KOS-MIT-000382",
        "parcelIndex": 382,
        "district": "Mitrovica",
        "centroid": [
          20.725,
          42.771
        ],
        "areaHa": 1704.64,
        "shapeType": "irregular-rect",
        "landUse": "fallow",
        "cropType": "pasture",
        "isFarmland": false,
        "farmScore": 61,
        "harvestHealth": 31,
        "soilQuality": 51,
        "waterAccess": 55,
        "slopeRisk": 100,
        "confidence": 1,
        "maskValues": {
          "farmland": 0.587,
          "density": 0.525,
          "health": 0.424,
          "cropType": 0.611
        },
        "noise": {
          "seed": 918273,
          "jitter": 0.148,
          "rotation": -0.93
        },
        "labels": [
          "synthetic",
          "demo",
          "non-farmland"
        ]
      },
      "geometry": {
        "type": "Polygon",
        "coordinates": [
          [
            [
              20.69,
              42.784330214288204
            ],
            [
              20.76,
              42.784330214288204
            ],
            [
              20.76,
              42.7575
            ],
            [
              20.69,
              42.7575
            ],
            [
              20.69,
              42.784330214288204
            ]
          ]
        ]
      }
    },
    {
      "type": "Feature",
      "properties": {
        "id": "KOS-MIT-000383",
        "parcelIndex": 383,
        "district": "Mitrovica",
        "centroid": [
          20.795,
          42.802
        ],
        "areaHa": 2268.49,
        "shapeType": "irregular-rect",
        "landUse": "mixed",
        "cropType": "pasture",
        "isFarmland": true,
        "farmScore": 55,
        "harvestHealth": 41,
        "soilQuality": 56,
        "waterAccess": 55,
        "slopeRisk": 100,
        "confidence": 1,
        "maskValues": {
          "farmland": 0.606,
          "density": 0.483,
          "health": 0.514,
          "cropType": 0.609
        },
        "noise": {
          "seed": 918273,
          "jitter": 0.153,
          "rotation": -0.67
        },
        "labels": [
          "synthetic",
          "demo",
          "farmland"
        ]
      },
      "geometry": {
        "type": "Polygon",
        "coordinates": [
          [
            [
              20.76,
              42.82
            ],
            [
              20.830000000000002,
              42.82
            ],
            [
              20.830000000000002,
              42.784277040676095
            ],
            [
              20.76,
              42.784277040676095
            ],
            [
              20.76,
              42.82
            ]
          ]
        ]
      }
    },
    {
      "type": "Feature",
      "properties": {
        "id": "KOS-MIT-000384",
        "parcelIndex": 384,
        "district": "Mitrovica",
        "centroid": [
          20.795,
          42.771
        ],
        "areaHa": 1701.27,
        "shapeType": "irregular-rect",
        "landUse": "farmland",
        "cropType": "barley",
        "isFarmland": true,
        "farmScore": 54,
        "harvestHealth": 37,
        "soilQuality": 57,
        "waterAccess": 55,
        "slopeRisk": 100,
        "confidence": 1,
        "maskValues": {
          "farmland": 0.594,
          "density": 0.497,
          "health": 0.49,
          "cropType": 0.602
        },
        "noise": {
          "seed": 918273,
          "jitter": 0.102,
          "rotation": -0.32
        },
        "labels": [
          "synthetic",
          "demo",
          "farmland"
        ]
      },
      "geometry": {
        "type": "Polygon",
        "coordinates": [
          [
            [
              20.76,
              42.784277040676095
            ],
            [
              20.830000000000002,
              42.784277040676095
            ],
            [
              20.830000000000002,
              42.7575
            ],
            [
              20.76,
              42.7575
            ],
            [
              20.76,
              42.784277040676095
            ]
          ]
        ]
      }
    },
    {
      "type": "Feature",
      "properties": {
        "id": "KOS-MIT-000385",
        "parcelIndex": 385,
        "district": "Mitrovica",
        "centroid": [
          20.865,
          42.806
        ],
        "areaHa": 1823.18,
        "shapeType": "irregular-rect",
        "landUse": "orchard",
        "cropType": "barley",
        "isFarmland": true,
        "farmScore": 61,
        "harvestHealth": 41,
        "soilQuality": 61,
        "waterAccess": 54,
        "slopeRisk": 100,
        "confidence": 1,
        "maskValues": {
          "farmland": 0.605,
          "density": 0.47,
          "health": 0.596,
          "cropType": 0.59
        },
        "noise": {
          "seed": 918273,
          "jitter": 0.073,
          "rotation": -4.72
        },
        "labels": [
          "synthetic",
          "demo",
          "farmland"
        ]
      },
      "geometry": {
        "type": "Polygon",
        "coordinates": [
          [
            [
              20.830000000000002,
              42.82
            ],
            [
              20.9,
              42.82
            ],
            [
              20.9,
              42.79128804743115
            ],
            [
              20.830000000000002,
              42.79128804743115
            ],
            [
              20.830000000000002,
              42.82
            ]
          ]
        ]
      }
    },
    {
      "type": "Feature",
      "properties": {
        "id": "KOS-MIT-000386",
        "parcelIndex": 386,
        "district": "Mitrovica",
        "centroid": [
          20.865,
          42.774
        ],
        "areaHa": 2146.59,
        "shapeType": "irregular-rect",
        "landUse": "mixed",
        "cropType": "vegetables",
        "isFarmland": true,
        "farmScore": 61,
        "harvestHealth": 43,
        "soilQuality": 60,
        "waterAccess": 54,
        "slopeRisk": 100,
        "confidence": 1,
        "maskValues": {
          "farmland": 0.589,
          "density": 0.469,
          "health": 0.564,
          "cropType": 0.579
        },
        "noise": {
          "seed": 918273,
          "jitter": 0.121,
          "rotation": -5.56
        },
        "labels": [
          "synthetic",
          "demo",
          "farmland"
        ]
      },
      "geometry": {
        "type": "Polygon",
        "coordinates": [
          [
            [
              20.830000000000002,
              42.79128804743115
            ],
            [
              20.9,
              42.79128804743115
            ],
            [
              20.9,
              42.7575
            ],
            [
              20.830000000000002,
              42.7575
            ],
            [
              20.830000000000002,
              42.79128804743115
            ]
          ]
        ]
      }
    },
    {
      "type": "Feature",
      "properties": {
        "id": "KOS-MIT-000387",
        "parcelIndex": 387,
        "district": "Mitrovica",
        "centroid": [
          20.935,
          42.805
        ],
        "areaHa": 1913.31,
        "shapeType": "irregular-rect",
        "landUse": "mixed",
        "cropType": "mixed",
        "isFarmland": false,
        "farmScore": 56,
        "harvestHealth": 49,
        "soilQuality": 62,
        "waterAccess": 53,
        "slopeRisk": 94,
        "confidence": 1,
        "maskValues": {
          "farmland": 0.585,
          "density": 0.464,
          "health": 0.657,
          "cropType": 0.555
        },
        "noise": {
          "seed": 918273,
          "jitter": 0.024,
          "rotation": -2.32
        },
        "labels": [
          "synthetic",
          "demo",
          "non-farmland"
        ]
      },
      "geometry": {
        "type": "Polygon",
        "coordinates": [
          [
            [
              20.9,
              42.82
            ],
            [
              20.97,
              42.82
            ],
            [
              20.97,
              42.78986893553403
            ],
            [
              20.9,
              42.78986893553403
            ],
            [
              20.9,
              42.82
            ]
          ]
        ]
      }
    },
    {
      "type": "Feature",
      "properties": {
        "id": "KOS-MIT-000388",
        "parcelIndex": 388,
        "district": "Mitrovica",
        "centroid": [
          20.935,
          42.774
        ],
        "areaHa": 2056.45,
        "shapeType": "irregular-rect",
        "landUse": "fallow",
        "cropType": "fallow",
        "isFarmland": false,
        "farmScore": 53,
        "harvestHealth": 48,
        "soilQuality": 60,
        "waterAccess": 51,
        "slopeRisk": 95,
        "confidence": 1,
        "maskValues": {
          "farmland": 0.568,
          "density": 0.449,
          "health": 0.624,
          "cropType": 0.542
        },
        "noise": {
          "seed": 918273,
          "jitter": 0.165,
          "rotation": -1.09
        },
        "labels": [
          "synthetic",
          "demo",
          "non-farmland"
        ]
      },
      "geometry": {
        "type": "Polygon",
        "coordinates": [
          [
            [
              20.9,
              42.78986893553403
            ],
            [
              20.97,
              42.78986893553403
            ],
            [
              20.97,
              42.7575
            ],
            [
              20.9,
              42.7575
            ],
            [
              20.9,
              42.78986893553403
            ]
          ]
        ]
      }
    },
    {
      "type": "Feature",
      "properties": {
        "id": "KOS-MIT-000389",
        "parcelIndex": 389,
        "district": "Mitrovica",
        "centroid": [
          21.005,
          42.803
        ],
        "areaHa": 2207.75,
        "shapeType": "irregular-rect",
        "landUse": "fallow",
        "cropType": "pasture",
        "isFarmland": false,
        "farmScore": 58,
        "harvestHealth": 53,
        "soilQuality": 60,
        "waterAccess": 51,
        "slopeRisk": 89,
        "confidence": 1,
        "maskValues": {
          "farmland": 0.551,
          "density": 0.464,
          "health": 0.688,
          "cropType": 0.509
        },
        "noise": {
          "seed": 918273,
          "jitter": 0.14,
          "rotation": 4.2
        },
        "labels": [
          "synthetic",
          "demo",
          "non-farmland"
        ]
      },
      "geometry": {
        "type": "Polygon",
        "coordinates": [
          [
            [
              20.97,
              42.82
            ],
            [
              21.04,
              42.82
            ],
            [
              21.04,
              42.785233290713514
            ],
            [
              20.97,
              42.785233290713514
            ],
            [
              20.97,
              42.82
            ]
          ]
        ]
      }
    },
    {
      "type": "Feature",
      "properties": {
        "id": "KOS-MIT-000390",
        "parcelIndex": 390,
        "district": "Mitrovica",
        "centroid": [
          21.005,
          42.771
        ],
        "areaHa": 1762.01,
        "shapeType": "irregular-rect",
        "landUse": "farmland",
        "cropType": "wheat",
        "isFarmland": true,
        "farmScore": 56,
        "harvestHealth": 52,
        "soilQuality": 57,
        "waterAccess": 49,
        "slopeRisk": 91,
        "confidence": 1,
        "maskValues": {
          "farmland": 0.535,
          "density": 0.437,
          "health": 0.66,
          "cropType": 0.497
        },
        "noise": {
          "seed": 918273,
          "jitter": 0.06,
          "rotation": -4.98
        },
        "labels": [
          "synthetic",
          "demo",
          "farmland"
        ]
      },
      "geometry": {
        "type": "Polygon",
        "coordinates": [
          [
            [
              20.97,
              42.785233290713514
            ],
            [
              21.04,
              42.785233290713514
            ],
            [
              21.04,
              42.7575
            ],
            [
              20.97,
              42.7575
            ],
            [
              20.97,
              42.785233290713514
            ]
          ]
        ]
      }
    },
    {
      "type": "Feature",
      "properties": {
        "id": "KOS-PRT-000391",
        "parcelIndex": 391,
        "district": "Pristina",
        "centroid": [
          21.075,
          42.789
        ],
        "areaHa": 3969.76,
        "shapeType": "rectangular",
        "landUse": "fallow",
        "cropType": "fallow",
        "isFarmland": false,
        "farmScore": 53,
        "harvestHealth": 49,
        "soilQuality": 54,
        "waterAccess": 50,
        "slopeRisk": 89,
        "confidence": 1,
        "maskValues": {
          "farmland": 0.503,
          "density": 0.457,
          "health": 0.68,
          "cropType": 0.458
        },
        "noise": {
          "seed": 918273,
          "jitter": 0.022,
          "rotation": 5.25
        },
        "labels": [
          "synthetic",
          "demo",
          "non-farmland"
        ]
      },
      "geometry": {
        "type": "Polygon",
        "coordinates": [
          [
            [
              21.04,
              42.82
            ],
            [
              21.11,
              42.82
            ],
            [
              21.11,
              42.7575
            ],
            [
              21.04,
              42.7575
            ],
            [
              21.04,
              42.82
            ]
          ]
        ]
      }
    },
    {
      "type": "Feature",
      "properties": {
        "id": "KOS-PDJ-000392",
        "parcelIndex": 392,
        "district": "Podujeva",
        "centroid": [
          21.145,
          42.801
        ],
        "areaHa": 2370.1,
        "shapeType": "rectangular",
        "landUse": "vineyard",
        "cropType": "barley",
        "isFarmland": true,
        "farmScore": 44,
        "harvestHealth": 54,
        "soilQuality": 50,
        "waterAccess": 51,
        "slopeRisk": 92,
        "confidence": 0.994,
        "maskValues": {
          "farmland": 0.463,
          "density": 0.488,
          "health": 0.65,
          "cropType": 0.42
        },
        "noise": {
          "seed": 918273,
          "jitter": 0.155,
          "rotation": -6.4
        },
        "labels": [
          "synthetic",
          "demo",
          "farmland"
        ]
      },
      "geometry": {
        "type": "Polygon",
        "coordinates": [
          [
            [
              21.11,
              42.82
            ],
            [
              21.18,
              42.82
            ],
            [
              21.18,
              42.782677472244835
            ],
            [
              21.11,
              42.782677472244835
            ],
            [
              21.11,
              42.82
            ]
          ]
        ]
      }
    },
    {
      "type": "Feature",
      "properties": {
        "id": "KOS-PRT-000393",
        "parcelIndex": 393,
        "district": "Pristina",
        "centroid": [
          21.145,
          42.77
        ],
        "areaHa": 1599.66,
        "shapeType": "irregular-rect",
        "landUse": "vineyard",
        "cropType": "wheat",
        "isFarmland": true,
        "farmScore": 44,
        "harvestHealth": 49,
        "soilQuality": 50,
        "waterAccess": 50,
        "slopeRisk": 95,
        "confidence": 1,
        "maskValues": {
          "farmland": 0.46,
          "density": 0.451,
          "health": 0.644,
          "cropType": 0.417
        },
        "noise": {
          "seed": 918273,
          "jitter": 0.048,
          "rotation": -1.44
        },
        "labels": [
          "synthetic",
          "demo",
          "farmland"
        ]
      },
      "geometry": {
        "type": "Polygon",
        "coordinates": [
          [
            [
              21.11,
              42.782677472244835
            ],
            [
              21.18,
              42.782677472244835
            ],
            [
              21.18,
              42.7575
            ],
            [
              21.11,
              42.7575
            ],
            [
              21.11,
              42.782677472244835
            ]
          ]
        ]
      }
    },
    {
      "type": "Feature",
      "properties": {
        "id": "KOS-PDJ-000394",
        "parcelIndex": 394,
        "district": "Podujeva",
        "centroid": [
          21.215,
          42.789
        ],
        "areaHa": 3969.76,
        "shapeType": "rectangular",
        "landUse": "farmland",
        "cropType": "beans",
        "isFarmland": true,
        "farmScore": 39,
        "harvestHealth": 43,
        "soilQuality": 48,
        "waterAccess": 52,
        "slopeRisk": 99,
        "confidence": 1,
        "maskValues": {
          "farmland": 0.426,
          "density": 0.494,
          "health": 0.589,
          "cropType": 0.392
        },
        "noise": {
          "seed": 918273,
          "jitter": 0.18,
          "rotation": 6.5
        },
        "labels": [
          "synthetic",
          "demo",
          "farmland"
        ]
      },
      "geometry": {
        "type": "Polygon",
        "coordinates": [
          [
            [
              21.18,
              42.82
            ],
            [
              21.25,
              42.82
            ],
            [
              21.25,
              42.7575
            ],
            [
              21.18,
              42.7575
            ],
            [
              21.18,
              42.82
            ]
          ]
        ]
      }
    },
    {
      "type": "Feature",
      "properties": {
        "id": "KOS-PDJ-000395",
        "parcelIndex": 395,
        "district": "Podujeva",
        "centroid": [
          21.285,
          42.803
        ],
        "areaHa": 2124.44,
        "shapeType": "irregular-rect",
        "landUse": "fallow",
        "cropType": "fallow",
        "isFarmland": false,
        "farmScore": 46,
        "harvestHealth": 37,
        "soilQuality": 46,
        "waterAccess": 52,
        "slopeRisk": 100,
        "confidence": 1,
        "maskValues": {
          "farmland": 0.395,
          "density": 0.526,
          "health": 0.502,
          "cropType": 0.378
        },
        "noise": {
          "seed": 918273,
          "jitter": 0.136,
          "rotation": -2.14
        },
        "labels": [
          "synthetic",
          "demo",
          "non-farmland"
        ]
      },
      "geometry": {
        "type": "Polygon",
        "coordinates": [
          [
            [
              21.25,
              42.82
            ],
            [
              21.32,
              42.82
            ],
            [
              21.32,
              42.78654493664973
            ],
            [
              21.25,
              42.78654493664973
            ],
            [
              21.25,
              42.82
            ]
          ]
        ]
      }
    },
    {
      "type": "Feature",
      "properties": {
        "id": "KOS-PRT-000396",
        "parcelIndex": 396,
        "district": "Pristina",
        "centroid": [
          21.285,
          42.772
        ],
        "areaHa": 1845.32,
        "shapeType": "irregular-rect",
        "landUse": "fallow",
        "cropType": "pasture",
        "isFarmland": false,
        "farmScore": 40,
        "harvestHealth": 35,
        "soilQuality": 48,
        "waterAccess": 51,
        "slopeRisk": 100,
        "confidence": 1,
        "maskValues": {
          "farmland": 0.409,
          "density": 0.507,
          "health": 0.522,
          "cropType": 0.388
        },
        "noise": {
          "seed": 918273,
          "jitter": 0.031,
          "rotation": -4.36
        },
        "labels": [
          "synthetic",
          "demo",
          "non-farmland"
        ]
      },
      "geometry": {
        "type": "Polygon",
        "coordinates": [
          [
            [
              21.25,
              42.78654493664973
            ],
            [
              21.32,
              42.78654493664973
            ],
            [
              21.32,
              42.7575
            ],
            [
              21.25,
              42.7575
            ],
            [
              21.25,
              42.78654493664973
            ]
          ]
        ]
      }
    },
    {
      "type": "Feature",
      "properties": {
        "id": "KOS-PDJ-000397",
        "parcelIndex": 397,
        "district": "Podujeva",
        "centroid": [
          21.355,
          42.789
        ],
        "areaHa": 3969.76,
        "shapeType": "rectangular",
        "landUse": "orchard",
        "cropType": "orchard",
        "isFarmland": true,
        "farmScore": 40,
        "harvestHealth": 33,
        "soilQuality": 47,
        "waterAccess": 50,
        "slopeRisk": 99,
        "confidence": 1,
        "maskValues": {
          "farmland": 0.393,
          "density": 0.538,
          "health": 0.431,
          "cropType": 0.392
        },
        "noise": {
          "seed": 918273,
          "jitter": 0.175,
          "rotation": 0.34
        },
        "labels": [
          "synthetic",
          "demo",
          "farmland"
        ]
      },
      "geometry": {
        "type": "Polygon",
        "coordinates": [
          [
            [
              21.32,
              42.82
            ],
            [
              21.39,
              42.82
            ],
            [
              21.39,
              42.7575
            ],
            [
              21.32,
              42.7575
            ],
            [
              21.32,
              42.82
            ]
          ]
        ]
      }
    },
    {
      "type": "Feature",
      "properties": {
        "id": "KOS-PDJ-000398",
        "parcelIndex": 398,
        "district": "Podujeva",
        "centroid": [
          21.425,
          42.789
        ],
        "areaHa": 3969.76,
        "shapeType": "rectangular",
        "landUse": "farmland",
        "cropType": "vineyard",
        "isFarmland": true,
        "farmScore": 38,
        "harvestHealth": 29,
        "soilQuality": 46,
        "waterAccess": 47,
        "slopeRisk": 93,
        "confidence": 1,
        "maskValues": {
          "farmland": 0.401,
          "density": 0.552,
          "health": 0.364,
          "cropType": 0.419
        },
        "noise": {
          "seed": 918273,
          "jitter": 0.168,
          "rotation": -1.41
        },
        "labels": [
          "synthetic",
          "demo",
          "farmland"
        ]
      },
      "geometry": {
        "type": "Polygon",
        "coordinates": [
          [
            [
              21.39,
              42.82
            ],
            [
              21.46,
              42.82
            ],
            [
              21.46,
              42.7575
            ],
            [
              21.39,
              42.7575
            ],
            [
              21.39,
              42.82
            ]
          ]
        ]
      }
    },
    {
      "type": "Feature",
      "properties": {
        "id": "KOS-PDJ-000399",
        "parcelIndex": 399,
        "district": "Podujeva",
        "centroid": [
          21.495,
          42.789
        ],
        "areaHa": 3969.76,
        "shapeType": "rectangular",
        "landUse": "forest_edge",
        "cropType": "pasture",
        "isFarmland": false,
        "farmScore": 43,
        "harvestHealth": 33,
        "soilQuality": 43,
        "waterAccess": 45,
        "slopeRisk": 87,
        "confidence": 1,
        "maskValues": {
          "farmland": 0.425,
          "density": 0.554,
          "health": 0.323,
          "cropType": 0.46
        },
        "noise": {
          "seed": 918273,
          "jitter": 0.095,
          "rotation": -5.9
        },
        "labels": [
          "synthetic",
          "demo",
          "non-farmland"
        ]
      },
      "geometry": {
        "type": "Polygon",
        "coordinates": [
          [
            [
              21.46,
              42.82
            ],
            [
              21.53,
              42.82
            ],
            [
              21.53,
              42.7575
            ],
            [
              21.46,
              42.7575
            ],
            [
              21.46,
              42.82
            ]
          ]
        ]
      }
    },
    {
      "type": "Feature",
      "properties": {
        "id": "KOS-GJN-000400",
        "parcelIndex": 400,
        "district": "Gjilan",
        "centroid": [
          21.565,
          42.789
        ],
        "areaHa": 3969.76,
        "shapeType": "rectangular",
        "landUse": "farmland",
        "cropType": "pasture",
        "isFarmland": true,
        "farmScore": 48,
        "harvestHealth": 26,
        "soilQuality": 41,
        "waterAccess": 44,
        "slopeRisk": 85,
        "confidence": 1,
        "maskValues": {
          "farmland": 0.462,
          "density": 0.545,
          "health": 0.315,
          "cropType": 0.508
        },
        "noise": {
          "seed": 918273,
          "jitter": 0.05,
          "rotation": 4
        },
        "labels": [
          "synthetic",
          "demo",
          "farmland"
        ]
      },
      "geometry": {
        "type": "Polygon",
        "coordinates": [
          [
            [
              21.53,
              42.82
            ],
            [
              21.6,
              42.82
            ],
            [
              21.6,
              42.7575
            ],
            [
              21.53,
              42.7575
            ],
            [
              21.53,
              42.82
            ]
          ]
        ]
      }
    },
    {
      "type": "Feature",
      "properties": {
        "id": "KOS-GJN-000401",
        "parcelIndex": 401,
        "district": "Gjilan",
        "centroid": [
          21.627,
          42.789
        ],
        "areaHa": 3051.75,
        "shapeType": "irregular-rect",
        "landUse": "farmland",
        "cropType": "orchard",
        "isFarmland": true,
        "farmScore": 48,
        "harvestHealth": 27,
        "soilQuality": 41,
        "waterAccess": 45,
        "slopeRisk": 87,
        "confidence": 0.969,
        "maskValues": {
          "farmland": 0.5,
          "density": 0.528,
          "health": 0.337,
          "cropType": 0.55
        },
        "noise": {
          "seed": 918273,
          "jitter": 0.066,
          "rotation": -4.57
        },
        "labels": [
          "synthetic",
          "demo",
          "farmland"
        ]
      },
      "geometry": {
        "type": "Polygon",
        "coordinates": [
          [
            [
              21.6,
              42.82
            ],
            [
              21.664749999999998,
              42.82
            ],
            [
              21.642875,
              42.7575
            ],
            [
              21.6,
              42.7575
            ],
            [
              21.6,
              42.82
            ]
          ]
        ]
      }
    },
    {
      "type": "Feature",
      "properties": {
        "id": "KOS-PEJ-000413",
        "parcelIndex": 413,
        "district": "Peja",
        "centroid": [
          20.055,
          42.744
        ],
        "areaHa": 238.7,
        "shapeType": "irregular-rect",
        "landUse": "pasture",
        "cropType": "pasture",
        "isFarmland": false,
        "farmScore": 45,
        "harvestHealth": 42,
        "soilQuality": 49,
        "waterAccess": 50,
        "slopeRisk": 100,
        "confidence": 0.948,
        "maskValues": {
          "farmland": 0.436,
          "density": 0.433,
          "health": 0.625,
          "cropType": 0.393
        },
        "noise": {
          "seed": 918273,
          "jitter": 0.1,
          "rotation": -7.2
        },
        "labels": [
          "synthetic",
          "demo",
          "non-farmland"
        ]
      },
      "geometry": {
        "type": "Polygon",
        "coordinates": [
          [
            [
              20.048280872360987,
              42.73047734816384
            ],
            [
              20.05226315789474,
              42.7575
            ],
            [
              20.060000000000002,
              42.7575
            ],
            [
              20.060000000000002,
              42.73047734816384
            ],
            [
              20.048280872360987,
              42.73047734816384
            ]
          ]
        ]
      }
    },
    {
      "type": "Feature",
      "properties": {
        "id": "KOS-PEJ-000414",
        "parcelIndex": 414,
        "district": "Peja",
        "centroid": [
          20.053,
          42.713
        ],
        "areaHa": 461.97,
        "shapeType": "irregular-rect",
        "landUse": "farmland",
        "cropType": "orchard",
        "isFarmland": true,
        "farmScore": 43,
        "harvestHealth": 38,
        "soilQuality": 48,
        "waterAccess": 49,
        "slopeRisk": 100,
        "confidence": 0.951,
        "maskValues": {
          "farmland": 0.436,
          "density": 0.414,
          "health": 0.587,
          "cropType": 0.391
        },
        "noise": {
          "seed": 918273,
          "jitter": 0.173,
          "rotation": 1.01
        },
        "labels": [
          "synthetic",
          "demo",
          "farmland"
        ]
      },
      "geometry": {
        "type": "Polygon",
        "coordinates": [
          [
            [
              20.04305263157895,
              42.695
            ],
            [
              20.048280872360987,
              42.73047734816384
            ],
            [
              20.060000000000002,
              42.73047734816384
            ],
            [
              20.060000000000002,
              42.695
            ],
            [
              20.04305263157895,
              42.695
            ]
          ]
        ]
      }
    },
    {
      "type": "Feature",
      "properties": {
        "id": "KOS-PEJ-000415",
        "parcelIndex": 415,
        "district": "Peja",
        "centroid": [
          20.095,
          42.742
        ],
        "areaHa": 1918.61,
        "shapeType": "irregular-rect",
        "landUse": "forest_edge",
        "cropType": "mixed",
        "isFarmland": false,
        "farmScore": 41,
        "harvestHealth": 40,
        "soilQuality": 49,
        "waterAccess": 49,
        "slopeRisk": 100,
        "confidence": 1,
        "maskValues": {
          "farmland": 0.417,
          "density": 0.431,
          "health": 0.622,
          "cropType": 0.378
        },
        "noise": {
          "seed": 918273,
          "jitter": 0.137,
          "rotation": 7.09
        },
        "labels": [
          "synthetic",
          "demo",
          "non-farmland"
        ]
      },
      "geometry": {
        "type": "Polygon",
        "coordinates": [
          [
            [
              20.060000000000002,
              42.7575
            ],
            [
              20.130000000000003,
              42.7575
            ],
            [
              20.130000000000003,
              42.72731590247306
            ],
            [
              20.060000000000002,
              42.72731590247306
            ],
            [
              20.060000000000002,
              42.7575
            ]
          ]
        ]
      }
    },
    {
      "type": "Feature",
      "properties": {
        "id": "KOS-PEJ-000416",
        "parcelIndex": 416,
        "district": "Peja",
        "centroid": [
          20.095,
          42.711
        ],
        "areaHa": 2055.15,
        "shapeType": "irregular-rect",
        "landUse": "forest_edge",
        "cropType": "pasture",
        "isFarmland": false,
        "farmScore": 44,
        "harvestHealth": 39,
        "soilQuality": 49,
        "waterAccess": 48,
        "slopeRisk": 100,
        "confidence": 1,
        "maskValues": {
          "farmland": 0.419,
          "density": 0.414,
          "health": 0.591,
          "cropType": 0.377
        },
        "noise": {
          "seed": 918273,
          "jitter": 0.066,
          "rotation": -2.49
        },
        "labels": [
          "synthetic",
          "demo",
          "non-farmland"
        ]
      },
      "geometry": {
        "type": "Polygon",
        "coordinates": [
          [
            [
              20.060000000000002,
              42.72731590247306
            ],
            [
              20.130000000000003,
              42.72731590247306
            ],
            [
              20.130000000000003,
              42.695
            ],
            [
              20.060000000000002,
              42.695
            ],
            [
              20.060000000000002,
              42.72731590247306
            ]
          ]
        ]
      }
    },
    {
      "type": "Feature",
      "properties": {
        "id": "KOS-PEJ-000417",
        "parcelIndex": 417,
        "district": "Peja",
        "centroid": [
          20.165,
          42.741
        ],
        "areaHa": 2153.69,
        "shapeType": "irregular-rect",
        "landUse": "fallow",
        "cropType": "vegetables",
        "isFarmland": true,
        "farmScore": 46,
        "harvestHealth": 40,
        "soilQuality": 50,
        "waterAccess": 49,
        "slopeRisk": 100,
        "confidence": 1,
        "maskValues": {
          "farmland": 0.398,
          "density": 0.441,
          "health": 0.599,
          "cropType": 0.372
        },
        "noise": {
          "seed": 918273,
          "jitter": 0.171,
          "rotation": 5.86
        },
        "labels": [
          "synthetic",
          "demo",
          "farmland"
        ]
      },
      "geometry": {
        "type": "Polygon",
        "coordinates": [
          [
            [
              20.130000000000003,
              42.7575
            ],
            [
              20.200000000000003,
              42.7575
            ],
            [
              20.200000000000003,
              42.72361862007412
            ],
            [
              20.130000000000003,
              42.72361862007412
            ],
            [
              20.130000000000003,
              42.7575
            ]
          ]
        ]
      }
    },
    {
      "type": "Feature",
      "properties": {
        "id": "KOS-PEJ-000418",
        "parcelIndex": 418,
        "district": "Peja",
        "centroid": [
          20.165,
          42.709
        ],
        "areaHa": 1820.08,
        "shapeType": "irregular-rect",
        "landUse": "forest_edge",
        "cropType": "pasture",
        "isFarmland": false,
        "farmScore": 45,
        "harvestHealth": 37,
        "soilQuality": 51,
        "waterAccess": 47,
        "slopeRisk": 100,
        "confidence": 1,
        "maskValues": {
          "farmland": 0.404,
          "density": 0.427,
          "health": 0.585,
          "cropType": 0.374
        },
        "noise": {
          "seed": 918273,
          "jitter": 0.074,
          "rotation": 5.27
        },
        "labels": [
          "synthetic",
          "demo",
          "non-farmland"
        ]
      },
      "geometry": {
        "type": "Polygon",
        "coordinates": [
          [
            [
              20.130000000000003,
              42.72361862007412
            ],
            [
              20.200000000000003,
              42.72361862007412
            ],
            [
              20.200000000000003,
              42.695
            ],
            [
              20.130000000000003,
              42.695
            ],
            [
              20.130000000000003,
              42.72361862007412
            ]
          ]
        ]
      }
    },
    {
      "type": "Feature",
      "properties": {
        "id": "KOS-PEJ-000419",
        "parcelIndex": 419,
        "district": "Peja",
        "centroid": [
          20.235,
          42.743
        ],
        "areaHa": 1862.95,
        "shapeType": "irregular-rect",
        "landUse": "farmland",
        "cropType": "pasture",
        "isFarmland": true,
        "farmScore": 43,
        "harvestHealth": 45,
        "soilQuality": 51,
        "waterAccess": 47,
        "slopeRisk": 94,
        "confidence": 1,
        "maskValues": {
          "farmland": 0.397,
          "density": 0.465,
          "health": 0.557,
          "cropType": 0.388
        },
        "noise": {
          "seed": 918273,
          "jitter": 0.095,
          "rotation": -2.43
        },
        "labels": [
          "synthetic",
          "demo",
          "farmland"
        ]
      },
      "geometry": {
        "type": "Polygon",
        "coordinates": [
          [
            [
              20.200000000000003,
              42.7575
            ],
            [
              20.27,
              42.7575
            ],
            [
              20.27,
              42.728191451136375
            ],
            [
              20.200000000000003,
              42.728191451136375
            ],
            [
              20.200000000000003,
              42.7575
            ]
          ]
        ]
      }
    },
    {
      "type": "Feature",
      "properties": {
        "id": "KOS-PEJ-000420",
        "parcelIndex": 420,
        "district": "Peja",
        "centroid": [
          20.235,
          42.712
        ],
        "areaHa": 2110.82,
        "shapeType": "irregular-rect",
        "landUse": "forest_edge",
        "cropType": "pasture",
        "isFarmland": false,
        "farmScore": 38,
        "harvestHealth": 41,
        "soilQuality": 52,
        "waterAccess": 46,
        "slopeRisk": 91,
        "confidence": 1,
        "maskValues": {
          "farmland": 0.406,
          "density": 0.457,
          "health": 0.564,
          "cropType": 0.391
        },
        "noise": {
          "seed": 918273,
          "jitter": 0.057,
          "rotation": 6.69
        },
        "labels": [
          "synthetic",
          "demo",
          "non-farmland"
        ]
      },
      "geometry": {
        "type": "Polygon",
        "coordinates": [
          [
            [
              20.200000000000003,
              42.728191451136375
            ],
            [
              20.27,
              42.728191451136375
            ],
            [
              20.27,
              42.695
            ],
            [
              20.200000000000003,
              42.695
            ],
            [
              20.200000000000003,
              42.728191451136375
            ]
          ]
        ]
      }
    },
    {
      "type": "Feature",
      "properties": {
        "id": "KOS-PEJ-000421",
        "parcelIndex": 421,
        "district": "Peja",
        "centroid": [
          20.305,
          42.726
        ],
        "areaHa": 3973.77,
        "shapeType": "rectangular",
        "landUse": "pasture",
        "cropType": "pasture",
        "isFarmland": false,
        "farmScore": 46,
        "harvestHealth": 41,
        "soilQuality": 50,
        "waterAccess": 45,
        "slopeRisk": 83,
        "confidence": 1,
        "maskValues": {
          "farmland": 0.419,
          "density": 0.496,
          "health": 0.516,
          "cropType": 0.424
        },
        "noise": {
          "seed": 918273,
          "jitter": 0.132,
          "rotation": 7.14
        },
        "labels": [
          "synthetic",
          "demo",
          "non-farmland"
        ]
      },
      "geometry": {
        "type": "Polygon",
        "coordinates": [
          [
            [
              20.27,
              42.7575
            ],
            [
              20.34,
              42.7575
            ],
            [
              20.34,
              42.695
            ],
            [
              20.27,
              42.695
            ],
            [
              20.27,
              42.7575
            ]
          ]
        ]
      }
    },
    {
      "type": "Feature",
      "properties": {
        "id": "KOS-PEJ-000422",
        "parcelIndex": 422,
        "district": "Peja",
        "centroid": [
          20.375,
          42.726
        ],
        "areaHa": 3973.77,
        "shapeType": "rectangular",
        "landUse": "fallow",
        "cropType": "fallow",
        "isFarmland": false,
        "farmScore": 50,
        "harvestHealth": 36,
        "soilQuality": 47,
        "waterAccess": 44,
        "slopeRisk": 76,
        "confidence": 1,
        "maskValues": {
          "farmland": 0.449,
          "density": 0.534,
          "health": 0.467,
          "cropType": 0.47
        },
        "noise": {
          "seed": 918273,
          "jitter": 0.144,
          "rotation": 7.46
        },
        "labels": [
          "synthetic",
          "demo",
          "non-farmland"
        ]
      },
      "geometry": {
        "type": "Polygon",
        "coordinates": [
          [
            [
              20.34,
              42.7575
            ],
            [
              20.41,
              42.7575
            ],
            [
              20.41,
              42.695
            ],
            [
              20.34,
              42.695
            ],
            [
              20.34,
              42.7575
            ]
          ]
        ]
      }
    },
    {
      "type": "Feature",
      "properties": {
        "id": "KOS-PEJ-000423",
        "parcelIndex": 423,
        "district": "Peja",
        "centroid": [
          20.445,
          42.726
        ],
        "areaHa": 3973.77,
        "shapeType": "rectangular",
        "landUse": "farmland",
        "cropType": "corn",
        "isFarmland": true,
        "farmScore": 45,
        "harvestHealth": 38,
        "soilQuality": 44,
        "waterAccess": 45,
        "slopeRisk": 76,
        "confidence": 1,
        "maskValues": {
          "farmland": 0.485,
          "density": 0.565,
          "health": 0.423,
          "cropType": 0.518
        },
        "noise": {
          "seed": 918273,
          "jitter": 0.025,
          "rotation": -2.74
        },
        "labels": [
          "synthetic",
          "demo",
          "farmland"
        ]
      },
      "geometry": {
        "type": "Polygon",
        "coordinates": [
          [
            [
              20.41,
              42.7575
            ],
            [
              20.48,
              42.7575
            ],
            [
              20.48,
              42.695
            ],
            [
              20.41,
              42.695
            ],
            [
              20.41,
              42.7575
            ]
          ]
        ]
      }
    },
    {
      "type": "Feature",
      "properties": {
        "id": "KOS-PEJ-000424",
        "parcelIndex": 424,
        "district": "Peja",
        "centroid": [
          20.515,
          42.726
        ],
        "areaHa": 3973.77,
        "shapeType": "rectangular",
        "landUse": "farmland",
        "cropType": "potato",
        "isFarmland": true,
        "farmScore": 51,
        "harvestHealth": 38,
        "soilQuality": 42,
        "waterAccess": 49,
        "slopeRisk": 83,
        "confidence": 1,
        "maskValues": {
          "farmland": 0.521,
          "density": 0.585,
          "health": 0.393,
          "cropType": 0.561
        },
        "noise": {
          "seed": 918273,
          "jitter": 0.166,
          "rotation": 6.46
        },
        "labels": [
          "synthetic",
          "demo",
          "farmland"
        ]
      },
      "geometry": {
        "type": "Polygon",
        "coordinates": [
          [
            [
              20.48,
              42.7575
            ],
            [
              20.55,
              42.7575
            ],
            [
              20.55,
              42.695
            ],
            [
              20.48,
              42.695
            ],
            [
              20.48,
              42.7575
            ]
          ]
        ]
      }
    },
    {
      "type": "Feature",
      "properties": {
        "id": "KOS-MLS-000425",
        "parcelIndex": 425,
        "district": "Malisheva",
        "centroid": [
          20.585,
          42.726
        ],
        "areaHa": 3973.77,
        "shapeType": "rectangular",
        "landUse": "farmland",
        "cropType": "corn",
        "isFarmland": true,
        "farmScore": 51,
        "harvestHealth": 29,
        "soilQuality": 43,
        "waterAccess": 53,
        "slopeRisk": 94,
        "confidence": 1,
        "maskValues": {
          "farmland": 0.552,
          "density": 0.588,
          "health": 0.381,
          "cropType": 0.593
        },
        "noise": {
          "seed": 918273,
          "jitter": 0.044,
          "rotation": -4.43
        },
        "labels": [
          "synthetic",
          "demo",
          "farmland"
        ]
      },
      "geometry": {
        "type": "Polygon",
        "coordinates": [
          [
            [
              20.55,
              42.7575
            ],
            [
              20.62,
              42.7575
            ],
            [
              20.62,
              42.695
            ],
            [
              20.55,
              42.695
            ],
            [
              20.55,
              42.7575
            ]
          ]
        ]
      }
    },
    {
      "type": "Feature",
      "properties": {
        "id": "KOS-MIT-000426",
        "parcelIndex": 426,
        "district": "Mitrovica",
        "centroid": [
          20.655,
          42.741
        ],
        "areaHa": 2121.72,
        "shapeType": "irregular-rect",
        "landUse": "farmland",
        "cropType": "beans",
        "isFarmland": true,
        "farmScore": 57,
        "harvestHealth": 34,
        "soilQuality": 47,
        "waterAccess": 55,
        "slopeRisk": 100,
        "confidence": 1,
        "maskValues": {
          "farmland": 0.575,
          "density": 0.564,
          "health": 0.386,
          "cropType": 0.609
        },
        "noise": {
          "seed": 918273,
          "jitter": 0.046,
          "rotation": -0.97
        },
        "labels": [
          "synthetic",
          "demo",
          "farmland"
        ]
      },
      "geometry": {
        "type": "Polygon",
        "coordinates": [
          [
            [
              20.62,
              42.7575
            ],
            [
              20.69,
              42.7575
            ],
            [
              20.69,
              42.724121464159104
            ],
            [
              20.62,
              42.724121464159104
            ],
            [
              20.62,
              42.7575
            ]
          ]
        ]
      }
    },
    {
      "type": "Feature",
      "properties": {
        "id": "KOS-MLS-000427",
        "parcelIndex": 427,
        "district": "Malisheva",
        "centroid": [
          20.655,
          42.71
        ],
        "areaHa": 1852.05,
        "shapeType": "irregular-rect",
        "landUse": "pasture",
        "cropType": "pasture",
        "isFarmland": false,
        "farmScore": 60,
        "harvestHealth": 31,
        "soilQuality": 49,
        "waterAccess": 57,
        "slopeRisk": 100,
        "confidence": 1,
        "maskValues": {
          "farmland": 0.573,
          "density": 0.584,
          "health": 0.402,
          "cropType": 0.608
        },
        "noise": {
          "seed": 918273,
          "jitter": 0.14,
          "rotation": -1.19
        },
        "labels": [
          "synthetic",
          "demo",
          "non-farmland"
        ]
      },
      "geometry": {
        "type": "Polygon",
        "coordinates": [
          [
            [
              20.62,
              42.724121464159104
            ],
            [
              20.69,
              42.724121464159104
            ],
            [
              20.69,
              42.695
            ],
            [
              20.62,
              42.695
            ],
            [
              20.62,
              42.724121464159104
            ]
          ]
        ]
      }
    },
    {
      "type": "Feature",
      "properties": {
        "id": "KOS-MIT-000428",
        "parcelIndex": 428,
        "district": "Mitrovica",
        "centroid": [
          20.725,
          42.745
        ],
        "areaHa": 1647.7,
        "shapeType": "irregular-rect",
        "landUse": "farmland",
        "cropType": "orchard",
        "isFarmland": true,
        "farmScore": 62,
        "harvestHealth": 38,
        "soilQuality": 52,
        "waterAccess": 57,
        "slopeRisk": 100,
        "confidence": 1,
        "maskValues": {
          "farmland": 0.588,
          "density": 0.535,
          "health": 0.427,
          "cropType": 0.61
        },
        "noise": {
          "seed": 918273,
          "jitter": 0.099,
          "rotation": 6.84
        },
        "labels": [
          "synthetic",
          "demo",
          "farmland"
        ]
      },
      "geometry": {
        "type": "Polygon",
        "coordinates": [
          [
            [
              20.69,
              42.7575
            ],
            [
              20.76,
              42.7575
            ],
            [
              20.76,
              42.73157704598445
            ],
            [
              20.69,
              42.73157704598445
            ],
            [
              20.69,
              42.7575
            ]
          ]
        ]
      }
    },
    {
      "type": "Feature",
      "properties": {
        "id": "KOS-MIT-000429",
        "parcelIndex": 429,
        "district": "Mitrovica",
        "centroid": [
          20.725,
          42.713
        ],
        "areaHa": 2326.06,
        "shapeType": "irregular-rect",
        "landUse": "mixed",
        "cropType": "vineyard",
        "isFarmland": true,
        "farmScore": 61,
        "harvestHealth": 33,
        "soilQuality": 54,
        "waterAccess": 58,
        "slopeRisk": 100,
        "confidence": 1,
        "maskValues": {
          "farmland": 0.58,
          "density": 0.551,
          "health": 0.423,
          "cropType": 0.605
        },
        "noise": {
          "seed": 918273,
          "jitter": 0.146,
          "rotation": 0.01
        },
        "labels": [
          "synthetic",
          "demo",
          "farmland"
        ]
      },
      "geometry": {
        "type": "Polygon",
        "coordinates": [
          [
            [
              20.69,
              42.73157704598445
            ],
            [
              20.76,
              42.73157704598445
            ],
            [
              20.76,
              42.695
            ],
            [
              20.69,
              42.695
            ],
            [
              20.69,
              42.73157704598445
            ]
          ]
        ]
      }
    },
    {
      "type": "Feature",
      "properties": {
        "id": "KOS-MIT-000430",
        "parcelIndex": 430,
        "district": "Mitrovica",
        "centroid": [
          20.795,
          42.743
        ],
        "areaHa": 1792.87,
        "shapeType": "irregular-rect",
        "landUse": "vineyard",
        "cropType": "vineyard",
        "isFarmland": true,
        "farmScore": 56,
        "harvestHealth": 38,
        "soilQuality": 58,
        "waterAccess": 56,
        "slopeRisk": 100,
        "confidence": 1,
        "maskValues": {
          "farmland": 0.588,
          "density": 0.502,
          "health": 0.484,
          "cropType": 0.594
        },
        "noise": {
          "seed": 918273,
          "jitter": 0.108,
          "rotation": 6.02
        },
        "labels": [
          "synthetic",
          "demo",
          "farmland"
        ]
      },
      "geometry": {
        "type": "Polygon",
        "coordinates": [
          [
            [
              20.76,
              42.7575
            ],
            [
              20.830000000000002,
              42.7575
            ],
            [
              20.830000000000002,
              42.72929362871684
            ],
            [
              20.76,
              42.72929362871684
            ],
            [
              20.76,
              42.7575
            ]
          ]
        ]
      }
    },
    {
      "type": "Feature",
      "properties": {
        "id": "KOS-MIT-000431",
        "parcelIndex": 431,
        "district": "Mitrovica",
        "centroid": [
          20.795,
          42.712
        ],
        "areaHa": 2180.89,
        "shapeType": "irregular-rect",
        "landUse": "forest_edge",
        "cropType": "pasture",
        "isFarmland": false,
        "farmScore": 60,
        "harvestHealth": 34,
        "soilQuality": 57,
        "waterAccess": 55,
        "slopeRisk": 100,
        "confidence": 1,
        "maskValues": {
          "farmland": 0.574,
          "density": 0.511,
          "health": 0.462,
          "cropType": 0.584
        },
        "noise": {
          "seed": 918273,
          "jitter": 0.068,
          "rotation": 5.94
        },
        "labels": [
          "synthetic",
          "demo",
          "non-farmland"
        ]
      },
      "geometry": {
        "type": "Polygon",
        "coordinates": [
          [
            [
              20.76,
              42.72929362871684
            ],
            [
              20.830000000000002,
              42.72929362871684
            ],
            [
              20.830000000000002,
              42.695
            ],
            [
              20.76,
              42.695
            ],
            [
              20.76,
              42.72929362871684
            ]
          ]
        ]
      }
    },
    {
      "type": "Feature",
      "properties": {
        "id": "KOS-MIT-000432",
        "parcelIndex": 432,
        "district": "Mitrovica",
        "centroid": [
          20.865,
          42.74
        ],
        "areaHa": 2282.92,
        "shapeType": "irregular-rect",
        "landUse": "vineyard",
        "cropType": "barley",
        "isFarmland": true,
        "farmScore": 52,
        "harvestHealth": 39,
        "soilQuality": 59,
        "waterAccess": 53,
        "slopeRisk": 100,
        "confidence": 1,
        "maskValues": {
          "farmland": 0.571,
          "density": 0.468,
          "health": 0.542,
          "cropType": 0.561
        },
        "noise": {
          "seed": 918273,
          "jitter": 0.081,
          "rotation": 3.38
        },
        "labels": [
          "synthetic",
          "demo",
          "farmland"
        ]
      },
      "geometry": {
        "type": "Polygon",
        "coordinates": [
          [
            [
              20.830000000000002,
              42.7575
            ],
            [
              20.9,
              42.7575
            ],
            [
              20.9,
              42.721586136565314
            ],
            [
              20.830000000000002,
              42.721586136565314
            ],
            [
              20.830000000000002,
              42.7575
            ]
          ]
        ]
      }
    },
    {
      "type": "Feature",
      "properties": {
        "id": "KOS-MIT-000433",
        "parcelIndex": 433,
        "district": "Mitrovica",
        "centroid": [
          20.865,
          42.708
        ],
        "areaHa": 1690.84,
        "shapeType": "irregular-rect",
        "landUse": "farmland",
        "cropType": "vineyard",
        "isFarmland": true,
        "farmScore": 59,
        "harvestHealth": 39,
        "soilQuality": 58,
        "waterAccess": 52,
        "slopeRisk": 100,
        "confidence": 1,
        "maskValues": {
          "farmland": 0.554,
          "density": 0.467,
          "health": 0.506,
          "cropType": 0.549
        },
        "noise": {
          "seed": 918273,
          "jitter": 0.134,
          "rotation": -4.45
        },
        "labels": [
          "synthetic",
          "demo",
          "farmland"
        ]
      },
      "geometry": {
        "type": "Polygon",
        "coordinates": [
          [
            [
              20.830000000000002,
              42.721586136565314
            ],
            [
              20.9,
              42.721586136565314
            ],
            [
              20.9,
              42.695
            ],
            [
              20.830000000000002,
              42.695
            ],
            [
              20.830000000000002,
              42.721586136565314
            ]
          ]
        ]
      }
    },
    {
      "type": "Feature",
      "properties": {
        "id": "KOS-MIT-000434",
        "parcelIndex": 434,
        "district": "Mitrovica",
        "centroid": [
          20.935,
          42.744
        ],
        "areaHa": 1653.98,
        "shapeType": "irregular-rect",
        "landUse": "farmland",
        "cropType": "corn",
        "isFarmland": true,
        "farmScore": 52,
        "harvestHealth": 47,
        "soilQuality": 58,
        "waterAccess": 50,
        "slopeRisk": 97,
        "confidence": 1,
        "maskValues": {
          "farmland": 0.548,
          "density": 0.44,
          "health": 0.603,
          "cropType": 0.522
        },
        "noise": {
          "seed": 918273,
          "jitter": 0.145,
          "rotation": 3.08
        },
        "labels": [
          "synthetic",
          "demo",
          "farmland"
        ]
      },
      "geometry": {
        "type": "Polygon",
        "coordinates": [
          [
            [
              20.9,
              42.7575
            ],
            [
              20.97,
              42.7575
            ],
            [
              20.97,
              42.73147835361189
            ],
            [
              20.9,
              42.73147835361189
            ],
            [
              20.9,
              42.7575
            ]
          ]
        ]
      }
    },
    {
      "type": "Feature",
      "properties": {
        "id": "KOS-MIT-000435",
        "parcelIndex": 435,
        "district": "Mitrovica",
        "centroid": [
          20.935,
          42.713
        ],
        "areaHa": 2319.79,
        "shapeType": "irregular-rect",
        "landUse": "farmland",
        "cropType": "corn",
        "isFarmland": true,
        "farmScore": 52,
        "harvestHealth": 40,
        "soilQuality": 56,
        "waterAccess": 49,
        "slopeRisk": 98,
        "confidence": 1,
        "maskValues": {
          "farmland": 0.53,
          "density": 0.428,
          "health": 0.56,
          "cropType": 0.51
        },
        "noise": {
          "seed": 918273,
          "jitter": 0.157,
          "rotation": 1.49
        },
        "labels": [
          "synthetic",
          "demo",
          "farmland"
        ]
      },
      "geometry": {
        "type": "Polygon",
        "coordinates": [
          [
            [
              20.9,
              42.73147835361189
            ],
            [
              20.97,
              42.73147835361189
            ],
            [
              20.97,
              42.695
            ],
            [
              20.9,
              42.695
            ],
            [
              20.9,
              42.73147835361189
            ]
          ]
        ]
      }
    },
    {
      "type": "Feature",
      "properties": {
        "id": "KOS-PRT-000436",
        "parcelIndex": 436,
        "district": "Pristina",
        "centroid": [
          21.005,
          42.74
        ],
        "areaHa": 2185.63,
        "shapeType": "irregular-rect",
        "landUse": "farmland",
        "cropType": "wheat",
        "isFarmland": true,
        "farmScore": 46,
        "harvestHealth": 43,
        "soilQuality": 54,
        "waterAccess": 48,
        "slopeRisk": 94,
        "confidence": 1,
        "maskValues": {
          "farmland": 0.513,
          "density": 0.42,
          "health": 0.635,
          "cropType": 0.477
        },
        "noise": {
          "seed": 918273,
          "jitter": 0.112,
          "rotation": 2.93
        },
        "labels": [
          "synthetic",
          "demo",
          "farmland"
        ]
      },
      "geometry": {
        "type": "Polygon",
        "coordinates": [
          [
            [
              20.97,
              42.7575
            ],
            [
              21.04,
              42.7575
            ],
            [
              21.04,
              42.72311623453745
            ],
            [
              20.97,
              42.72311623453745
            ],
            [
              20.97,
              42.7575
            ]
          ]
        ]
      }
    },
    {
      "type": "Feature",
      "properties": {
        "id": "KOS-PRT-000437",
        "parcelIndex": 437,
        "district": "Pristina",
        "centroid": [
          21.005,
          42.709
        ],
        "areaHa": 1788.13,
        "shapeType": "irregular-rect",
        "landUse": "forest_edge",
        "cropType": "pasture",
        "isFarmland": false,
        "farmScore": 47,
        "harvestHealth": 46,
        "soilQuality": 52,
        "waterAccess": 47,
        "slopeRisk": 97,
        "confidence": 0.998,
        "maskValues": {
          "farmland": 0.498,
          "density": 0.4,
          "health": 0.593,
          "cropType": 0.467
        },
        "noise": {
          "seed": 918273,
          "jitter": 0.058,
          "rotation": -2.05
        },
        "labels": [
          "synthetic",
          "demo",
          "non-farmland"
        ]
      },
      "geometry": {
        "type": "Polygon",
        "coordinates": [
          [
            [
              20.97,
              42.72311623453745
            ],
            [
              21.04,
              42.72311623453745
            ],
            [
              21.04,
              42.695
            ],
            [
              20.97,
              42.695
            ],
            [
              20.97,
              42.72311623453745
            ]
          ]
        ]
      }
    },
    {
      "type": "Feature",
      "properties": {
        "id": "KOS-PRT-000438",
        "parcelIndex": 438,
        "district": "Pristina",
        "centroid": [
          21.075,
          42.742
        ],
        "areaHa": 1940.62,
        "shapeType": "irregular-rect",
        "landUse": "fallow",
        "cropType": "pasture",
        "isFarmland": false,
        "farmScore": 47,
        "harvestHealth": 52,
        "soilQuality": 51,
        "waterAccess": 48,
        "slopeRisk": 94,
        "confidence": 0.998,
        "maskValues": {
          "farmland": 0.479,
          "density": 0.419,
          "health": 0.648,
          "cropType": 0.438
        },
        "noise": {
          "seed": 918273,
          "jitter": 0.095,
          "rotation": -4.32
        },
        "labels": [
          "synthetic",
          "demo",
          "non-farmland"
        ]
      },
      "geometry": {
        "type": "Polygon",
        "coordinates": [
          [
            [
              21.04,
              42.7575
            ],
            [
              21.11,
              42.7575
            ],
            [
              21.11,
              42.72696976648178
            ],
            [
              21.04,
              42.72696976648178
            ],
            [
              21.04,
              42.7575
            ]
          ]
        ]
      }
    },
    {
      "type": "Feature",
      "properties": {
        "id": "KOS-PRT-000439",
        "parcelIndex": 439,
        "district": "Pristina",
        "centroid": [
          21.075,
          42.711
        ],
        "areaHa": 2033.15,
        "shapeType": "irregular-rect",
        "landUse": "farmland",
        "cropType": "vegetables",
        "isFarmland": true,
        "farmScore": 51,
        "harvestHealth": 47,
        "soilQuality": 49,
        "waterAccess": 47,
        "slopeRisk": 98,
        "confidence": 1,
        "maskValues": {
          "farmland": 0.471,
          "density": 0.393,
          "health": 0.616,
          "cropType": 0.432
        },
        "noise": {
          "seed": 918273,
          "jitter": 0.115,
          "rotation": -3.72
        },
        "labels": [
          "synthetic",
          "demo",
          "farmland"
        ]
      },
      "geometry": {
        "type": "Polygon",
        "coordinates": [
          [
            [
              21.04,
              42.72696976648178
            ],
            [
              21.11,
              42.72696976648178
            ],
            [
              21.11,
              42.695
            ],
            [
              21.04,
              42.695
            ],
            [
              21.04,
              42.72696976648178
            ]
          ]
        ]
      }
    },
    {
      "type": "Feature",
      "properties": {
        "id": "KOS-PRT-000440",
        "parcelIndex": 440,
        "district": "Pristina",
        "centroid": [
          21.145,
          42.742
        ],
        "areaHa": 1946.11,
        "shapeType": "irregular-rect",
        "landUse": "pasture",
        "cropType": "pasture",
        "isFarmland": false,
        "farmScore": 41,
        "harvestHealth": 44,
        "soilQuality": 49,
        "waterAccess": 49,
        "slopeRisk": 97,
        "confidence": 1,
        "maskValues": {
          "farmland": 0.449,
          "density": 0.433,
          "health": 0.631,
          "cropType": 0.409
        },
        "noise": {
          "seed": 918273,
          "jitter": 0.17,
          "rotation": 4.68
        },
        "labels": [
          "synthetic",
          "demo",
          "non-farmland"
        ]
      },
      "geometry": {
        "type": "Polygon",
        "coordinates": [
          [
            [
              21.11,
              42.7575
            ],
            [
              21.18,
              42.7575
            ],
            [
              21.18,
              42.72688342750654
            ],
            [
              21.11,
              42.72688342750654
            ],
            [
              21.11,
              42.7575
            ]
          ]
        ]
      }
    },
    {
      "type": "Feature",
      "properties": {
        "id": "KOS-PRT-000441",
        "parcelIndex": 441,
        "district": "Pristina",
        "centroid": [
          21.145,
          42.711
        ],
        "areaHa": 2027.66,
        "shapeType": "irregular-rect",
        "landUse": "farmland",
        "cropType": "vineyard",
        "isFarmland": true,
        "farmScore": 48,
        "harvestHealth": 42,
        "soilQuality": 49,
        "waterAccess": 48,
        "slopeRisk": 100,
        "confidence": 1,
        "maskValues": {
          "farmland": 0.448,
          "density": 0.405,
          "health": 0.613,
          "cropType": 0.409
        },
        "noise": {
          "seed": 918273,
          "jitter": 0.056,
          "rotation": -3.39
        },
        "labels": [
          "synthetic",
          "demo",
          "farmland"
        ]
      },
      "geometry": {
        "type": "Polygon",
        "coordinates": [
          [
            [
              21.11,
              42.72688342750654
            ],
            [
              21.18,
              42.72688342750654
            ],
            [
              21.18,
              42.695
            ],
            [
              21.11,
              42.695
            ],
            [
              21.11,
              42.72688342750654
            ]
          ]
        ]
      }
    },
    {
      "type": "Feature",
      "properties": {
        "id": "KOS-PRT-000442",
        "parcelIndex": 442,
        "district": "Pristina",
        "centroid": [
          21.215,
          42.739
        ],
        "areaHa": 2311.64,
        "shapeType": "irregular-rect",
        "landUse": "fallow",
        "cropType": "pasture",
        "isFarmland": false,
        "farmScore": 48,
        "harvestHealth": 39,
        "soilQuality": 48,
        "waterAccess": 50,
        "slopeRisk": 99,
        "confidence": 1,
        "maskValues": {
          "farmland": 0.428,
          "density": 0.458,
          "health": 0.587,
          "cropType": 0.395
        },
        "noise": {
          "seed": 918273,
          "jitter": 0.12,
          "rotation": -1.35
        },
        "labels": [
          "synthetic",
          "demo",
          "non-farmland"
        ]
      },
      "geometry": {
        "type": "Polygon",
        "coordinates": [
          [
            [
              21.18,
              42.7575
            ],
            [
              21.25,
              42.7575
            ],
            [
              21.25,
              42.721134464523054
            ],
            [
              21.18,
              42.721134464523054
            ],
            [
              21.18,
              42.7575
            ]
          ]
        ]
      }
    },
    {
      "type": "Feature",
      "properties": {
        "id": "KOS-PRT-000443",
        "parcelIndex": 443,
        "district": "Pristina",
        "centroid": [
          21.215,
          42.708
        ],
        "areaHa": 1662.12,
        "shapeType": "irregular-rect",
        "landUse": "pasture",
        "cropType": "pasture",
        "isFarmland": false,
        "farmScore": 47,
        "harvestHealth": 39,
        "soilQuality": 50,
        "waterAccess": 48,
        "slopeRisk": 98,
        "confidence": 1,
        "maskValues": {
          "farmland": 0.436,
          "density": 0.435,
          "health": 0.588,
          "cropType": 0.403
        },
        "noise": {
          "seed": 918273,
          "jitter": 0.085,
          "rotation": -4.34
        },
        "labels": [
          "synthetic",
          "demo",
          "non-farmland"
        ]
      },
      "geometry": {
        "type": "Polygon",
        "coordinates": [
          [
            [
              21.18,
              42.721134464523054
            ],
            [
              21.25,
              42.721134464523054
            ],
            [
              21.25,
              42.695
            ],
            [
              21.18,
              42.695
            ],
            [
              21.18,
              42.721134464523054
            ]
          ]
        ]
      }
    },
    {
      "type": "Feature",
      "properties": {
        "id": "KOS-PRT-000444",
        "parcelIndex": 444,
        "district": "Pristina",
        "centroid": [
          21.285,
          42.743
        ],
        "areaHa": 1789.15,
        "shapeType": "irregular-rect",
        "landUse": "forest_edge",
        "cropType": "fallow",
        "isFarmland": false,
        "farmScore": 42,
        "harvestHealth": 42,
        "soilQuality": 49,
        "waterAccess": 50,
        "slopeRisk": 97,
        "confidence": 0.998,
        "maskValues": {
          "farmland": 0.416,
          "density": 0.498,
          "health": 0.525,
          "cropType": 0.397
        },
        "noise": {
          "seed": 918273,
          "jitter": 0.133,
          "rotation": 1.32
        },
        "labels": [
          "synthetic",
          "demo",
          "non-farmland"
        ]
      },
      "geometry": {
        "type": "Polygon",
        "coordinates": [
          [
            [
              21.25,
              42.7575
            ],
            [
              21.32,
              42.7575
            ],
            [
              21.32,
              42.729352123260036
            ],
            [
              21.25,
              42.729352123260036
            ],
            [
              21.25,
              42.7575
            ]
          ]
        ]
      }
    },
    {
      "type": "Feature",
      "properties": {
        "id": "KOS-PRT-000445",
        "parcelIndex": 445,
        "district": "Pristina",
        "centroid": [
          21.285,
          42.712
        ],
        "areaHa": 2184.61,
        "shapeType": "irregular-rect",
        "landUse": "farmland",
        "cropType": "pasture",
        "isFarmland": true,
        "farmScore": 46,
        "harvestHealth": 45,
        "soilQuality": 50,
        "waterAccess": 48,
        "slopeRisk": 93,
        "confidence": 1,
        "maskValues": {
          "farmland": 0.433,
          "density": 0.482,
          "health": 0.543,
          "cropType": 0.41
        },
        "noise": {
          "seed": 918273,
          "jitter": 0.178,
          "rotation": 6.44
        },
        "labels": [
          "synthetic",
          "demo",
          "farmland"
        ]
      },
      "geometry": {
        "type": "Polygon",
        "coordinates": [
          [
            [
              21.25,
              42.729352123260036
            ],
            [
              21.32,
              42.729352123260036
            ],
            [
              21.32,
              42.695
            ],
            [
              21.25,
              42.695
            ],
            [
              21.25,
              42.729352123260036
            ]
          ]
        ]
      }
    },
    {
      "type": "Feature",
      "properties": {
        "id": "KOS-PRT-000446",
        "parcelIndex": 446,
        "district": "Pristina",
        "centroid": [
          21.355,
          42.726
        ],
        "areaHa": 3973.77,
        "shapeType": "rectangular",
        "landUse": "pasture",
        "cropType": "fallow",
        "isFarmland": false,
        "farmScore": 42,
        "harvestHealth": 36,
        "soilQuality": 49,
        "waterAccess": 48,
        "slopeRisk": 88,
        "confidence": 1,
        "maskValues": {
          "farmland": 0.43,
          "density": 0.533,
          "health": 0.475,
          "cropType": 0.425
        },
        "noise": {
          "seed": 918273,
          "jitter": 0.043,
          "rotation": -0.04
        },
        "labels": [
          "synthetic",
          "demo",
          "non-farmland"
        ]
      },
      "geometry": {
        "type": "Polygon",
        "coordinates": [
          [
            [
              21.32,
              42.7575
            ],
            [
              21.39,
              42.7575
            ],
            [
              21.39,
              42.695
            ],
            [
              21.32,
              42.695
            ],
            [
              21.32,
              42.7575
            ]
          ]
        ]
      }
    },
    {
      "type": "Feature",
      "properties": {
        "id": "KOS-GJN-000447",
        "parcelIndex": 447,
        "district": "Gjilan",
        "centroid": [
          21.425,
          42.726
        ],
        "areaHa": 3973.77,
        "shapeType": "rectangular",
        "landUse": "mixed",
        "cropType": "pasture",
        "isFarmland": false,
        "farmScore": 44,
        "harvestHealth": 39,
        "soilQuality": 46,
        "waterAccess": 47,
        "slopeRisk": 81,
        "confidence": 1,
        "maskValues": {
          "farmland": 0.446,
          "density": 0.571,
          "health": 0.419,
          "cropType": 0.457
        },
        "noise": {
          "seed": 918273,
          "jitter": 0.165,
          "rotation": 6.33
        },
        "labels": [
          "synthetic",
          "demo",
          "non-farmland"
        ]
      },
      "geometry": {
        "type": "Polygon",
        "coordinates": [
          [
            [
              21.39,
              42.7575
            ],
            [
              21.46,
              42.7575
            ],
            [
              21.46,
              42.695
            ],
            [
              21.39,
              42.695
            ],
            [
              21.39,
              42.7575
            ]
          ]
        ]
      }
    },
    {
      "type": "Feature",
      "properties": {
        "id": "KOS-GJN-000448",
        "parcelIndex": 448,
        "district": "Gjilan",
        "centroid": [
          21.495,
          42.726
        ],
        "areaHa": 3973.77,
        "shapeType": "rectangular",
        "landUse": "forest_edge",
        "cropType": "pasture",
        "isFarmland": false,
        "farmScore": 45,
        "harvestHealth": 37,
        "soilQuality": 43,
        "waterAccess": 47,
        "slopeRisk": 79,
        "confidence": 1,
        "maskValues": {
          "farmland": 0.468,
          "density": 0.596,
          "health": 0.379,
          "cropType": 0.494
        },
        "noise": {
          "seed": 918273,
          "jitter": 0.027,
          "rotation": -4.23
        },
        "labels": [
          "synthetic",
          "demo",
          "non-farmland"
        ]
      },
      "geometry": {
        "type": "Polygon",
        "coordinates": [
          [
            [
              21.46,
              42.7575
            ],
            [
              21.53,
              42.7575
            ],
            [
              21.53,
              42.695
            ],
            [
              21.46,
              42.695
            ],
            [
              21.46,
              42.7575
            ]
          ]
        ]
      }
    },
    {
      "type": "Feature",
      "properties": {
        "id": "KOS-GJN-000449",
        "parcelIndex": 449,
        "district": "Gjilan",
        "centroid": [
          21.565,
          42.726
        ],
        "areaHa": 3973.77,
        "shapeType": "rectangular",
        "landUse": "fallow",
        "cropType": "pasture",
        "isFarmland": false,
        "farmScore": 50,
        "harvestHealth": 36,
        "soilQuality": 41,
        "waterAccess": 49,
        "slopeRisk": 83,
        "confidence": 1,
        "maskValues": {
          "farmland": 0.494,
          "density": 0.601,
          "health": 0.361,
          "cropType": 0.532
        },
        "noise": {
          "seed": 918273,
          "jitter": 0.055,
          "rotation": -3.7
        },
        "labels": [
          "synthetic",
          "demo",
          "non-farmland"
        ]
      },
      "geometry": {
        "type": "Polygon",
        "coordinates": [
          [
            [
              21.53,
              42.7575
            ],
            [
              21.6,
              42.7575
            ],
            [
              21.6,
              42.695
            ],
            [
              21.53,
              42.695
            ],
            [
              21.53,
              42.7575
            ]
          ]
        ]
      }
    },
    {
      "type": "Feature",
      "properties": {
        "id": "KOS-GJN-000450",
        "parcelIndex": 450,
        "district": "Gjilan",
        "centroid": [
          21.616,
          42.726
        ],
        "areaHa": 1813.03,
        "shapeType": "irregular-rect",
        "landUse": "orchard",
        "cropType": "vegetables",
        "isFarmland": true,
        "farmScore": 56,
        "harvestHealth": 32,
        "soilQuality": 42,
        "waterAccess": 51,
        "slopeRisk": 89,
        "confidence": 0.933,
        "maskValues": {
          "farmland": 0.514,
          "density": 0.592,
          "health": 0.365,
          "cropType": 0.556
        },
        "noise": {
          "seed": 918273,
          "jitter": 0.123,
          "rotation": 0.9
        },
        "labels": [
          "synthetic",
          "demo",
          "farmland"
        ]
      },
      "geometry": {
        "type": "Polygon",
        "coordinates": [
          [
            [
              21.6,
              42.7575
            ],
            [
              21.642875,
              42.7575
            ],
            [
              21.621,
              42.695
            ],
            [
              21.6,
              42.695
            ],
            [
              21.6,
              42.7575
            ]
          ]
        ]
      }
    },
    {
      "type": "Feature",
      "properties": {
        "id": "KOS-PEJ-000462",
        "parcelIndex": 462,
        "district": "Peja",
        "centroid": [
          20.05,
          42.68
        ],
        "areaHa": 539.24,
        "shapeType": "irregular-rect",
        "landUse": "pasture",
        "cropType": "pasture",
        "isFarmland": false,
        "farmScore": 48,
        "harvestHealth": 36,
        "soilQuality": 47,
        "waterAccess": 49,
        "slopeRisk": 100,
        "confidence": 0.984,
        "maskValues": {
          "farmland": 0.432,
          "density": 0.407,
          "health": 0.554,
          "cropType": 0.386
        },
        "noise": {
          "seed": 918273,
          "jitter": 0.113,
          "rotation": -6.98
        },
        "labels": [
          "synthetic",
          "demo",
          "non-farmland"
        ]
      },
      "geometry": {
        "type": "Polygon",
        "coordinates": [
          [
            [
              20.038504329168912,
              42.664136519360476
            ],
            [
              20.04305263157895,
              42.695
            ],
            [
              20.060000000000002,
              42.695
            ],
            [
              20.060000000000002,
              42.664136519360476
            ],
            [
              20.038504329168912,
              42.664136519360476
            ]
          ]
        ]
      }
    },
    {
      "type": "Feature",
      "properties": {
        "id": "KOS-PEJ-000463",
        "parcelIndex": 463,
        "district": "Peja",
        "centroid": [
          20.048,
          42.648
        ],
        "areaHa": 685.52,
        "shapeType": "irregular-rect",
        "landUse": "mixed",
        "cropType": "pasture",
        "isFarmland": false,
        "farmScore": 41,
        "harvestHealth": 37,
        "soilQuality": 46,
        "waterAccess": 48,
        "slopeRisk": 100,
        "confidence": 1,
        "maskValues": {
          "farmland": 0.441,
          "density": 0.398,
          "health": 0.51,
          "cropType": 0.396
        },
        "noise": {
          "seed": 918273,
          "jitter": 0.101,
          "rotation": 5.35
        },
        "labels": [
          "synthetic",
          "demo",
          "non-farmland"
        ]
      },
      "geometry": {
        "type": "Polygon",
        "coordinates": [
          [
            [
              20.033842105263158,
              42.6325
            ],
            [
              20.038504329168912,
              42.664136519360476
            ],
            [
              20.060000000000002,
              42.664136519360476
            ],
            [
              20.060000000000002,
              42.6325
            ],
            [
              20.033842105263158,
              42.6325
            ]
          ]
        ]
      }
    },
    {
      "type": "Feature",
      "properties": {
        "id": "KOS-PEJ-000464",
        "parcelIndex": 464,
        "district": "Peja",
        "centroid": [
          20.095,
          42.68
        ],
        "areaHa": 1908.09,
        "shapeType": "irregular-rect",
        "landUse": "mixed",
        "cropType": "pasture",
        "isFarmland": false,
        "farmScore": 45,
        "harvestHealth": 39,
        "soilQuality": 48,
        "waterAccess": 48,
        "slopeRisk": 100,
        "confidence": 1,
        "maskValues": {
          "farmland": 0.416,
          "density": 0.41,
          "health": 0.565,
          "cropType": 0.374
        },
        "noise": {
          "seed": 918273,
          "jitter": 0.052,
          "rotation": 1.76
        },
        "labels": [
          "synthetic",
          "demo",
          "non-farmland"
        ]
      },
      "geometry": {
        "type": "Polygon",
        "coordinates": [
          [
            [
              20.060000000000002,
              42.695
            ],
            [
              20.130000000000003,
              42.695
            ],
            [
              20.130000000000003,
              42.665011571751094
            ],
            [
              20.060000000000002,
              42.665011571751094
            ],
            [
              20.060000000000002,
              42.695
            ]
          ]
        ]
      }
    },
    {
      "type": "Feature",
      "properties": {
        "id": "KOS-PEJ-000465",
        "parcelIndex": 465,
        "district": "Peja",
        "centroid": [
          20.095,
          42.649
        ],
        "areaHa": 2069.67,
        "shapeType": "irregular-rect",
        "landUse": "mixed",
        "cropType": "pasture",
        "isFarmland": false,
        "farmScore": 39,
        "harvestHealth": 40,
        "soilQuality": 48,
        "waterAccess": 47,
        "slopeRisk": 100,
        "confidence": 0.996,
        "maskValues": {
          "farmland": 0.428,
          "density": 0.403,
          "health": 0.529,
          "cropType": 0.384
        },
        "noise": {
          "seed": 918273,
          "jitter": 0.172,
          "rotation": 5.99
        },
        "labels": [
          "synthetic",
          "demo",
          "non-farmland"
        ]
      },
      "geometry": {
        "type": "Polygon",
        "coordinates": [
          [
            [
              20.060000000000002,
              42.665011571751094
            ],
            [
              20.130000000000003,
              42.665011571751094
            ],
            [
              20.130000000000003,
              42.6325
            ],
            [
              20.060000000000002,
              42.6325
            ],
            [
              20.060000000000002,
              42.665011571751094
            ]
          ]
        ]
      }
    },
    {
      "type": "Feature",
      "properties": {
        "id": "KOS-PEJ-000466",
        "parcelIndex": 466,
        "district": "Peja",
        "centroid": [
          20.165,
          42.682
        ],
        "areaHa": 1646.19,
        "shapeType": "irregular-rect",
        "landUse": "mixed",
        "cropType": "barley",
        "isFarmland": true,
        "farmScore": 37,
        "harvestHealth": 38,
        "soilQuality": 51,
        "waterAccess": 47,
        "slopeRisk": 99,
        "confidence": 1,
        "maskValues": {
          "farmland": 0.405,
          "density": 0.428,
          "health": 0.572,
          "cropType": 0.374
        },
        "noise": {
          "seed": 918273,
          "jitter": 0.026,
          "rotation": -4.25
        },
        "labels": [
          "synthetic",
          "demo",
          "farmland"
        ]
      },
      "geometry": {
        "type": "Polygon",
        "coordinates": [
          [
            [
              20.130000000000003,
              42.695
            ],
            [
              20.200000000000003,
              42.695
            ],
            [
              20.200000000000003,
              42.6691268813028
            ],
            [
              20.130000000000003,
              42.6691268813028
            ],
            [
              20.130000000000003,
              42.695
            ]
          ]
        ]
      }
    },
    {
      "type": "Feature",
      "properties": {
        "id": "KOS-PEJ-000467",
        "parcelIndex": 467,
        "district": "Peja",
        "centroid": [
          20.165,
          42.651
        ],
        "areaHa": 2331.58,
        "shapeType": "irregular-rect",
        "landUse": "fallow",
        "cropType": "wheat",
        "isFarmland": true,
        "farmScore": 41,
        "harvestHealth": 40,
        "soilQuality": 50,
        "waterAccess": 46,
        "slopeRisk": 97,
        "confidence": 1,
        "maskValues": {
          "farmland": 0.419,
          "density": 0.425,
          "health": 0.553,
          "cropType": 0.383
        },
        "noise": {
          "seed": 918273,
          "jitter": 0.146,
          "rotation": -0.47
        },
        "labels": [
          "synthetic",
          "demo",
          "farmland"
        ]
      },
      "geometry": {
        "type": "Polygon",
        "coordinates": [
          [
            [
              20.130000000000003,
              42.6691268813028
            ],
            [
              20.200000000000003,
              42.6691268813028
            ],
            [
              20.200000000000003,
              42.6325
            ],
            [
              20.130000000000003,
              42.6325
            ],
            [
              20.130000000000003,
              42.6691268813028
            ]
          ]
        ]
      }
    },
    {
      "type": "Feature",
      "properties": {
        "id": "KOS-PEJ-000468",
        "parcelIndex": 468,
        "district": "Peja",
        "centroid": [
          20.235,
          42.664
        ],
        "areaHa": 3977.77,
        "shapeType": "rectangular",
        "landUse": "forest_edge",
        "cropType": "mixed",
        "isFarmland": false,
        "farmScore": 42,
        "harvestHealth": 45,
        "soilQuality": 51,
        "waterAccess": 45,
        "slopeRisk": 86,
        "confidence": 1,
        "maskValues": {
          "farmland": 0.42,
          "density": 0.461,
          "health": 0.563,
          "cropType": 0.401
        },
        "noise": {
          "seed": 918273,
          "jitter": 0.156,
          "rotation": -2.69
        },
        "labels": [
          "synthetic",
          "demo",
          "non-farmland"
        ]
      },
      "geometry": {
        "type": "Polygon",
        "coordinates": [
          [
            [
              20.200000000000003,
              42.695
            ],
            [
              20.27,
              42.695
            ],
            [
              20.27,
              42.6325
            ],
            [
              20.200000000000003,
              42.6325
            ],
            [
              20.200000000000003,
              42.695
            ]
          ]
        ]
      }
    },
    {
      "type": "Feature",
      "properties": {
        "id": "KOS-PEJ-000469",
        "parcelIndex": 469,
        "district": "Peja",
        "centroid": [
          20.305,
          42.664
        ],
        "areaHa": 3977.77,
        "shapeType": "rectangular",
        "landUse": "farmland",
        "cropType": "corn",
        "isFarmland": true,
        "farmScore": 47,
        "harvestHealth": 47,
        "soilQuality": 50,
        "waterAccess": 44,
        "slopeRisk": 75,
        "confidence": 1,
        "maskValues": {
          "farmland": 0.442,
          "density": 0.504,
          "health": 0.553,
          "cropType": 0.44
        },
        "noise": {
          "seed": 918273,
          "jitter": 0.063,
          "rotation": -6.22
        },
        "labels": [
          "synthetic",
          "demo",
          "farmland"
        ]
      },
      "geometry": {
        "type": "Polygon",
        "coordinates": [
          [
            [
              20.27,
              42.695
            ],
            [
              20.34,
              42.695
            ],
            [
              20.34,
              42.6325
            ],
            [
              20.27,
              42.6325
            ],
            [
              20.27,
              42.695
            ]
          ]
        ]
      }
    },
    {
      "type": "Feature",
      "properties": {
        "id": "KOS-PEJ-000470",
        "parcelIndex": 470,
        "district": "Peja",
        "centroid": [
          20.375,
          42.664
        ],
        "areaHa": 3977.77,
        "shapeType": "rectangular",
        "landUse": "farmland",
        "cropType": "pasture",
        "isFarmland": true,
        "farmScore": 44,
        "harvestHealth": 45,
        "soilQuality": 47,
        "waterAccess": 45,
        "slopeRisk": 71,
        "confidence": 1,
        "maskValues": {
          "farmland": 0.472,
          "density": 0.549,
          "health": 0.531,
          "cropType": 0.487
        },
        "noise": {
          "seed": 918273,
          "jitter": 0.093,
          "rotation": -1.2
        },
        "labels": [
          "synthetic",
          "demo",
          "farmland"
        ]
      },
      "geometry": {
        "type": "Polygon",
        "coordinates": [
          [
            [
              20.34,
              42.695
            ],
            [
              20.41,
              42.695
            ],
            [
              20.41,
              42.6325
            ],
            [
              20.34,
              42.6325
            ],
            [
              20.34,
              42.695
            ]
          ]
        ]
      }
    },
    {
      "type": "Feature",
      "properties": {
        "id": "KOS-PEJ-000471",
        "parcelIndex": 471,
        "district": "Peja",
        "centroid": [
          20.445,
          42.664
        ],
        "areaHa": 3977.77,
        "shapeType": "rectangular",
        "landUse": "orchard",
        "cropType": "potato",
        "isFarmland": true,
        "farmScore": 51,
        "harvestHealth": 46,
        "soilQuality": 45,
        "waterAccess": 48,
        "slopeRisk": 74,
        "confidence": 1,
        "maskValues": {
          "farmland": 0.506,
          "density": 0.586,
          "health": 0.502,
          "cropType": 0.535
        },
        "noise": {
          "seed": 918273,
          "jitter": 0.072,
          "rotation": -5.22
        },
        "labels": [
          "synthetic",
          "demo",
          "farmland"
        ]
      },
      "geometry": {
        "type": "Polygon",
        "coordinates": [
          [
            [
              20.41,
              42.695
            ],
            [
              20.48,
              42.695
            ],
            [
              20.48,
              42.6325
            ],
            [
              20.41,
              42.6325
            ],
            [
              20.41,
              42.695
            ]
          ]
        ]
      }
    },
    {
      "type": "Feature",
      "properties": {
        "id": "KOS-PEJ-000472",
        "parcelIndex": 472,
        "district": "Peja",
        "centroid": [
          20.515,
          42.664
        ],
        "areaHa": 3977.77,
        "shapeType": "rectangular",
        "landUse": "farmland",
        "cropType": "barley",
        "isFarmland": true,
        "farmScore": 49,
        "harvestHealth": 39,
        "soilQuality": 46,
        "waterAccess": 53,
        "slopeRisk": 84,
        "confidence": 1,
        "maskValues": {
          "farmland": 0.536,
          "density": 0.608,
          "health": 0.471,
          "cropType": 0.574
        },
        "noise": {
          "seed": 918273,
          "jitter": 0.117,
          "rotation": 3.45
        },
        "labels": [
          "synthetic",
          "demo",
          "farmland"
        ]
      },
      "geometry": {
        "type": "Polygon",
        "coordinates": [
          [
            [
              20.48,
              42.695
            ],
            [
              20.55,
              42.695
            ],
            [
              20.55,
              42.6325
            ],
            [
              20.48,
              42.6325
            ],
            [
              20.48,
              42.695
            ]
          ]
        ]
      }
    },
    {
      "type": "Feature",
      "properties": {
        "id": "KOS-MLS-000473",
        "parcelIndex": 473,
        "district": "Malisheva",
        "centroid": [
          20.585,
          42.664
        ],
        "areaHa": 3977.77,
        "shapeType": "rectangular",
        "landUse": "farmland",
        "cropType": "barley",
        "isFarmland": true,
        "farmScore": 55,
        "harvestHealth": 39,
        "soilQuality": 49,
        "waterAccess": 57,
        "slopeRisk": 96,
        "confidence": 1,
        "maskValues": {
          "farmland": 0.559,
          "density": 0.612,
          "health": 0.445,
          "cropType": 0.599
        },
        "noise": {
          "seed": 918273,
          "jitter": 0.054,
          "rotation": 3.18
        },
        "labels": [
          "synthetic",
          "demo",
          "farmland"
        ]
      },
      "geometry": {
        "type": "Polygon",
        "coordinates": [
          [
            [
              20.55,
              42.695
            ],
            [
              20.62,
              42.695
            ],
            [
              20.62,
              42.6325
            ],
            [
              20.55,
              42.6325
            ],
            [
              20.55,
              42.695
            ]
          ]
        ]
      }
    },
    {
      "type": "Feature",
      "properties": {
        "id": "KOS-MLS-000474",
        "parcelIndex": 474,
        "district": "Malisheva",
        "centroid": [
          20.655,
          42.678
        ],
        "areaHa": 2156.13,
        "shapeType": "irregular-rect",
        "landUse": "farmland",
        "cropType": "corn",
        "isFarmland": true,
        "farmScore": 62,
        "harvestHealth": 32,
        "soilQuality": 52,
        "waterAccess": 58,
        "slopeRisk": 100,
        "confidence": 1,
        "maskValues": {
          "farmland": 0.575,
          "density": 0.589,
          "health": 0.419,
          "cropType": 0.61
        },
        "noise": {
          "seed": 918273,
          "jitter": 0.16,
          "rotation": -1.64
        },
        "labels": [
          "synthetic",
          "demo",
          "farmland"
        ]
      },
      "geometry": {
        "type": "Polygon",
        "coordinates": [
          [
            [
              20.62,
              42.695
            ],
            [
              20.69,
              42.695
            ],
            [
              20.69,
              42.66111440718989
            ],
            [
              20.62,
              42.66111440718989
            ],
            [
              20.62,
              42.695
            ]
          ]
        ]
      }
    },
    {
      "type": "Feature",
      "properties": {
        "id": "KOS-MLS-000475",
        "parcelIndex": 475,
        "district": "Malisheva",
        "centroid": [
          20.655,
          42.647
        ],
        "areaHa": 1821.64,
        "shapeType": "irregular-rect",
        "landUse": "pasture",
        "cropType": "fallow",
        "isFarmland": false,
        "farmScore": 58,
        "harvestHealth": 40,
        "soilQuality": 54,
        "waterAccess": 59,
        "slopeRisk": 100,
        "confidence": 1,
        "maskValues": {
          "farmland": 0.565,
          "density": 0.598,
          "health": 0.442,
          "cropType": 0.602
        },
        "noise": {
          "seed": 918273,
          "jitter": 0.174,
          "rotation": -2.88
        },
        "labels": [
          "synthetic",
          "demo",
          "non-farmland"
        ]
      },
      "geometry": {
        "type": "Polygon",
        "coordinates": [
          [
            [
              20.62,
              42.66111440718989
            ],
            [
              20.69,
              42.66111440718989
            ],
            [
              20.69,
              42.6325
            ],
            [
              20.62,
              42.6325
            ],
            [
              20.62,
              42.66111440718989
            ]
          ]
        ]
      }
    },
    {
      "type": "Feature",
      "properties": {
        "id": "KOS-MLS-000476",
        "parcelIndex": 476,
        "district": "Malisheva",
        "centroid": [
          20.725,
          42.682
        ],
        "areaHa": 1614.83,
        "shapeType": "irregular-rect",
        "landUse": "farmland",
        "cropType": "barley",
        "isFarmland": true,
        "farmScore": 59,
        "harvestHealth": 33,
        "soilQuality": 56,
        "waterAccess": 58,
        "slopeRisk": 100,
        "confidence": 1,
        "maskValues": {
          "farmland": 0.577,
          "density": 0.554,
          "health": 0.426,
          "cropType": 0.601
        },
        "noise": {
          "seed": 918273,
          "jitter": 0.113,
          "rotation": 5.37
        },
        "labels": [
          "synthetic",
          "demo",
          "farmland"
        ]
      },
      "geometry": {
        "type": "Polygon",
        "coordinates": [
          [
            [
              20.69,
              42.695
            ],
            [
              20.76,
              42.695
            ],
            [
              20.76,
              42.669619643282495
            ],
            [
              20.69,
              42.669619643282495
            ],
            [
              20.69,
              42.695
            ]
          ]
        ]
      }
    },
    {
      "type": "Feature",
      "properties": {
        "id": "KOS-MLS-000477",
        "parcelIndex": 477,
        "district": "Malisheva",
        "centroid": [
          20.725,
          42.651
        ],
        "areaHa": 2362.94,
        "shapeType": "rectangular",
        "landUse": "farmland",
        "cropType": "vegetables",
        "isFarmland": true,
        "farmScore": 58,
        "harvestHealth": 38,
        "soilQuality": 57,
        "waterAccess": 57,
        "slopeRisk": 100,
        "confidence": 1,
        "maskValues": {
          "farmland": 0.564,
          "density": 0.561,
          "health": 0.428,
          "cropType": 0.592
        },
        "noise": {
          "seed": 918273,
          "jitter": 0.112,
          "rotation": -6.35
        },
        "labels": [
          "synthetic",
          "demo",
          "farmland"
        ]
      },
      "geometry": {
        "type": "Polygon",
        "coordinates": [
          [
            [
              20.69,
              42.669619643282495
            ],
            [
              20.76,
              42.669619643282495
            ],
            [
              20.76,
              42.6325
            ],
            [
              20.69,
              42.6325
            ],
            [
              20.69,
              42.669619643282495
            ]
          ]
        ]
      }
    },
    {
      "type": "Feature",
      "properties": {
        "id": "KOS-MLS-000478",
        "parcelIndex": 478,
        "district": "Malisheva",
        "centroid": [
          20.795,
          42.681
        ],
        "areaHa": 1743.37,
        "shapeType": "irregular-rect",
        "landUse": "orchard",
        "cropType": "barley",
        "isFarmland": true,
        "farmScore": 59,
        "harvestHealth": 40,
        "soilQuality": 57,
        "waterAccess": 55,
        "slopeRisk": 100,
        "confidence": 1,
        "maskValues": {
          "farmland": 0.564,
          "density": 0.51,
          "health": 0.452,
          "cropType": 0.574
        },
        "noise": {
          "seed": 918273,
          "jitter": 0.126,
          "rotation": -5.3
        },
        "labels": [
          "synthetic",
          "demo",
          "farmland"
        ]
      },
      "geometry": {
        "type": "Polygon",
        "coordinates": [
          [
            [
              20.76,
              42.695
            ],
            [
              20.830000000000002,
              42.695
            ],
            [
              20.830000000000002,
              42.66759993326443
            ],
            [
              20.76,
              42.66759993326443
            ],
            [
              20.76,
              42.695
            ]
          ]
        ]
      }
    },
    {
      "type": "Feature",
      "properties": {
        "id": "KOS-MLS-000479",
        "parcelIndex": 479,
        "district": "Malisheva",
        "centroid": [
          20.795,
          42.65
        ],
        "areaHa": 2234.4,
        "shapeType": "irregular-rect",
        "landUse": "farmland",
        "cropType": "orchard",
        "isFarmland": true,
        "farmScore": 58,
        "harvestHealth": 35,
        "soilQuality": 56,
        "waterAccess": 54,
        "slopeRisk": 100,
        "confidence": 1,
        "maskValues": {
          "farmland": 0.549,
          "density": 0.513,
          "health": 0.433,
          "cropType": 0.564
        },
        "noise": {
          "seed": 918273,
          "jitter": 0.103,
          "rotation": -3.17
        },
        "labels": [
          "synthetic",
          "demo",
          "farmland"
        ]
      },
      "geometry": {
        "type": "Polygon",
        "coordinates": [
          [
            [
              20.76,
              42.66759993326443
            ],
            [
              20.830000000000002,
              42.66759993326443
            ],
            [
              20.830000000000002,
              42.6325
            ],
            [
              20.76,
              42.6325
            ],
            [
              20.76,
              42.66759993326443
            ]
          ]
        ]
      }
    },
    {
      "type": "Feature",
      "properties": {
        "id": "KOS-MIT-000480",
        "parcelIndex": 480,
        "district": "Mitrovica",
        "centroid": [
          20.865,
          42.682
        ],
        "areaHa": 1646.52,
        "shapeType": "irregular-rect",
        "landUse": "farmland",
        "cropType": "vineyard",
        "isFarmland": true,
        "farmScore": 53,
        "harvestHealth": 33,
        "soilQuality": 56,
        "waterAccess": 51,
        "slopeRisk": 100,
        "confidence": 1,
        "maskValues": {
          "farmland": 0.542,
          "density": 0.462,
          "health": 0.49,
          "cropType": 0.536
        },
        "noise": {
          "seed": 918273,
          "jitter": 0.079,
          "rotation": 5.87
        },
        "labels": [
          "synthetic",
          "demo",
          "farmland"
        ]
      },
      "geometry": {
        "type": "Polygon",
        "coordinates": [
          [
            [
              20.830000000000002,
              42.695
            ],
            [
              20.9,
              42.695
            ],
            [
              20.9,
              42.6691217566916
            ],
            [
              20.830000000000002,
              42.6691217566916
            ],
            [
              20.830000000000002,
              42.695
            ]
          ]
        ]
      }
    },
    {
      "type": "Feature",
      "properties": {
        "id": "KOS-MLS-000481",
        "parcelIndex": 481,
        "district": "Malisheva",
        "centroid": [
          20.865,
          42.651
        ],
        "areaHa": 2331.25,
        "shapeType": "irregular-rect",
        "landUse": "forest_edge",
        "cropType": "pasture",
        "isFarmland": false,
        "farmScore": 52,
        "harvestHealth": 33,
        "soilQuality": 54,
        "waterAccess": 50,
        "slopeRisk": 100,
        "confidence": 1,
        "maskValues": {
          "farmland": 0.526,
          "density": 0.46,
          "health": 0.454,
          "cropType": 0.526
        },
        "noise": {
          "seed": 918273,
          "jitter": 0.044,
          "rotation": -2.38
        },
        "labels": [
          "synthetic",
          "demo",
          "non-farmland"
        ]
      },
      "geometry": {
        "type": "Polygon",
        "coordinates": [
          [
            [
              20.830000000000002,
              42.6691217566916
            ],
            [
              20.9,
              42.6691217566916
            ],
            [
              20.9,
              42.6325
            ],
            [
              20.830000000000002,
              42.6325
            ],
            [
              20.830000000000002,
              42.6691217566916
            ]
          ]
        ]
      }
    },
    {
      "type": "Feature",
      "properties": {
        "id": "KOS-PRT-000482",
        "parcelIndex": 482,
        "district": "Pristina",
        "centroid": [
          20.935,
          42.664
        ],
        "areaHa": 3977.77,
        "shapeType": "rectangular",
        "landUse": "farmland",
        "cropType": "corn",
        "isFarmland": true,
        "farmScore": 55,
        "harvestHealth": 35,
        "soilQuality": 51,
        "waterAccess": 47,
        "slopeRisk": 100,
        "confidence": 1,
        "maskValues": {
          "farmland": 0.505,
          "density": 0.415,
          "health": 0.504,
          "cropType": 0.488
        },
        "noise": {
          "seed": 918273,
          "jitter": 0.106,
          "rotation": 4.65
        },
        "labels": [
          "synthetic",
          "demo",
          "farmland"
        ]
      },
      "geometry": {
        "type": "Polygon",
        "coordinates": [
          [
            [
              20.9,
              42.695
            ],
            [
              20.97,
              42.695
            ],
            [
              20.97,
              42.6325
            ],
            [
              20.9,
              42.6325
            ],
            [
              20.9,
              42.695
            ]
          ]
        ]
      }
    },
    {
      "type": "Feature",
      "properties": {
        "id": "KOS-PRT-000483",
        "parcelIndex": 483,
        "district": "Pristina",
        "centroid": [
          21.005,
          42.678
        ],
        "areaHa": 2157.13,
        "shapeType": "irregular-rect",
        "landUse": "fallow",
        "cropType": "fallow",
        "isFarmland": false,
        "farmScore": 47,
        "harvestHealth": 38,
        "soilQuality": 49,
        "waterAccess": 46,
        "slopeRisk": 100,
        "confidence": 1,
        "maskValues": {
          "farmland": 0.482,
          "density": 0.389,
          "health": 0.561,
          "cropType": 0.451
        },
        "noise": {
          "seed": 918273,
          "jitter": 0.103,
          "rotation": 3.53
        },
        "labels": [
          "synthetic",
          "demo",
          "non-farmland"
        ]
      },
      "geometry": {
        "type": "Polygon",
        "coordinates": [
          [
            [
              20.97,
              42.695
            ],
            [
              21.04,
              42.695
            ],
            [
              21.04,
              42.661098723630424
            ],
            [
              20.97,
              42.661098723630424
            ],
            [
              20.97,
              42.695
            ]
          ]
        ]
      }
    },
    {
      "type": "Feature",
      "properties": {
        "id": "KOS-PRT-000484",
        "parcelIndex": 484,
        "district": "Pristina",
        "centroid": [
          21.005,
          42.647
        ],
        "areaHa": 1820.64,
        "shapeType": "irregular-rect",
        "landUse": "farmland",
        "cropType": "beans",
        "isFarmland": true,
        "farmScore": 49,
        "harvestHealth": 35,
        "soilQuality": 47,
        "waterAccess": 46,
        "slopeRisk": 100,
        "confidence": 1,
        "maskValues": {
          "farmland": 0.474,
          "density": 0.378,
          "health": 0.512,
          "cropType": 0.448
        },
        "noise": {
          "seed": 918273,
          "jitter": 0.179,
          "rotation": -6.52
        },
        "labels": [
          "synthetic",
          "demo",
          "farmland"
        ]
      },
      "geometry": {
        "type": "Polygon",
        "coordinates": [
          [
            [
              20.97,
              42.661098723630424
            ],
            [
              21.04,
              42.661098723630424
            ],
            [
              21.04,
              42.6325
            ],
            [
              20.97,
              42.6325
            ],
            [
              20.97,
              42.661098723630424
            ]
          ]
        ]
      }
    },
    {
      "type": "Feature",
      "properties": {
        "id": "KOS-PRT-000485",
        "parcelIndex": 485,
        "district": "Pristina",
        "centroid": [
          21.075,
          42.664
        ],
        "areaHa": 3977.77,
        "shapeType": "rectangular",
        "landUse": "farmland",
        "cropType": "orchard",
        "isFarmland": true,
        "farmScore": 43,
        "harvestHealth": 40,
        "soilQuality": 47,
        "waterAccess": 46,
        "slopeRisk": 100,
        "confidence": 1,
        "maskValues": {
          "farmland": 0.457,
          "density": 0.372,
          "health": 0.567,
          "cropType": 0.422
        },
        "noise": {
          "seed": 918273,
          "jitter": 0.098,
          "rotation": -1.62
        },
        "labels": [
          "synthetic",
          "demo",
          "farmland"
        ]
      },
      "geometry": {
        "type": "Polygon",
        "coordinates": [
          [
            [
              21.04,
              42.695
            ],
            [
              21.11,
              42.695
            ],
            [
              21.11,
              42.6325
            ],
            [
              21.04,
              42.6325
            ],
            [
              21.04,
              42.695
            ]
          ]
        ]
      }
    },
    {
      "type": "Feature",
      "properties": {
        "id": "KOS-PRT-000486",
        "parcelIndex": 486,
        "district": "Pristina",
        "centroid": [
          21.145,
          42.68
        ],
        "areaHa": 1936.06,
        "shapeType": "irregular-rect",
        "landUse": "orchard",
        "cropType": "beans",
        "isFarmland": true,
        "farmScore": 43,
        "harvestHealth": 41,
        "soilQuality": 48,
        "waterAccess": 47,
        "slopeRisk": 100,
        "confidence": 1,
        "maskValues": {
          "farmland": 0.443,
          "density": 0.394,
          "health": 0.594,
          "cropType": 0.406
        },
        "noise": {
          "seed": 918273,
          "jitter": 0.029,
          "rotation": -5.79
        },
        "labels": [
          "synthetic",
          "demo",
          "farmland"
        ]
      },
      "geometry": {
        "type": "Polygon",
        "coordinates": [
          [
            [
              21.11,
              42.695
            ],
            [
              21.18,
              42.695
            ],
            [
              21.18,
              42.66457220478798
            ],
            [
              21.11,
              42.66457220478798
            ],
            [
              21.11,
              42.695
            ]
          ]
        ]
      }
    },
    {
      "type": "Feature",
      "properties": {
        "id": "KOS-PRT-000487",
        "parcelIndex": 487,
        "district": "Pristina",
        "centroid": [
          21.145,
          42.649
        ],
        "areaHa": 2041.71,
        "shapeType": "irregular-rect",
        "landUse": "vineyard",
        "cropType": "barley",
        "isFarmland": true,
        "farmScore": 41,
        "harvestHealth": 45,
        "soilQuality": 49,
        "waterAccess": 46,
        "slopeRisk": 100,
        "confidence": 1,
        "maskValues": {
          "farmland": 0.448,
          "density": 0.379,
          "health": 0.567,
          "cropType": 0.413
        },
        "noise": {
          "seed": 918273,
          "jitter": 0.066,
          "rotation": -0.4
        },
        "labels": [
          "synthetic",
          "demo",
          "farmland"
        ]
      },
      "geometry": {
        "type": "Polygon",
        "coordinates": [
          [
            [
              21.11,
              42.66457220478798
            ],
            [
              21.18,
              42.66457220478798
            ],
            [
              21.18,
              42.6325
            ],
            [
              21.11,
              42.6325
            ],
            [
              21.11,
              42.66457220478798
            ]
          ]
        ]
      }
    },
    {
      "type": "Feature",
      "properties": {
        "id": "KOS-PRT-000488",
        "parcelIndex": 488,
        "district": "Pristina",
        "centroid": [
          21.215,
          42.679
        ],
        "areaHa": 1997.69,
        "shapeType": "irregular-rect",
        "landUse": "fallow",
        "cropType": "fallow",
        "isFarmland": false,
        "farmScore": 49,
        "harvestHealth": 42,
        "soilQuality": 50,
        "waterAccess": 47,
        "slopeRisk": 98,
        "confidence": 1,
        "maskValues": {
          "farmland": 0.438,
          "density": 0.428,
          "health": 0.581,
          "cropType": 0.407
        },
        "noise": {
          "seed": 918273,
          "jitter": 0.146,
          "rotation": 7.32
        },
        "labels": [
          "synthetic",
          "demo",
          "non-farmland"
        ]
      },
      "geometry": {
        "type": "Polygon",
        "coordinates": [
          [
            [
              21.18,
              42.695
            ],
            [
              21.25,
              42.695
            ],
            [
              21.25,
              42.663603810382774
            ],
            [
              21.18,
              42.663603810382774
            ],
            [
              21.18,
              42.695
            ]
          ]
        ]
      }
    },
    {
      "type": "Feature",
      "properties": {
        "id": "KOS-PRT-000489",
        "parcelIndex": 489,
        "district": "Pristina",
        "centroid": [
          21.215,
          42.648
        ],
        "areaHa": 1980.08,
        "shapeType": "irregular-rect",
        "landUse": "forest_edge",
        "cropType": "pasture",
        "isFarmland": false,
        "farmScore": 46,
        "harvestHealth": 42,
        "soilQuality": 51,
        "waterAccess": 46,
        "slopeRisk": 96,
        "confidence": 1,
        "maskValues": {
          "farmland": 0.451,
          "density": 0.415,
          "health": 0.574,
          "cropType": 0.419
        },
        "noise": {
          "seed": 918273,
          "jitter": 0.109,
          "rotation": 3.07
        },
        "labels": [
          "synthetic",
          "demo",
          "non-farmland"
        ]
      },
      "geometry": {
        "type": "Polygon",
        "coordinates": [
          [
            [
              21.18,
              42.663603810382774
            ],
            [
              21.25,
              42.663603810382774
            ],
            [
              21.25,
              42.6325
            ],
            [
              21.18,
              42.6325
            ],
            [
              21.18,
              42.663603810382774
            ]
          ]
        ]
      }
    },
    {
      "type": "Feature",
      "properties": {
        "id": "KOS-PRT-000490",
        "parcelIndex": 490,
        "district": "Pristina",
        "centroid": [
          21.285,
          42.682
        ],
        "areaHa": 1618.87,
        "shapeType": "irregular-rect",
        "landUse": "farmland",
        "cropType": "corn",
        "isFarmland": true,
        "farmScore": 41,
        "harvestHealth": 38,
        "soilQuality": 51,
        "waterAccess": 47,
        "slopeRisk": 90,
        "confidence": 1,
        "maskValues": {
          "farmland": 0.442,
          "density": 0.479,
          "health": 0.55,
          "cropType": 0.422
        },
        "noise": {
          "seed": 918273,
          "jitter": 0.05,
          "rotation": -2.42
        },
        "labels": [
          "synthetic",
          "demo",
          "farmland"
        ]
      },
      "geometry": {
        "type": "Polygon",
        "coordinates": [
          [
            [
              21.25,
              42.695
            ],
            [
              21.32,
              42.695
            ],
            [
              21.32,
              42.669556185794065
            ],
            [
              21.25,
              42.669556185794065
            ],
            [
              21.25,
              42.695
            ]
          ]
        ]
      }
    },
    {
      "type": "Feature",
      "properties": {
        "id": "KOS-PRT-000491",
        "parcelIndex": 491,
        "district": "Pristina",
        "centroid": [
          21.285,
          42.651
        ],
        "areaHa": 2358.9,
        "shapeType": "rectangular",
        "landUse": "pasture",
        "cropType": "pasture",
        "isFarmland": false,
        "farmScore": 43,
        "harvestHealth": 44,
        "soilQuality": 51,
        "waterAccess": 46,
        "slopeRisk": 86,
        "confidence": 1,
        "maskValues": {
          "farmland": 0.46,
          "density": 0.47,
          "health": 0.565,
          "cropType": 0.437
        },
        "noise": {
          "seed": 918273,
          "jitter": 0.153,
          "rotation": -7.41
        },
        "labels": [
          "synthetic",
          "demo",
          "non-farmland"
        ]
      },
      "geometry": {
        "type": "Polygon",
        "coordinates": [
          [
            [
              21.25,
              42.669556185794065
            ],
            [
              21.32,
              42.669556185794065
            ],
            [
              21.32,
              42.6325
            ],
            [
              21.25,
              42.6325
            ],
            [
              21.25,
              42.669556185794065
            ]
          ]
        ]
      }
    },
    {
      "type": "Feature",
      "properties": {
        "id": "KOS-PRT-000492",
        "parcelIndex": 492,
        "district": "Pristina",
        "centroid": [
          21.355,
          42.664
        ],
        "areaHa": 3977.77,
        "shapeType": "rectangular",
        "landUse": "orchard",
        "cropType": "corn",
        "isFarmland": true,
        "farmScore": 52,
        "harvestHealth": 46,
        "soilQuality": 50,
        "waterAccess": 46,
        "slopeRisk": 78,
        "confidence": 1,
        "maskValues": {
          "farmland": 0.468,
          "density": 0.532,
          "health": 0.528,
          "cropType": 0.459
        },
        "noise": {
          "seed": 918273,
          "jitter": 0.033,
          "rotation": -5.24
        },
        "labels": [
          "synthetic",
          "demo",
          "farmland"
        ]
      },
      "geometry": {
        "type": "Polygon",
        "coordinates": [
          [
            [
              21.32,
              42.695
            ],
            [
              21.39,
              42.695
            ],
            [
              21.39,
              42.6325
            ],
            [
              21.32,
              42.6325
            ],
            [
              21.32,
              42.695
            ]
          ]
        ]
      }
    },
    {
      "type": "Feature",
      "properties": {
        "id": "KOS-GJN-000493",
        "parcelIndex": 493,
        "district": "Gjilan",
        "centroid": [
          21.425,
          42.664
        ],
        "areaHa": 3977.77,
        "shapeType": "rectangular",
        "landUse": "fallow",
        "cropType": "orchard",
        "isFarmland": true,
        "farmScore": 49,
        "harvestHealth": 45,
        "soilQuality": 47,
        "waterAccess": 47,
        "slopeRisk": 73,
        "confidence": 1,
        "maskValues": {
          "farmland": 0.487,
          "density": 0.586,
          "health": 0.492,
          "cropType": 0.491
        },
        "noise": {
          "seed": 918273,
          "jitter": 0.123,
          "rotation": 0.52
        },
        "labels": [
          "synthetic",
          "demo",
          "farmland"
        ]
      },
      "geometry": {
        "type": "Polygon",
        "coordinates": [
          [
            [
              21.39,
              42.695
            ],
            [
              21.46,
              42.695
            ],
            [
              21.46,
              42.6325
            ],
            [
              21.39,
              42.6325
            ],
            [
              21.39,
              42.695
            ]
          ]
        ]
      }
    },
    {
      "type": "Feature",
      "properties": {
        "id": "KOS-GJN-000494",
        "parcelIndex": 494,
        "district": "Gjilan",
        "centroid": [
          21.495,
          42.664
        ],
        "areaHa": 3977.77,
        "shapeType": "rectangular",
        "landUse": "pasture",
        "cropType": "fallow",
        "isFarmland": false,
        "farmScore": 47,
        "harvestHealth": 40,
        "soilQuality": 44,
        "waterAccess": 50,
        "slopeRisk": 75,
        "confidence": 1,
        "maskValues": {
          "farmland": 0.505,
          "density": 0.624,
          "health": 0.456,
          "cropType": 0.523
        },
        "noise": {
          "seed": 918273,
          "jitter": 0.115,
          "rotation": 2.25
        },
        "labels": [
          "synthetic",
          "demo",
          "non-farmland"
        ]
      },
      "geometry": {
        "type": "Polygon",
        "coordinates": [
          [
            [
              21.46,
              42.695
            ],
            [
              21.53,
              42.695
            ],
            [
              21.53,
              42.6325
            ],
            [
              21.46,
              42.6325
            ],
            [
              21.46,
              42.695
            ]
          ]
        ]
      }
    },
    {
      "type": "Feature",
      "properties": {
        "id": "KOS-GJN-000495",
        "parcelIndex": 495,
        "district": "Gjilan",
        "centroid": [
          21.572,
          42.658
        ],
        "areaHa": 3976.77,
        "shapeType": "rectangular",
        "landUse": "mixed",
        "cropType": "potato",
        "isFarmland": true,
        "farmScore": 49,
        "harvestHealth": 40,
        "soilQuality": 44,
        "waterAccess": 54,
        "slopeRisk": 86,
        "confidence": 1,
        "maskValues": {
          "farmland": 0.523,
          "density": 0.642,
          "health": 0.434,
          "cropType": 0.552
        },
        "noise": {
          "seed": 918273,
          "jitter": 0.12,
          "rotation": -5.91
        },
        "labels": [
          "synthetic",
          "demo",
          "farmland"
        ]
      },
      "geometry": {
        "type": "Polygon",
        "coordinates": [
          [
            [
              21.53,
              42.695
            ],
            [
              21.6,
              42.695
            ],
            [
              21.6,
              42.635
            ],
            [
              21.599125,
              42.6325
            ],
            [
              21.53,
              42.6325
            ],
            [
              21.53,
              42.695
            ]
          ]
        ]
      }
    },
    {
      "type": "Feature",
      "properties": {
        "id": "KOS-GJN-000496",
        "parcelIndex": 496,
        "district": "Gjilan",
        "centroid": [
          21.607,
          42.675
        ],
        "areaHa": 572.79,
        "shapeType": "irregular-rect",
        "landUse": "farmland",
        "cropType": "corn",
        "isFarmland": true,
        "farmScore": 51,
        "harvestHealth": 36,
        "soilQuality": 44,
        "waterAccess": 55,
        "slopeRisk": 91,
        "confidence": 0.841,
        "maskValues": {
          "farmland": 0.527,
          "density": 0.628,
          "health": 0.405,
          "cropType": 0.562
        },
        "noise": {
          "seed": 918273,
          "jitter": 0.159,
          "rotation": -3.39
        },
        "labels": [
          "synthetic",
          "demo",
          "farmland"
        ]
      },
      "geometry": {
        "type": "Polygon",
        "coordinates": [
          [
            [
              21.6,
              42.695
            ],
            [
              21.621,
              42.695
            ],
            [
              21.6,
              42.635
            ],
            [
              21.6,
              42.695
            ]
          ]
        ]
      }
    },
    {
      "type": "Feature",
      "properties": {
        "id": "KOS-PEJ-000509",
        "parcelIndex": 509,
        "district": "Peja",
        "centroid": [
          20.046,
          42.617
        ],
        "areaHa": 802.95,
        "shapeType": "irregular-rect",
        "landUse": "farmland",
        "cropType": "pasture",
        "isFarmland": true,
        "farmScore": 41,
        "harvestHealth": 33,
        "soilQuality": 46,
        "waterAccess": 48,
        "slopeRisk": 100,
        "confidence": 0.969,
        "maskValues": {
          "farmland": 0.449,
          "density": 0.399,
          "health": 0.479,
          "cropType": 0.402
        },
        "noise": {
          "seed": 918273,
          "jitter": 0.103,
          "rotation": -3.93
        },
        "labels": [
          "synthetic",
          "demo",
          "farmland"
        ]
      },
      "geometry": {
        "type": "Polygon",
        "coordinates": [
          [
            [
              20.029270003956448,
              42.60147502684733
            ],
            [
              20.033842105263158,
              42.6325
            ],
            [
              20.060000000000002,
              42.6325
            ],
            [
              20.060000000000002,
              42.60147502684733
            ],
            [
              20.029270003956448,
              42.60147502684733
            ]
          ]
        ]
      }
    },
    {
      "type": "Feature",
      "properties": {
        "id": "KOS-PEJ-000510",
        "parcelIndex": 510,
        "district": "Peja",
        "centroid": [
          20.043,
          42.586
        ],
        "areaHa": 946.96,
        "shapeType": "irregular-rect",
        "landUse": "farmland",
        "cropType": "vegetables",
        "isFarmland": true,
        "farmScore": 50,
        "harvestHealth": 36,
        "soilQuality": 46,
        "waterAccess": 47,
        "slopeRisk": 100,
        "confidence": 1,
        "maskValues": {
          "farmland": 0.468,
          "density": 0.396,
          "health": 0.438,
          "cropType": 0.425
        },
        "noise": {
          "seed": 918273,
          "jitter": 0.128,
          "rotation": 3.7
        },
        "labels": [
          "synthetic",
          "demo",
          "farmland"
        ]
      },
      "geometry": {
        "type": "Polygon",
        "coordinates": [
          [
            [
              20.02463157894737,
              42.57
            ],
            [
              20.029270003956448,
              42.60147502684733
            ],
            [
              20.060000000000002,
              42.60147502684733
            ],
            [
              20.060000000000002,
              42.57
            ],
            [
              20.02463157894737,
              42.57
            ]
          ]
        ]
      }
    },
    {
      "type": "Feature",
      "properties": {
        "id": "KOS-PEJ-000511",
        "parcelIndex": 511,
        "district": "Peja",
        "centroid": [
          20.095,
          42.616
        ],
        "areaHa": 2045.85,
        "shapeType": "irregular-rect",
        "landUse": "pasture",
        "cropType": "pasture",
        "isFarmland": false,
        "farmScore": 40,
        "harvestHealth": 38,
        "soilQuality": 48,
        "waterAccess": 47,
        "slopeRisk": 100,
        "confidence": 0.995,
        "maskValues": {
          "farmland": 0.437,
          "density": 0.408,
          "health": 0.503,
          "cropType": 0.391
        },
        "noise": {
          "seed": 918273,
          "jitter": 0.146,
          "rotation": 4.04
        },
        "labels": [
          "synthetic",
          "demo",
          "non-farmland"
        ]
      },
      "geometry": {
        "type": "Polygon",
        "coordinates": [
          [
            [
              20.060000000000002,
              42.6325
            ],
            [
              20.130000000000003,
              42.6325
            ],
            [
              20.130000000000003,
              42.600379313550654
            ],
            [
              20.060000000000002,
              42.600379313550654
            ],
            [
              20.060000000000002,
              42.6325
            ]
          ]
        ]
      }
    },
    {
      "type": "Feature",
      "properties": {
        "id": "KOS-PEJ-000512",
        "parcelIndex": 512,
        "district": "Peja",
        "centroid": [
          20.095,
          42.585
        ],
        "areaHa": 1935.91,
        "shapeType": "irregular-rect",
        "landUse": "vineyard",
        "cropType": "corn",
        "isFarmland": true,
        "farmScore": 44,
        "harvestHealth": 33,
        "soilQuality": 48,
        "waterAccess": 47,
        "slopeRisk": 100,
        "confidence": 1,
        "maskValues": {
          "farmland": 0.459,
          "density": 0.409,
          "health": 0.468,
          "cropType": 0.414
        },
        "noise": {
          "seed": 918273,
          "jitter": 0.045,
          "rotation": -7.1
        },
        "labels": [
          "synthetic",
          "demo",
          "farmland"
        ]
      },
      "geometry": {
        "type": "Polygon",
        "coordinates": [
          [
            [
              20.060000000000002,
              42.600379313550654
            ],
            [
              20.130000000000003,
              42.600379313550654
            ],
            [
              20.130000000000003,
              42.57
            ],
            [
              20.060000000000002,
              42.57
            ],
            [
              20.060000000000002,
              42.600379313550654
            ]
          ]
        ]
      }
    },
    {
      "type": "Feature",
      "properties": {
        "id": "KOS-PEJ-000513",
        "parcelIndex": 513,
        "district": "Peja",
        "centroid": [
          20.165,
          42.619
        ],
        "areaHa": 1715.88,
        "shapeType": "irregular-rect",
        "landUse": "orchard",
        "cropType": "orchard",
        "isFarmland": true,
        "farmScore": 48,
        "harvestHealth": 36,
        "soilQuality": 50,
        "waterAccess": 46,
        "slopeRisk": 96,
        "confidence": 1,
        "maskValues": {
          "farmland": 0.43,
          "density": 0.435,
          "health": 0.538,
          "cropType": 0.392
        },
        "noise": {
          "seed": 918273,
          "jitter": 0.149,
          "rotation": -1.39
        },
        "labels": [
          "synthetic",
          "demo",
          "farmland"
        ]
      },
      "geometry": {
        "type": "Polygon",
        "coordinates": [
          [
            [
              20.130000000000003,
              42.6325
            ],
            [
              20.200000000000003,
              42.6325
            ],
            [
              20.200000000000003,
              42.60555883162771
            ],
            [
              20.130000000000003,
              42.60555883162771
            ],
            [
              20.130000000000003,
              42.6325
            ]
          ]
        ]
      }
    },
    {
      "type": "Feature",
      "properties": {
        "id": "KOS-PEJ-000514",
        "parcelIndex": 514,
        "district": "Peja",
        "centroid": [
          20.165,
          42.588
        ],
        "areaHa": 2265.88,
        "shapeType": "irregular-rect",
        "landUse": "farmland",
        "cropType": "corn",
        "isFarmland": true,
        "farmScore": 50,
        "harvestHealth": 43,
        "soilQuality": 49,
        "waterAccess": 45,
        "slopeRisk": 94,
        "confidence": 1,
        "maskValues": {
          "farmland": 0.454,
          "density": 0.44,
          "health": 0.516,
          "cropType": 0.411
        },
        "noise": {
          "seed": 918273,
          "jitter": 0.174,
          "rotation": 7.46
        },
        "labels": [
          "synthetic",
          "demo",
          "farmland"
        ]
      },
      "geometry": {
        "type": "Polygon",
        "coordinates": [
          [
            [
              20.130000000000003,
              42.60555883162771
            ],
            [
              20.200000000000003,
              42.60555883162771
            ],
            [
              20.200000000000003,
              42.57
            ],
            [
              20.130000000000003,
              42.57
            ],
            [
              20.130000000000003,
              42.60555883162771
            ]
          ]
        ]
      }
    },
    {
      "type": "Feature",
      "properties": {
        "id": "KOS-PEJ-000515",
        "parcelIndex": 515,
        "district": "Peja",
        "centroid": [
          20.235,
          42.601
        ],
        "areaHa": 3981.76,
        "shapeType": "rectangular",
        "landUse": "fallow",
        "cropType": "beans",
        "isFarmland": true,
        "farmScore": 47,
        "harvestHealth": 42,
        "soilQuality": 49,
        "waterAccess": 45,
        "slopeRisk": 81,
        "confidence": 1,
        "maskValues": {
          "farmland": 0.45,
          "density": 0.479,
          "health": 0.561,
          "cropType": 0.421
        },
        "noise": {
          "seed": 918273,
          "jitter": 0.124,
          "rotation": -7.04
        },
        "labels": [
          "synthetic",
          "demo",
          "farmland"
        ]
      },
      "geometry": {
        "type": "Polygon",
        "coordinates": [
          [
            [
              20.200000000000003,
              42.6325
            ],
            [
              20.27,
              42.6325
            ],
            [
              20.27,
              42.57
            ],
            [
              20.200000000000003,
              42.57
            ],
            [
              20.200000000000003,
              42.6325
            ]
          ]
        ]
      }
    },
    {
      "type": "Feature",
      "properties": {
        "id": "KOS-PEJ-000516",
        "parcelIndex": 516,
        "district": "Peja",
        "centroid": [
          20.305,
          42.601
        ],
        "areaHa": 3981.76,
        "shapeType": "rectangular",
        "landUse": "fallow",
        "cropType": "vineyard",
        "isFarmland": true,
        "farmScore": 45,
        "harvestHealth": 48,
        "soilQuality": 48,
        "waterAccess": 45,
        "slopeRisk": 73,
        "confidence": 1,
        "maskValues": {
          "farmland": 0.466,
          "density": 0.525,
          "health": 0.584,
          "cropType": 0.454
        },
        "noise": {
          "seed": 918273,
          "jitter": 0.069,
          "rotation": -5.25
        },
        "labels": [
          "synthetic",
          "demo",
          "farmland"
        ]
      },
      "geometry": {
        "type": "Polygon",
        "coordinates": [
          [
            [
              20.27,
              42.6325
            ],
            [
              20.34,
              42.6325
            ],
            [
              20.34,
              42.57
            ],
            [
              20.27,
              42.57
            ],
            [
              20.27,
              42.6325
            ]
          ]
        ]
      }
    },
    {
      "type": "Feature",
      "properties": {
        "id": "KOS-PEJ-000517",
        "parcelIndex": 517,
        "district": "Peja",
        "centroid": [
          20.375,
          42.601
        ],
        "areaHa": 3981.76,
        "shapeType": "rectangular",
        "landUse": "mixed",
        "cropType": "vegetables",
        "isFarmland": true,
        "farmScore": 52,
        "harvestHealth": 52,
        "soilQuality": 47,
        "waterAccess": 48,
        "slopeRisk": 72,
        "confidence": 1,
        "maskValues": {
          "farmland": 0.489,
          "density": 0.568,
          "health": 0.591,
          "cropType": 0.494
        },
        "noise": {
          "seed": 918273,
          "jitter": 0.093,
          "rotation": -2.84
        },
        "labels": [
          "synthetic",
          "demo",
          "farmland"
        ]
      },
      "geometry": {
        "type": "Polygon",
        "coordinates": [
          [
            [
              20.34,
              42.6325
            ],
            [
              20.41,
              42.6325
            ],
            [
              20.41,
              42.57
            ],
            [
              20.34,
              42.57
            ],
            [
              20.34,
              42.6325
            ]
          ]
        ]
      }
    },
    {
      "type": "Feature",
      "properties": {
        "id": "KOS-PEJ-000518",
        "parcelIndex": 518,
        "district": "Peja",
        "centroid": [
          20.445,
          42.601
        ],
        "areaHa": 3981.76,
        "shapeType": "rectangular",
        "landUse": "fallow",
        "cropType": "pasture",
        "isFarmland": false,
        "farmScore": 52,
        "harvestHealth": 53,
        "soilQuality": 48,
        "waterAccess": 53,
        "slopeRisk": 78,
        "confidence": 1,
        "maskValues": {
          "farmland": 0.512,
          "density": 0.601,
          "health": 0.578,
          "cropType": 0.534
        },
        "noise": {
          "seed": 918273,
          "jitter": 0.059,
          "rotation": 5.09
        },
        "labels": [
          "synthetic",
          "demo",
          "non-farmland"
        ]
      },
      "geometry": {
        "type": "Polygon",
        "coordinates": [
          [
            [
              20.41,
              42.6325
            ],
            [
              20.48,
              42.6325
            ],
            [
              20.48,
              42.57
            ],
            [
              20.41,
              42.57
            ],
            [
              20.41,
              42.6325
            ]
          ]
        ]
      }
    },
    {
      "type": "Feature",
      "properties": {
        "id": "KOS-PEJ-000519",
        "parcelIndex": 519,
        "district": "Peja",
        "centroid": [
          20.515,
          42.601
        ],
        "areaHa": 3981.76,
        "shapeType": "rectangular",
        "landUse": "farmland",
        "cropType": "wheat",
        "isFarmland": true,
        "farmScore": 51,
        "harvestHealth": 43,
        "soilQuality": 51,
        "waterAccess": 57,
        "slopeRisk": 88,
        "confidence": 0.995,
        "maskValues": {
          "farmland": 0.533,
          "density": 0.618,
          "health": 0.551,
          "cropType": 0.566
        },
        "noise": {
          "seed": 918273,
          "jitter": 0.022,
          "rotation": 6.9
        },
        "labels": [
          "synthetic",
          "demo",
          "farmland"
        ]
      },
      "geometry": {
        "type": "Polygon",
        "coordinates": [
          [
            [
              20.48,
              42.6325
            ],
            [
              20.55,
              42.6325
            ],
            [
              20.55,
              42.57
            ],
            [
              20.48,
              42.57
            ],
            [
              20.48,
              42.6325
            ]
          ]
        ]
      }
    },
    {
      "type": "Feature",
      "properties": {
        "id": "KOS-MLS-000520",
        "parcelIndex": 520,
        "district": "Malisheva",
        "centroid": [
          20.585,
          42.601
        ],
        "areaHa": 3981.76,
        "shapeType": "rectangular",
        "landUse": "farmland",
        "cropType": "vineyard",
        "isFarmland": true,
        "farmScore": 60,
        "harvestHealth": 44,
        "soilQuality": 54,
        "waterAccess": 59,
        "slopeRisk": 97,
        "confidence": 1,
        "maskValues": {
          "farmland": 0.547,
          "density": 0.615,
          "health": 0.512,
          "cropType": 0.586
        },
        "noise": {
          "seed": 918273,
          "jitter": 0.061,
          "rotation": 0.73
        },
        "labels": [
          "synthetic",
          "demo",
          "farmland"
        ]
      },
      "geometry": {
        "type": "Polygon",
        "coordinates": [
          [
            [
              20.55,
              42.6325
            ],
            [
              20.62,
              42.6325
            ],
            [
              20.62,
              42.57
            ],
            [
              20.55,
              42.57
            ],
            [
              20.55,
              42.6325
            ]
          ]
        ]
      }
    },
    {
      "type": "Feature",
      "properties": {
        "id": "KOS-MLS-000521",
        "parcelIndex": 521,
        "district": "Malisheva",
        "centroid": [
          20.655,
          42.62
        ],
        "areaHa": 1647.99,
        "shapeType": "irregular-rect",
        "landUse": "farmland",
        "cropType": "corn",
        "isFarmland": true,
        "farmScore": 59,
        "harvestHealth": 33,
        "soilQuality": 56,
        "waterAccess": 58,
        "slopeRisk": 100,
        "confidence": 0.998,
        "maskValues": {
          "farmland": 0.561,
          "density": 0.593,
          "health": 0.456,
          "cropType": 0.598
        },
        "noise": {
          "seed": 918273,
          "jitter": 0.043,
          "rotation": 6.02
        },
        "labels": [
          "synthetic",
          "demo",
          "farmland"
        ]
      },
      "geometry": {
        "type": "Polygon",
        "coordinates": [
          [
            [
              20.62,
              42.6325
            ],
            [
              20.69,
              42.6325
            ],
            [
              20.69,
              42.60662462494977
            ],
            [
              20.62,
              42.60662462494977
            ],
            [
              20.62,
              42.6325
            ]
          ]
        ]
      }
    },
    {
      "type": "Feature",
      "properties": {
        "id": "KOS-MLS-000522",
        "parcelIndex": 522,
        "district": "Malisheva",
        "centroid": [
          20.655,
          42.588
        ],
        "areaHa": 2333.77,
        "shapeType": "irregular-rect",
        "landUse": "forest_edge",
        "cropType": "pasture",
        "isFarmland": false,
        "farmScore": 56,
        "harvestHealth": 41,
        "soilQuality": 58,
        "waterAccess": 58,
        "slopeRisk": 100,
        "confidence": 1,
        "maskValues": {
          "farmland": 0.543,
          "density": 0.592,
          "health": 0.482,
          "cropType": 0.582
        },
        "noise": {
          "seed": 918273,
          "jitter": 0.033,
          "rotation": 3.48
        },
        "labels": [
          "synthetic",
          "demo",
          "non-farmland"
        ]
      },
      "geometry": {
        "type": "Polygon",
        "coordinates": [
          [
            [
              20.62,
              42.60662462494977
            ],
            [
              20.69,
              42.60662462494977
            ],
            [
              20.69,
              42.57
            ],
            [
              20.62,
              42.57
            ],
            [
              20.62,
              42.60662462494977
            ]
          ]
        ]
      }
    },
    {
      "type": "Feature",
      "properties": {
        "id": "KOS-MLS-000523",
        "parcelIndex": 523,
        "district": "Malisheva",
        "centroid": [
          20.725,
          42.615
        ],
        "areaHa": 2243.64,
        "shapeType": "irregular-rect",
        "landUse": "farmland",
        "cropType": "orchard",
        "isFarmland": true,
        "farmScore": 55,
        "harvestHealth": 32,
        "soilQuality": 57,
        "waterAccess": 56,
        "slopeRisk": 100,
        "confidence": 1,
        "maskValues": {
          "farmland": 0.552,
          "density": 0.554,
          "health": 0.433,
          "cropType": 0.581
        },
        "noise": {
          "seed": 918273,
          "jitter": 0.083,
          "rotation": 7.12
        },
        "labels": [
          "synthetic",
          "demo",
          "farmland"
        ]
      },
      "geometry": {
        "type": "Polygon",
        "coordinates": [
          [
            [
              20.69,
              42.6325
            ],
            [
              20.76,
              42.6325
            ],
            [
              20.76,
              42.597274799137374
            ],
            [
              20.69,
              42.597274799137374
            ],
            [
              20.69,
              42.6325
            ]
          ]
        ]
      }
    },
    {
      "type": "Feature",
      "properties": {
        "id": "KOS-MLS-000524",
        "parcelIndex": 524,
        "district": "Malisheva",
        "centroid": [
          20.725,
          42.584
        ],
        "areaHa": 1738.12,
        "shapeType": "irregular-rect",
        "landUse": "farmland",
        "cropType": "corn",
        "isFarmland": true,
        "farmScore": 49,
        "harvestHealth": 31,
        "soilQuality": 57,
        "waterAccess": 54,
        "slopeRisk": 100,
        "confidence": 1,
        "maskValues": {
          "farmland": 0.533,
          "density": 0.551,
          "health": 0.442,
          "cropType": 0.566
        },
        "noise": {
          "seed": 918273,
          "jitter": 0.163,
          "rotation": 4.23
        },
        "labels": [
          "synthetic",
          "demo",
          "farmland"
        ]
      },
      "geometry": {
        "type": "Polygon",
        "coordinates": [
          [
            [
              20.69,
              42.597274799137374
            ],
            [
              20.76,
              42.597274799137374
            ],
            [
              20.76,
              42.57
            ],
            [
              20.69,
              42.57
            ],
            [
              20.69,
              42.597274799137374
            ]
          ]
        ]
      }
    },
    {
      "type": "Feature",
      "properties": {
        "id": "KOS-MLS-000525",
        "parcelIndex": 525,
        "district": "Malisheva",
        "centroid": [
          20.795,
          42.615
        ],
        "areaHa": 2167.93,
        "shapeType": "irregular-rect",
        "landUse": "farmland",
        "cropType": "corn",
        "isFarmland": true,
        "farmScore": 55,
        "harvestHealth": 35,
        "soilQuality": 55,
        "waterAccess": 52,
        "slopeRisk": 100,
        "confidence": 1,
        "maskValues": {
          "farmland": 0.536,
          "density": 0.504,
          "health": 0.422,
          "cropType": 0.552
        },
        "noise": {
          "seed": 918273,
          "jitter": 0.122,
          "rotation": -3.73
        },
        "labels": [
          "synthetic",
          "demo",
          "farmland"
        ]
      },
      "geometry": {
        "type": "Polygon",
        "coordinates": [
          [
            [
              20.76,
              42.6325
            ],
            [
              20.830000000000002,
              42.6325
            ],
            [
              20.830000000000002,
              42.59846311778412
            ],
            [
              20.76,
              42.59846311778412
            ],
            [
              20.76,
              42.6325
            ]
          ]
        ]
      }
    },
    {
      "type": "Feature",
      "properties": {
        "id": "KOS-MLS-000526",
        "parcelIndex": 526,
        "district": "Malisheva",
        "centroid": [
          20.795,
          42.584
        ],
        "areaHa": 1813.83,
        "shapeType": "irregular-rect",
        "landUse": "mixed",
        "cropType": "pasture",
        "isFarmland": false,
        "farmScore": 57,
        "harvestHealth": 36,
        "soilQuality": 53,
        "waterAccess": 50,
        "slopeRisk": 100,
        "confidence": 1,
        "maskValues": {
          "farmland": 0.518,
          "density": 0.5,
          "health": 0.411,
          "cropType": 0.541
        },
        "noise": {
          "seed": 918273,
          "jitter": 0.134,
          "rotation": 4
        },
        "labels": [
          "synthetic",
          "demo",
          "non-farmland"
        ]
      },
      "geometry": {
        "type": "Polygon",
        "coordinates": [
          [
            [
              20.76,
              42.59846311778412
            ],
            [
              20.830000000000002,
              42.59846311778412
            ],
            [
              20.830000000000002,
              42.57
            ],
            [
              20.76,
              42.57
            ],
            [
              20.76,
              42.59846311778412
            ]
          ]
        ]
      }
    },
    {
      "type": "Feature",
      "properties": {
        "id": "KOS-MLS-000527",
        "parcelIndex": 527,
        "district": "Malisheva",
        "centroid": [
          20.865,
          42.618
        ],
        "areaHa": 1859.88,
        "shapeType": "irregular-rect",
        "landUse": "farmland",
        "cropType": "vineyard",
        "isFarmland": true,
        "farmScore": 46,
        "harvestHealth": 28,
        "soilQuality": 51,
        "waterAccess": 48,
        "slopeRisk": 100,
        "confidence": 1,
        "maskValues": {
          "farmland": 0.514,
          "density": 0.451,
          "health": 0.43,
          "cropType": 0.514
        },
        "noise": {
          "seed": 918273,
          "jitter": 0.167,
          "rotation": 7.48
        },
        "labels": [
          "synthetic",
          "demo",
          "farmland"
        ]
      },
      "geometry": {
        "type": "Polygon",
        "coordinates": [
          [
            [
              20.830000000000002,
              42.6325
            ],
            [
              20.9,
              42.6325
            ],
            [
              20.9,
              42.6032985551795
            ],
            [
              20.830000000000002,
              42.6032985551795
            ],
            [
              20.830000000000002,
              42.6325
            ]
          ]
        ]
      }
    },
    {
      "type": "Feature",
      "properties": {
        "id": "KOS-MLS-000528",
        "parcelIndex": 528,
        "district": "Malisheva",
        "centroid": [
          20.865,
          42.587
        ],
        "areaHa": 2121.89,
        "shapeType": "irregular-rect",
        "landUse": "mixed",
        "cropType": "pasture",
        "isFarmland": false,
        "farmScore": 49,
        "harvestHealth": 35,
        "soilQuality": 49,
        "waterAccess": 47,
        "slopeRisk": 100,
        "confidence": 1,
        "maskValues": {
          "farmland": 0.5,
          "density": 0.447,
          "health": 0.4,
          "cropType": 0.509
        },
        "noise": {
          "seed": 918273,
          "jitter": 0.061,
          "rotation": -1.55
        },
        "labels": [
          "synthetic",
          "demo",
          "non-farmland"
        ]
      },
      "geometry": {
        "type": "Polygon",
        "coordinates": [
          [
            [
              20.830000000000002,
              42.6032985551795
            ],
            [
              20.9,
              42.6032985551795
            ],
            [
              20.9,
              42.57
            ],
            [
              20.830000000000002,
              42.57
            ],
            [
              20.830000000000002,
              42.6032985551795
            ]
          ]
        ]
      }
    },
    {
      "type": "Feature",
      "properties": {
        "id": "KOS-LPJ-000529",
        "parcelIndex": 529,
        "district": "Lipjan",
        "centroid": [
          20.935,
          42.615
        ],
        "areaHa": 2246.03,
        "shapeType": "irregular-rect",
        "landUse": "pasture",
        "cropType": "fallow",
        "isFarmland": false,
        "farmScore": 48,
        "harvestHealth": 35,
        "soilQuality": 47,
        "waterAccess": 46,
        "slopeRisk": 100,
        "confidence": 1,
        "maskValues": {
          "farmland": 0.488,
          "density": 0.404,
          "health": 0.447,
          "cropType": 0.475
        },
        "noise": {
          "seed": 918273,
          "jitter": 0.164,
          "rotation": -3.51
        },
        "labels": [
          "synthetic",
          "demo",
          "non-farmland"
        ]
      },
      "geometry": {
        "type": "Polygon",
        "coordinates": [
          [
            [
              20.9,
              42.6325
            ],
            [
              20.97,
              42.6325
            ],
            [
              20.97,
              42.59723729912541
            ],
            [
              20.9,
              42.59723729912541
            ],
            [
              20.9,
              42.6325
            ]
          ]
        ]
      }
    },
    {
      "type": "Feature",
      "properties": {
        "id": "KOS-LPJ-000530",
        "parcelIndex": 530,
        "district": "Lipjan",
        "centroid": [
          20.935,
          42.584
        ],
        "areaHa": 1735.73,
        "shapeType": "irregular-rect",
        "landUse": "farmland",
        "cropType": "corn",
        "isFarmland": true,
        "farmScore": 44,
        "harvestHealth": 34,
        "soilQuality": 45,
        "waterAccess": 45,
        "slopeRisk": 100,
        "confidence": 1,
        "maskValues": {
          "farmland": 0.481,
          "density": 0.4,
          "health": 0.405,
          "cropType": 0.475
        },
        "noise": {
          "seed": 918273,
          "jitter": 0.165,
          "rotation": 5.88
        },
        "labels": [
          "synthetic",
          "demo",
          "farmland"
        ]
      },
      "geometry": {
        "type": "Polygon",
        "coordinates": [
          [
            [
              20.9,
              42.59723729912541
            ],
            [
              20.97,
              42.59723729912541
            ],
            [
              20.97,
              42.57
            ],
            [
              20.9,
              42.57
            ],
            [
              20.9,
              42.59723729912541
            ]
          ]
        ]
      }
    },
    {
      "type": "Feature",
      "properties": {
        "id": "KOS-LPJ-000531",
        "parcelIndex": 531,
        "district": "Lipjan",
        "centroid": [
          21.005,
          42.601
        ],
        "areaHa": 3981.76,
        "shapeType": "rectangular",
        "landUse": "farmland",
        "cropType": "beans",
        "isFarmland": true,
        "farmScore": 47,
        "harvestHealth": 38,
        "soilQuality": 44,
        "waterAccess": 45,
        "slopeRisk": 100,
        "confidence": 1,
        "maskValues": {
          "farmland": 0.466,
          "density": 0.371,
          "health": 0.457,
          "cropType": 0.444
        },
        "noise": {
          "seed": 918273,
          "jitter": 0.03,
          "rotation": 6.86
        },
        "labels": [
          "synthetic",
          "demo",
          "farmland"
        ]
      },
      "geometry": {
        "type": "Polygon",
        "coordinates": [
          [
            [
              20.97,
              42.6325
            ],
            [
              21.04,
              42.6325
            ],
            [
              21.04,
              42.57
            ],
            [
              20.97,
              42.57
            ],
            [
              20.97,
              42.6325
            ]
          ]
        ]
      }
    },
    {
      "type": "Feature",
      "properties": {
        "id": "KOS-PRT-000532",
        "parcelIndex": 532,
        "district": "Pristina",
        "centroid": [
          21.075,
          42.619
        ],
        "areaHa": 1770.87,
        "shapeType": "irregular-rect",
        "landUse": "vineyard",
        "cropType": "orchard",
        "isFarmland": true,
        "farmScore": 49,
        "harvestHealth": 41,
        "soilQuality": 46,
        "waterAccess": 46,
        "slopeRisk": 100,
        "confidence": 1,
        "maskValues": {
          "farmland": 0.454,
          "density": 0.364,
          "health": 0.517,
          "cropType": 0.421
        },
        "noise": {
          "seed": 918273,
          "jitter": 0.032,
          "rotation": 6.35
        },
        "labels": [
          "synthetic",
          "demo",
          "farmland"
        ]
      },
      "geometry": {
        "type": "Polygon",
        "coordinates": [
          [
            [
              21.04,
              42.6325
            ],
            [
              21.11,
              42.6325
            ],
            [
              21.11,
              42.604695638756965
            ],
            [
              21.04,
              42.604695638756965
            ],
            [
              21.04,
              42.6325
            ]
          ]
        ]
      }
    },
    {
      "type": "Feature",
      "properties": {
        "id": "KOS-LPJ-000533",
        "parcelIndex": 533,
        "district": "Lipjan",
        "centroid": [
          21.075,
          42.587
        ],
        "areaHa": 2210.89,
        "shapeType": "irregular-rect",
        "landUse": "mixed",
        "cropType": "mixed",
        "isFarmland": false,
        "farmScore": 44,
        "harvestHealth": 32,
        "soilQuality": 46,
        "waterAccess": 45,
        "slopeRisk": 100,
        "confidence": 1,
        "maskValues": {
          "farmland": 0.46,
          "density": 0.361,
          "health": 0.474,
          "cropType": 0.431
        },
        "noise": {
          "seed": 918273,
          "jitter": 0.157,
          "rotation": 0.97
        },
        "labels": [
          "synthetic",
          "demo",
          "non-farmland"
        ]
      },
      "geometry": {
        "type": "Polygon",
        "coordinates": [
          [
            [
              21.04,
              42.604695638756965
            ],
            [
              21.11,
              42.604695638756965
            ],
            [
              21.11,
              42.57
            ],
            [
              21.04,
              42.57
            ],
            [
              21.04,
              42.604695638756965
            ]
          ]
        ]
      }
    },
    {
      "type": "Feature",
      "properties": {
        "id": "KOS-PRT-000534",
        "parcelIndex": 534,
        "district": "Pristina",
        "centroid": [
          21.145,
          42.616
        ],
        "areaHa": 2109.76,
        "shapeType": "irregular-rect",
        "landUse": "pasture",
        "cropType": "pasture",
        "isFarmland": false,
        "farmScore": 41,
        "harvestHealth": 41,
        "soilQuality": 49,
        "waterAccess": 46,
        "slopeRisk": 100,
        "confidence": 1,
        "maskValues": {
          "farmland": 0.452,
          "density": 0.38,
          "health": 0.545,
          "cropType": 0.417
        },
        "noise": {
          "seed": 918273,
          "jitter": 0.066,
          "rotation": -6.34
        },
        "labels": [
          "synthetic",
          "demo",
          "non-farmland"
        ]
      },
      "geometry": {
        "type": "Polygon",
        "coordinates": [
          [
            [
              21.11,
              42.6325
            ],
            [
              21.18,
              42.6325
            ],
            [
              21.18,
              42.59937618280121
            ],
            [
              21.11,
              42.59937618280121
            ],
            [
              21.11,
              42.6325
            ]
          ]
        ]
      }
    },
    {
      "type": "Feature",
      "properties": {
        "id": "KOS-LPJ-000535",
        "parcelIndex": 535,
        "district": "Lipjan",
        "centroid": [
          21.145,
          42.585
        ],
        "areaHa": 1872,
        "shapeType": "irregular-rect",
        "landUse": "forest_edge",
        "cropType": "fallow",
        "isFarmland": false,
        "farmScore": 46,
        "harvestHealth": 41,
        "soilQuality": 49,
        "waterAccess": 45,
        "slopeRisk": 100,
        "confidence": 0.999,
        "maskValues": {
          "farmland": 0.465,
          "density": 0.377,
          "health": 0.514,
          "cropType": 0.431
        },
        "noise": {
          "seed": 918273,
          "jitter": 0.094,
          "rotation": 0.74
        },
        "labels": [
          "synthetic",
          "demo",
          "non-farmland"
        ]
      },
      "geometry": {
        "type": "Polygon",
        "coordinates": [
          [
            [
              21.11,
              42.59937618280121
            ],
            [
              21.18,
              42.59937618280121
            ],
            [
              21.18,
              42.57
            ],
            [
              21.11,
              42.57
            ],
            [
              21.11,
              42.59937618280121
            ]
          ]
        ]
      }
    },
    {
      "type": "Feature",
      "properties": {
        "id": "KOS-PRT-000536",
        "parcelIndex": 536,
        "district": "Pristina",
        "centroid": [
          21.215,
          42.614
        ],
        "areaHa": 2373.93,
        "shapeType": "rectangular",
        "landUse": "pasture",
        "cropType": "pasture",
        "isFarmland": false,
        "farmScore": 41,
        "harvestHealth": 41,
        "soilQuality": 51,
        "waterAccess": 46,
        "slopeRisk": 95,
        "confidence": 0.997,
        "maskValues": {
          "farmland": 0.46,
          "density": 0.419,
          "health": 0.566,
          "cropType": 0.428
        },
        "noise": {
          "seed": 918273,
          "jitter": 0.118,
          "rotation": -2.39
        },
        "labels": [
          "synthetic",
          "demo",
          "non-farmland"
        ]
      },
      "geometry": {
        "type": "Polygon",
        "coordinates": [
          [
            [
              21.18,
              42.6325
            ],
            [
              21.25,
              42.6325
            ],
            [
              21.25,
              42.59522995037725
            ],
            [
              21.18,
              42.59522995037725
            ],
            [
              21.18,
              42.6325
            ]
          ]
        ]
      }
    },
    {
      "type": "Feature",
      "properties": {
        "id": "KOS-LPJ-000537",
        "parcelIndex": 537,
        "district": "Lipjan",
        "centroid": [
          21.215,
          42.583
        ],
        "areaHa": 1607.84,
        "shapeType": "irregular-rect",
        "landUse": "farmland",
        "cropType": "vegetables",
        "isFarmland": true,
        "farmScore": 44,
        "harvestHealth": 44,
        "soilQuality": 51,
        "waterAccess": 45,
        "slopeRisk": 93,
        "confidence": 1,
        "maskValues": {
          "farmland": 0.477,
          "density": 0.417,
          "health": 0.552,
          "cropType": 0.444
        },
        "noise": {
          "seed": 918273,
          "jitter": 0.051,
          "rotation": 4.33
        },
        "labels": [
          "synthetic",
          "demo",
          "farmland"
        ]
      },
      "geometry": {
        "type": "Polygon",
        "coordinates": [
          [
            [
              21.18,
              42.59522995037725
            ],
            [
              21.25,
              42.59522995037725
            ],
            [
              21.25,
              42.57
            ],
            [
              21.18,
              42.57
            ],
            [
              21.18,
              42.59522995037725
            ]
          ]
        ]
      }
    },
    {
      "type": "Feature",
      "properties": {
        "id": "KOS-PRT-000538",
        "parcelIndex": 538,
        "district": "Pristina",
        "centroid": [
          21.285,
          42.601
        ],
        "areaHa": 3981.76,
        "shapeType": "rectangular",
        "landUse": "farmland",
        "cropType": "potato",
        "isFarmland": true,
        "farmScore": 47,
        "harvestHealth": 42,
        "soilQuality": 51,
        "waterAccess": 45,
        "slopeRisk": 81,
        "confidence": 1,
        "maskValues": {
          "farmland": 0.483,
          "density": 0.474,
          "health": 0.579,
          "cropType": 0.457
        },
        "noise": {
          "seed": 918273,
          "jitter": 0.163,
          "rotation": 1.35
        },
        "labels": [
          "synthetic",
          "demo",
          "farmland"
        ]
      },
      "geometry": {
        "type": "Polygon",
        "coordinates": [
          [
            [
              21.25,
              42.6325
            ],
            [
              21.32,
              42.6325
            ],
            [
              21.32,
              42.57
            ],
            [
              21.25,
              42.57
            ],
            [
              21.25,
              42.6325
            ]
          ]
        ]
      }
    },
    {
      "type": "Feature",
      "properties": {
        "id": "KOS-GJN-000539",
        "parcelIndex": 539,
        "district": "Gjilan",
        "centroid": [
          21.355,
          42.601
        ],
        "areaHa": 3981.76,
        "shapeType": "rectangular",
        "landUse": "orchard",
        "cropType": "corn",
        "isFarmland": true,
        "farmScore": 50,
        "harvestHealth": 46,
        "soilQuality": 50,
        "waterAccess": 47,
        "slopeRisk": 72,
        "confidence": 1,
        "maskValues": {
          "farmland": 0.501,
          "density": 0.536,
          "health": 0.581,
          "cropType": 0.486
        },
        "noise": {
          "seed": 918273,
          "jitter": 0.17,
          "rotation": 0.14
        },
        "labels": [
          "synthetic",
          "demo",
          "farmland"
        ]
      },
      "geometry": {
        "type": "Polygon",
        "coordinates": [
          [
            [
              21.32,
              42.6325
            ],
            [
              21.39,
              42.6325
            ],
            [
              21.39,
              42.57
            ],
            [
              21.32,
              42.57
            ],
            [
              21.32,
              42.6325
            ]
          ]
        ]
      }
    },
    {
      "type": "Feature",
      "properties": {
        "id": "KOS-GJN-000540",
        "parcelIndex": 540,
        "district": "Gjilan",
        "centroid": [
          21.425,
          42.601
        ],
        "areaHa": 3981.76,
        "shapeType": "rectangular",
        "landUse": "pasture",
        "cropType": "fallow",
        "isFarmland": false,
        "farmScore": 53,
        "harvestHealth": 54,
        "soilQuality": 47,
        "waterAccess": 50,
        "slopeRisk": 71,
        "confidence": 1,
        "maskValues": {
          "farmland": 0.517,
          "density": 0.594,
          "health": 0.567,
          "cropType": 0.515
        },
        "noise": {
          "seed": 918273,
          "jitter": 0.167,
          "rotation": -0.65
        },
        "labels": [
          "synthetic",
          "demo",
          "non-farmland"
        ]
      },
      "geometry": {
        "type": "Polygon",
        "coordinates": [
          [
            [
              21.39,
              42.6325
            ],
            [
              21.46,
              42.6325
            ],
            [
              21.46,
              42.57
            ],
            [
              21.39,
              42.57
            ],
            [
              21.39,
              42.6325
            ]
          ]
        ]
      }
    },
    {
      "type": "Feature",
      "properties": {
        "id": "KOS-GJN-000541",
        "parcelIndex": 541,
        "district": "Gjilan",
        "centroid": [
          21.495,
          42.601
        ],
        "areaHa": 3981.76,
        "shapeType": "rectangular",
        "landUse": "forest_edge",
        "cropType": "pasture",
        "isFarmland": false,
        "farmScore": 55,
        "harvestHealth": 43,
        "soilQuality": 46,
        "waterAccess": 54,
        "slopeRisk": 77,
        "confidence": 1,
        "maskValues": {
          "farmland": 0.528,
          "density": 0.636,
          "health": 0.54,
          "cropType": 0.539
        },
        "noise": {
          "seed": 918273,
          "jitter": 0.1,
          "rotation": -2.62
        },
        "labels": [
          "synthetic",
          "demo",
          "non-farmland"
        ]
      },
      "geometry": {
        "type": "Polygon",
        "coordinates": [
          [
            [
              21.46,
              42.6325
            ],
            [
              21.53,
              42.6325
            ],
            [
              21.53,
              42.57
            ],
            [
              21.46,
              42.57
            ],
            [
              21.46,
              42.6325
            ]
          ]
        ]
      }
    },
    {
      "type": "Feature",
      "properties": {
        "id": "KOS-GJN-000542",
        "parcelIndex": 542,
        "district": "Gjilan",
        "centroid": [
          21.575,
          42.603
        ],
        "areaHa": 3868.11,
        "shapeType": "rectangular",
        "landUse": "mixed",
        "cropType": "orchard",
        "isFarmland": true,
        "farmScore": 54,
        "harvestHealth": 44,
        "soilQuality": 47,
        "waterAccess": 58,
        "slopeRisk": 90,
        "confidence": 0.987,
        "maskValues": {
          "farmland": 0.533,
          "density": 0.654,
          "health": 0.497,
          "cropType": 0.557
        },
        "noise": {
          "seed": 918273,
          "jitter": 0.178,
          "rotation": -7.12
        },
        "labels": [
          "synthetic",
          "demo",
          "farmland"
        ]
      },
      "geometry": {
        "type": "Polygon",
        "coordinates": [
          [
            [
              21.53,
              42.6325
            ],
            [
              21.599125,
              42.6325
            ],
            [
              21.593,
              42.615
            ],
            [
              21.6,
              42.599
            ],
            [
              21.6,
              42.57
            ],
            [
              21.53,
              42.57
            ],
            [
              21.53,
              42.6325
            ]
          ]
        ]
      }
    },
    {
      "type": "Feature",
      "properties": {
        "id": "KOS-GJN-000543",
        "parcelIndex": 543,
        "district": "Gjilan",
        "centroid": [
          21.6,
          42.598
        ],
        "areaHa": 0.42,
        "shapeType": "irregular-rect",
        "landUse": "pasture",
        "cropType": "pasture",
        "isFarmland": false,
        "farmScore": 52,
        "harvestHealth": 44,
        "soilQuality": 49,
        "waterAccess": 60,
        "slopeRisk": 95,
        "confidence": 0.709,
        "maskValues": {
          "farmland": 0.532,
          "density": 0.653,
          "health": 0.491,
          "cropType": 0.558
        },
        "noise": {
          "seed": 918273,
          "jitter": 0.112,
          "rotation": -3.39
        },
        "labels": [
          "synthetic",
          "demo",
          "non-farmland"
        ]
      },
      "geometry": {
        "type": "Polygon",
        "coordinates": [
          [
            [
              21.6,
              42.599
            ],
            [
              21.60063482121696,
              42.597548980075516
            ],
            [
              21.6,
              42.597548980075516
            ],
            [
              21.6,
              42.599
            ]
          ]
        ]
      }
    },
    {
      "type": "Feature",
      "properties": {
        "id": "KOS-GJN-000544",
        "parcelIndex": 544,
        "district": "Gjilan",
        "centroid": [
          21.603,
          42.584
        ],
        "areaHa": 167.06,
        "shapeType": "irregular-rect",
        "landUse": "farmland",
        "cropType": "corn",
        "isFarmland": true,
        "farmScore": 55,
        "harvestHealth": 39,
        "soilQuality": 50,
        "waterAccess": 60,
        "slopeRisk": 96,
        "confidence": 0.832,
        "maskValues": {
          "farmland": 0.531,
          "density": 0.653,
          "health": 0.507,
          "cropType": 0.554
        },
        "noise": {
          "seed": 918273,
          "jitter": 0.159,
          "rotation": 5.52
        },
        "labels": [
          "synthetic",
          "demo",
          "farmland"
        ]
      },
      "geometry": {
        "type": "Polygon",
        "coordinates": [
          [
            [
              21.6,
              42.597548980075516
            ],
            [
              21.60063482121696,
              42.597548980075516
            ],
            [
              21.6126875,
              42.57
            ],
            [
              21.6,
              42.57
            ],
            [
              21.6,
              42.597548980075516
            ]
          ]
        ]
      }
    },
    {
      "type": "Feature",
      "properties": {
        "id": "KOS-PEJ-000557",
        "parcelIndex": 557,
        "district": "Peja",
        "centroid": [
          20.041,
          42.554
        ],
        "areaHa": 1113.12,
        "shapeType": "irregular-rect",
        "landUse": "farmland",
        "cropType": "potato",
        "isFarmland": true,
        "farmScore": 49,
        "harvestHealth": 36,
        "soilQuality": 46,
        "waterAccess": 47,
        "slopeRisk": 100,
        "confidence": 1,
        "maskValues": {
          "farmland": 0.486,
          "density": 0.402,
          "health": 0.414,
          "cropType": 0.443
        },
        "noise": {
          "seed": 918273,
          "jitter": 0.028,
          "rotation": -2.98
        },
        "labels": [
          "synthetic",
          "demo",
          "farmland"
        ]
      },
      "geometry": {
        "type": "Polygon",
        "coordinates": [
          [
            [
              20.019861121021226,
              42.53762903550116
            ],
            [
              20.02463157894737,
              42.57
            ],
            [
              20.060000000000002,
              42.57
            ],
            [
              20.060000000000002,
              42.53762903550116
            ],
            [
              20.019861121021226,
              42.53762903550116
            ]
          ]
        ]
      }
    },
    {
      "type": "Feature",
      "properties": {
        "id": "KOS-PEJ-000558",
        "parcelIndex": 558,
        "district": "Peja",
        "centroid": [
          20.036,
          42.523
        ],
        "areaHa": 1096.46,
        "shapeType": "irregular-rect",
        "landUse": "vineyard",
        "cropType": "beans",
        "isFarmland": true,
        "farmScore": 52,
        "harvestHealth": 30,
        "soilQuality": 46,
        "waterAccess": 46,
        "slopeRisk": 100,
        "confidence": 1,
        "maskValues": {
          "farmland": 0.511,
          "density": 0.403,
          "health": 0.381,
          "cropType": 0.476
        },
        "noise": {
          "seed": 918273,
          "jitter": 0.068,
          "rotation": 3.93
        },
        "labels": [
          "synthetic",
          "demo",
          "farmland"
        ]
      },
      "geometry": {
        "type": "Polygon",
        "coordinates": [
          [
            [
              20.018,
              42.525
            ],
            [
              20.019861121021226,
              42.53762903550116
            ],
            [
              20.060000000000002,
              42.53762903550116
            ],
            [
              20.060000000000002,
              42.5075
            ],
            [
              20.023764705882353,
              42.5075
            ],
            [
              20.018,
              42.525
            ]
          ]
        ]
      }
    },
    {
      "type": "Feature",
      "properties": {
        "id": "KOS-PEJ-000559",
        "parcelIndex": 559,
        "district": "Peja",
        "centroid": [
          20.095,
          42.556
        ],
        "areaHa": 1737.2,
        "shapeType": "irregular-rect",
        "landUse": "pasture",
        "cropType": "fallow",
        "isFarmland": false,
        "farmScore": 51,
        "harvestHealth": 38,
        "soilQuality": 47,
        "waterAccess": 47,
        "slopeRisk": 100,
        "confidence": 1,
        "maskValues": {
          "farmland": 0.476,
          "density": 0.421,
          "health": 0.452,
          "cropType": 0.429
        },
        "noise": {
          "seed": 918273,
          "jitter": 0.127,
          "rotation": 5.93
        },
        "labels": [
          "synthetic",
          "demo",
          "non-farmland"
        ]
      },
      "geometry": {
        "type": "Polygon",
        "coordinates": [
          [
            [
              20.060000000000002,
              42.57
            ],
            [
              20.130000000000003,
              42.57
            ],
            [
              20.130000000000003,
              42.54275159614219
            ],
            [
              20.060000000000002,
              42.54275159614219
            ],
            [
              20.060000000000002,
              42.57
            ]
          ]
        ]
      }
    },
    {
      "type": "Feature",
      "properties": {
        "id": "KOS-PEJ-000560",
        "parcelIndex": 560,
        "district": "Peja",
        "centroid": [
          20.095,
          42.525
        ],
        "areaHa": 2248.56,
        "shapeType": "irregular-rect",
        "landUse": "pasture",
        "cropType": "pasture",
        "isFarmland": false,
        "farmScore": 46,
        "harvestHealth": 30,
        "soilQuality": 47,
        "waterAccess": 46,
        "slopeRisk": 100,
        "confidence": 1,
        "maskValues": {
          "farmland": 0.507,
          "density": 0.428,
          "health": 0.424,
          "cropType": 0.462
        },
        "noise": {
          "seed": 918273,
          "jitter": 0.09,
          "rotation": -0.96
        },
        "labels": [
          "synthetic",
          "demo",
          "non-farmland"
        ]
      },
      "geometry": {
        "type": "Polygon",
        "coordinates": [
          [
            [
              20.060000000000002,
              42.54275159614219
            ],
            [
              20.130000000000003,
              42.54275159614219
            ],
            [
              20.130000000000003,
              42.5075
            ],
            [
              20.060000000000002,
              42.5075
            ],
            [
              20.060000000000002,
              42.54275159614219
            ]
          ]
        ]
      }
    },
    {
      "type": "Feature",
      "properties": {
        "id": "KOS-PEJ-000561",
        "parcelIndex": 561,
        "district": "Peja",
        "centroid": [
          20.165,
          42.554
        ],
        "areaHa": 2100.36,
        "shapeType": "irregular-rect",
        "landUse": "farmland",
        "cropType": "beans",
        "isFarmland": true,
        "farmScore": 51,
        "harvestHealth": 42,
        "soilQuality": 48,
        "waterAccess": 46,
        "slopeRisk": 92,
        "confidence": 1,
        "maskValues": {
          "farmland": 0.475,
          "density": 0.459,
          "health": 0.504,
          "cropType": 0.429
        },
        "noise": {
          "seed": 918273,
          "jitter": 0.044,
          "rotation": 0.03
        },
        "labels": [
          "synthetic",
          "demo",
          "farmland"
        ]
      },
      "geometry": {
        "type": "Polygon",
        "coordinates": [
          [
            [
              20.130000000000003,
              42.57
            ],
            [
              20.200000000000003,
              42.57
            ],
            [
              20.200000000000003,
              42.53705683557375
            ],
            [
              20.130000000000003,
              42.53705683557375
            ],
            [
              20.130000000000003,
              42.57
            ]
          ]
        ]
      }
    },
    {
      "type": "Feature",
      "properties": {
        "id": "KOS-PEJ-000562",
        "parcelIndex": 562,
        "district": "Peja",
        "centroid": [
          20.165,
          42.522
        ],
        "areaHa": 1885.4,
        "shapeType": "irregular-rect",
        "landUse": "farmland",
        "cropType": "barley",
        "isFarmland": true,
        "farmScore": 52,
        "harvestHealth": 38,
        "soilQuality": 47,
        "waterAccess": 46,
        "slopeRisk": 89,
        "confidence": 1,
        "maskValues": {
          "farmland": 0.506,
          "density": 0.47,
          "health": 0.484,
          "cropType": 0.457
        },
        "noise": {
          "seed": 918273,
          "jitter": 0.094,
          "rotation": 0.33
        },
        "labels": [
          "synthetic",
          "demo",
          "farmland"
        ]
      },
      "geometry": {
        "type": "Polygon",
        "coordinates": [
          [
            [
              20.130000000000003,
              42.53705683557375
            ],
            [
              20.200000000000003,
              42.53705683557375
            ],
            [
              20.200000000000003,
              42.5075
            ],
            [
              20.130000000000003,
              42.5075
            ],
            [
              20.130000000000003,
              42.53705683557375
            ]
          ]
        ]
      }
    },
    {
      "type": "Feature",
      "properties": {
        "id": "KOS-PEJ-000563",
        "parcelIndex": 563,
        "district": "Peja",
        "centroid": [
          20.235,
          42.539
        ],
        "areaHa": 3985.76,
        "shapeType": "rectangular",
        "landUse": "farmland",
        "cropType": "wheat",
        "isFarmland": true,
        "farmScore": 48,
        "harvestHealth": 49,
        "soilQuality": 47,
        "waterAccess": 47,
        "slopeRisk": 81,
        "confidence": 1,
        "maskValues": {
          "farmland": 0.489,
          "density": 0.509,
          "health": 0.555,
          "cropType": 0.449
        },
        "noise": {
          "seed": 918273,
          "jitter": 0.154,
          "rotation": -3.96
        },
        "labels": [
          "synthetic",
          "demo",
          "farmland"
        ]
      },
      "geometry": {
        "type": "Polygon",
        "coordinates": [
          [
            [
              20.200000000000003,
              42.57
            ],
            [
              20.27,
              42.57
            ],
            [
              20.27,
              42.5075
            ],
            [
              20.200000000000003,
              42.5075
            ],
            [
              20.200000000000003,
              42.57
            ]
          ]
        ]
      }
    },
    {
      "type": "Feature",
      "properties": {
        "id": "KOS-PEJ-000564",
        "parcelIndex": 564,
        "district": "Peja",
        "centroid": [
          20.305,
          42.539
        ],
        "areaHa": 3985.76,
        "shapeType": "rectangular",
        "landUse": "forest_edge",
        "cropType": "fallow",
        "isFarmland": false,
        "farmScore": 54,
        "harvestHealth": 53,
        "soilQuality": 46,
        "waterAccess": 49,
        "slopeRisk": 77,
        "confidence": 1,
        "maskValues": {
          "farmland": 0.492,
          "density": 0.553,
          "health": 0.606,
          "cropType": 0.466
        },
        "noise": {
          "seed": 918273,
          "jitter": 0.161,
          "rotation": -5.09
        },
        "labels": [
          "synthetic",
          "demo",
          "non-farmland"
        ]
      },
      "geometry": {
        "type": "Polygon",
        "coordinates": [
          [
            [
              20.27,
              42.57
            ],
            [
              20.34,
              42.57
            ],
            [
              20.34,
              42.5075
            ],
            [
              20.27,
              42.5075
            ],
            [
              20.27,
              42.57
            ]
          ]
        ]
      }
    },
    {
      "type": "Feature",
      "properties": {
        "id": "KOS-PEJ-000565",
        "parcelIndex": 565,
        "district": "Peja",
        "centroid": [
          20.375,
          42.539
        ],
        "areaHa": 3985.76,
        "shapeType": "rectangular",
        "landUse": "farmland",
        "cropType": "corn",
        "isFarmland": true,
        "farmScore": 49,
        "harvestHealth": 48,
        "soilQuality": 47,
        "waterAccess": 53,
        "slopeRisk": 79,
        "confidence": 1,
        "maskValues": {
          "farmland": 0.498,
          "density": 0.588,
          "health": 0.636,
          "cropType": 0.49
        },
        "noise": {
          "seed": 918273,
          "jitter": 0.049,
          "rotation": -4.25
        },
        "labels": [
          "synthetic",
          "demo",
          "farmland"
        ]
      },
      "geometry": {
        "type": "Polygon",
        "coordinates": [
          [
            [
              20.34,
              42.57
            ],
            [
              20.41,
              42.57
            ],
            [
              20.41,
              42.5075
            ],
            [
              20.34,
              42.5075
            ],
            [
              20.34,
              42.57
            ]
          ]
        ]
      }
    },
    {
      "type": "Feature",
      "properties": {
        "id": "KOS-GJK-000566",
        "parcelIndex": 566,
        "district": "Gjakova",
        "centroid": [
          20.445,
          42.539
        ],
        "areaHa": 3985.76,
        "shapeType": "rectangular",
        "landUse": "fallow",
        "cropType": "wheat",
        "isFarmland": true,
        "farmScore": 56,
        "harvestHealth": 54,
        "soilQuality": 51,
        "waterAccess": 57,
        "slopeRisk": 86,
        "confidence": 1,
        "maskValues": {
          "farmland": 0.505,
          "density": 0.61,
          "health": 0.64,
          "cropType": 0.515
        },
        "noise": {
          "seed": 918273,
          "jitter": 0.075,
          "rotation": 1.52
        },
        "labels": [
          "synthetic",
          "demo",
          "farmland"
        ]
      },
      "geometry": {
        "type": "Polygon",
        "coordinates": [
          [
            [
              20.41,
              42.57
            ],
            [
              20.48,
              42.57
            ],
            [
              20.48,
              42.5075
            ],
            [
              20.41,
              42.5075
            ],
            [
              20.41,
              42.57
            ]
          ]
        ]
      }
    },
    {
      "type": "Feature",
      "properties": {
        "id": "KOS-GJK-000567",
        "parcelIndex": 567,
        "district": "Gjakova",
        "centroid": [
          20.515,
          42.539
        ],
        "areaHa": 3985.76,
        "shapeType": "rectangular",
        "landUse": "orchard",
        "cropType": "potato",
        "isFarmland": true,
        "farmScore": 47,
        "harvestHealth": 47,
        "soilQuality": 55,
        "waterAccess": 59,
        "slopeRisk": 93,
        "confidence": 1,
        "maskValues": {
          "farmland": 0.512,
          "density": 0.615,
          "health": 0.616,
          "cropType": 0.538
        },
        "noise": {
          "seed": 918273,
          "jitter": 0.103,
          "rotation": 2.86
        },
        "labels": [
          "synthetic",
          "demo",
          "farmland"
        ]
      },
      "geometry": {
        "type": "Polygon",
        "coordinates": [
          [
            [
              20.48,
              42.57
            ],
            [
              20.55,
              42.57
            ],
            [
              20.55,
              42.5075
            ],
            [
              20.48,
              42.5075
            ],
            [
              20.48,
              42.57
            ]
          ]
        ]
      }
    },
    {
      "type": "Feature",
      "properties": {
        "id": "KOS-MLS-000568",
        "parcelIndex": 568,
        "district": "Malisheva",
        "centroid": [
          20.585,
          42.554
        ],
        "areaHa": 2101.18,
        "shapeType": "irregular-rect",
        "landUse": "farmland",
        "cropType": "vegetables",
        "isFarmland": true,
        "farmScore": 58,
        "harvestHealth": 43,
        "soilQuality": 58,
        "waterAccess": 59,
        "slopeRisk": 96,
        "confidence": 1,
        "maskValues": {
          "farmland": 0.525,
          "density": 0.605,
          "health": 0.554,
          "cropType": 0.564
        },
        "noise": {
          "seed": 918273,
          "jitter": 0.053,
          "rotation": -2.54
        },
        "labels": [
          "synthetic",
          "demo",
          "farmland"
        ]
      },
      "geometry": {
        "type": "Polygon",
        "coordinates": [
          [
            [
              20.55,
              42.57
            ],
            [
              20.62,
              42.57
            ],
            [
              20.62,
              42.537043895687674
            ],
            [
              20.55,
              42.537043895687674
            ],
            [
              20.55,
              42.57
            ]
          ]
        ]
      }
    },
    {
      "type": "Feature",
      "properties": {
        "id": "KOS-RAH-000569",
        "parcelIndex": 569,
        "district": "Rahovec",
        "centroid": [
          20.585,
          42.522
        ],
        "areaHa": 1884.57,
        "shapeType": "irregular-rect",
        "landUse": "fallow",
        "cropType": "fallow",
        "isFarmland": false,
        "farmScore": 55,
        "harvestHealth": 45,
        "soilQuality": 60,
        "waterAccess": 58,
        "slopeRisk": 96,
        "confidence": 1,
        "maskValues": {
          "farmland": 0.503,
          "density": 0.598,
          "health": 0.587,
          "cropType": 0.538
        },
        "noise": {
          "seed": 918273,
          "jitter": 0.131,
          "rotation": -4.65
        },
        "labels": [
          "synthetic",
          "demo",
          "non-farmland"
        ]
      },
      "geometry": {
        "type": "Polygon",
        "coordinates": [
          [
            [
              20.55,
              42.537043895687674
            ],
            [
              20.62,
              42.537043895687674
            ],
            [
              20.62,
              42.5075
            ],
            [
              20.55,
              42.5075
            ],
            [
              20.55,
              42.537043895687674
            ]
          ]
        ]
      }
    },
    {
      "type": "Feature",
      "properties": {
        "id": "KOS-MLS-000570",
        "parcelIndex": 570,
        "district": "Malisheva",
        "centroid": [
          20.655,
          42.552
        ],
        "areaHa": 2339.21,
        "shapeType": "irregular-rect",
        "landUse": "forest_edge",
        "cropType": "pasture",
        "isFarmland": false,
        "farmScore": 51,
        "harvestHealth": 43,
        "soilQuality": 59,
        "waterAccess": 56,
        "slopeRisk": 97,
        "confidence": 0.998,
        "maskValues": {
          "farmland": 0.524,
          "density": 0.576,
          "health": 0.5,
          "cropType": 0.566
        },
        "noise": {
          "seed": 918273,
          "jitter": 0.177,
          "rotation": -1.85
        },
        "labels": [
          "synthetic",
          "demo",
          "non-farmland"
        ]
      },
      "geometry": {
        "type": "Polygon",
        "coordinates": [
          [
            [
              20.62,
              42.57
            ],
            [
              20.69,
              42.57
            ],
            [
              20.69,
              42.53331161454437
            ],
            [
              20.62,
              42.53331161454437
            ],
            [
              20.62,
              42.57
            ]
          ]
        ]
      }
    },
    {
      "type": "Feature",
      "properties": {
        "id": "KOS-MLS-000571",
        "parcelIndex": 571,
        "district": "Malisheva",
        "centroid": [
          20.655,
          42.52
        ],
        "areaHa": 1646.54,
        "shapeType": "irregular-rect",
        "landUse": "farmland",
        "cropType": "potato",
        "isFarmland": true,
        "farmScore": 52,
        "harvestHealth": 44,
        "soilQuality": 60,
        "waterAccess": 55,
        "slopeRisk": 95,
        "confidence": 1,
        "maskValues": {
          "farmland": 0.499,
          "density": 0.567,
          "health": 0.526,
          "cropType": 0.54
        },
        "noise": {
          "seed": 918273,
          "jitter": 0.057,
          "rotation": 5.67
        },
        "labels": [
          "synthetic",
          "demo",
          "farmland"
        ]
      },
      "geometry": {
        "type": "Polygon",
        "coordinates": [
          [
            [
              20.62,
              42.53331161454437
            ],
            [
              20.69,
              42.53331161454437
            ],
            [
              20.69,
              42.5075
            ],
            [
              20.62,
              42.5075
            ],
            [
              20.62,
              42.53331161454437
            ]
          ]
        ]
      }
    },
    {
      "type": "Feature",
      "properties": {
        "id": "KOS-MLS-000572",
        "parcelIndex": 572,
        "district": "Malisheva",
        "centroid": [
          20.725,
          42.552
        ],
        "areaHa": 2300.87,
        "shapeType": "irregular-rect",
        "landUse": "fallow",
        "cropType": "mixed",
        "isFarmland": false,
        "farmScore": 52,
        "harvestHealth": 40,
        "soilQuality": 57,
        "waterAccess": 52,
        "slopeRisk": 97,
        "confidence": 0.997,
        "maskValues": {
          "farmland": 0.518,
          "density": 0.534,
          "health": 0.446,
          "cropType": 0.554
        },
        "noise": {
          "seed": 918273,
          "jitter": 0.155,
          "rotation": -0.25
        },
        "labels": [
          "synthetic",
          "demo",
          "non-farmland"
        ]
      },
      "geometry": {
        "type": "Polygon",
        "coordinates": [
          [
            [
              20.69,
              42.57
            ],
            [
              20.76,
              42.57
            ],
            [
              20.76,
              42.53391284456477
            ],
            [
              20.69,
              42.53391284456477
            ],
            [
              20.69,
              42.57
            ]
          ]
        ]
      }
    },
    {
      "type": "Feature",
      "properties": {
        "id": "KOS-MLS-000573",
        "parcelIndex": 573,
        "district": "Malisheva",
        "centroid": [
          20.725,
          42.521
        ],
        "areaHa": 1684.89,
        "shapeType": "irregular-rect",
        "landUse": "forest_edge",
        "cropType": "fallow",
        "isFarmland": false,
        "farmScore": 55,
        "harvestHealth": 37,
        "soilQuality": 56,
        "waterAccess": 50,
        "slopeRisk": 94,
        "confidence": 0.997,
        "maskValues": {
          "farmland": 0.494,
          "density": 0.524,
          "health": 0.458,
          "cropType": 0.534
        },
        "noise": {
          "seed": 918273,
          "jitter": 0.053,
          "rotation": 4.23
        },
        "labels": [
          "synthetic",
          "demo",
          "non-farmland"
        ]
      },
      "geometry": {
        "type": "Polygon",
        "coordinates": [
          [
            [
              20.69,
              42.53391284456477
            ],
            [
              20.76,
              42.53391284456477
            ],
            [
              20.76,
              42.5075
            ],
            [
              20.69,
              42.5075
            ],
            [
              20.69,
              42.53391284456477
            ]
          ]
        ]
      }
    },
    {
      "type": "Feature",
      "properties": {
        "id": "KOS-MLS-000574",
        "parcelIndex": 574,
        "district": "Malisheva",
        "centroid": [
          20.795,
          42.551
        ],
        "areaHa": 2367.18,
        "shapeType": "rectangular",
        "landUse": "mixed",
        "cropType": "barley",
        "isFarmland": true,
        "farmScore": 49,
        "harvestHealth": 28,
        "soilQuality": 52,
        "waterAccess": 48,
        "slopeRisk": 98,
        "confidence": 1,
        "maskValues": {
          "farmland": 0.506,
          "density": 0.484,
          "health": 0.402,
          "cropType": 0.532
        },
        "noise": {
          "seed": 918273,
          "jitter": 0.067,
          "rotation": 0.81
        },
        "labels": [
          "synthetic",
          "demo",
          "farmland"
        ]
      },
      "geometry": {
        "type": "Polygon",
        "coordinates": [
          [
            [
              20.76,
              42.57
            ],
            [
              20.830000000000002,
              42.57
            ],
            [
              20.830000000000002,
              42.532873159168524
            ],
            [
              20.76,
              42.532873159168524
            ],
            [
              20.76,
              42.57
            ]
          ]
        ]
      }
    },
    {
      "type": "Feature",
      "properties": {
        "id": "KOS-MLS-000575",
        "parcelIndex": 575,
        "district": "Malisheva",
        "centroid": [
          20.795,
          42.52
        ],
        "areaHa": 1618.58,
        "shapeType": "irregular-rect",
        "landUse": "pasture",
        "cropType": "mixed",
        "isFarmland": false,
        "farmScore": 44,
        "harvestHealth": 28,
        "soilQuality": 50,
        "waterAccess": 46,
        "slopeRisk": 96,
        "confidence": 1,
        "maskValues": {
          "farmland": 0.487,
          "density": 0.476,
          "health": 0.399,
          "cropType": 0.52
        },
        "noise": {
          "seed": 918273,
          "jitter": 0.161,
          "rotation": 7.09
        },
        "labels": [
          "synthetic",
          "demo",
          "non-farmland"
        ]
      },
      "geometry": {
        "type": "Polygon",
        "coordinates": [
          [
            [
              20.76,
              42.532873159168524
            ],
            [
              20.830000000000002,
              42.532873159168524
            ],
            [
              20.830000000000002,
              42.5075
            ],
            [
              20.76,
              42.5075
            ],
            [
              20.76,
              42.532873159168524
            ]
          ]
        ]
      }
    },
    {
      "type": "Feature",
      "properties": {
        "id": "KOS-MLS-000576",
        "parcelIndex": 576,
        "district": "Malisheva",
        "centroid": [
          20.865,
          42.539
        ],
        "areaHa": 3985.76,
        "shapeType": "rectangular",
        "landUse": "pasture",
        "cropType": "fallow",
        "isFarmland": false,
        "farmScore": 51,
        "harvestHealth": 25,
        "soilQuality": 46,
        "waterAccess": 45,
        "slopeRisk": 100,
        "confidence": 1,
        "maskValues": {
          "farmland": 0.488,
          "density": 0.433,
          "health": 0.37,
          "cropType": 0.503
        },
        "noise": {
          "seed": 918273,
          "jitter": 0.091,
          "rotation": 4.58
        },
        "labels": [
          "synthetic",
          "demo",
          "non-farmland"
        ]
      },
      "geometry": {
        "type": "Polygon",
        "coordinates": [
          [
            [
              20.830000000000002,
              42.57
            ],
            [
              20.9,
              42.57
            ],
            [
              20.9,
              42.5075
            ],
            [
              20.830000000000002,
              42.5075
            ],
            [
              20.830000000000002,
              42.57
            ]
          ]
        ]
      }
    },
    {
      "type": "Feature",
      "properties": {
        "id": "KOS-MLS-000577",
        "parcelIndex": 577,
        "district": "Malisheva",
        "centroid": [
          20.935,
          42.552
        ],
        "areaHa": 2238.58,
        "shapeType": "irregular-rect",
        "landUse": "farmland",
        "cropType": "corn",
        "isFarmland": true,
        "farmScore": 50,
        "harvestHealth": 28,
        "soilQuality": 43,
        "waterAccess": 45,
        "slopeRisk": 100,
        "confidence": 1,
        "maskValues": {
          "farmland": 0.479,
          "density": 0.395,
          "health": 0.379,
          "cropType": 0.475
        },
        "noise": {
          "seed": 918273,
          "jitter": 0.088,
          "rotation": 2.45
        },
        "labels": [
          "synthetic",
          "demo",
          "farmland"
        ]
      },
      "geometry": {
        "type": "Polygon",
        "coordinates": [
          [
            [
              20.9,
              42.57
            ],
            [
              20.97,
              42.57
            ],
            [
              20.97,
              42.53488944190496
            ],
            [
              20.9,
              42.53488944190496
            ],
            [
              20.9,
              42.57
            ]
          ]
        ]
      }
    },
    {
      "type": "Feature",
      "properties": {
        "id": "KOS-MLS-000578",
        "parcelIndex": 578,
        "district": "Malisheva",
        "centroid": [
          20.935,
          42.521
        ],
        "areaHa": 1747.17,
        "shapeType": "irregular-rect",
        "landUse": "mixed",
        "cropType": "pasture",
        "isFarmland": false,
        "farmScore": 51,
        "harvestHealth": 23,
        "soilQuality": 42,
        "waterAccess": 44,
        "slopeRisk": 100,
        "confidence": 1,
        "maskValues": {
          "farmland": 0.479,
          "density": 0.394,
          "health": 0.347,
          "cropType": 0.484
        },
        "noise": {
          "seed": 918273,
          "jitter": 0.08,
          "rotation": 7.39
        },
        "labels": [
          "synthetic",
          "demo",
          "non-farmland"
        ]
      },
      "geometry": {
        "type": "Polygon",
        "coordinates": [
          [
            [
              20.9,
              42.53488944190496
            ],
            [
              20.97,
              42.53488944190496
            ],
            [
              20.97,
              42.5075
            ],
            [
              20.9,
              42.5075
            ],
            [
              20.9,
              42.53488944190496
            ]
          ]
        ]
      }
    },
    {
      "type": "Feature",
      "properties": {
        "id": "KOS-LPJ-000579",
        "parcelIndex": 579,
        "district": "Lipjan",
        "centroid": [
          21.005,
          42.554
        ],
        "areaHa": 2037.49,
        "shapeType": "irregular-rect",
        "landUse": "vineyard",
        "cropType": "beans",
        "isFarmland": true,
        "farmScore": 49,
        "harvestHealth": 28,
        "soilQuality": 43,
        "waterAccess": 45,
        "slopeRisk": 100,
        "confidence": 1,
        "maskValues": {
          "farmland": 0.471,
          "density": 0.371,
          "health": 0.404,
          "cropType": 0.452
        },
        "noise": {
          "seed": 918273,
          "jitter": 0.07,
          "rotation": 0.35
        },
        "labels": [
          "synthetic",
          "demo",
          "farmland"
        ]
      },
      "geometry": {
        "type": "Polygon",
        "coordinates": [
          [
            [
              20.97,
              42.57
            ],
            [
              21.04,
              42.57
            ],
            [
              21.04,
              42.538042652646546
            ],
            [
              20.97,
              42.538042652646546
            ],
            [
              20.97,
              42.57
            ]
          ]
        ]
      }
    },
    {
      "type": "Feature",
      "properties": {
        "id": "KOS-LPJ-000580",
        "parcelIndex": 580,
        "district": "Lipjan",
        "centroid": [
          21.005,
          42.523
        ],
        "areaHa": 1948.27,
        "shapeType": "irregular-rect",
        "landUse": "farmland",
        "cropType": "pasture",
        "isFarmland": true,
        "farmScore": 49,
        "harvestHealth": 32,
        "soilQuality": 43,
        "waterAccess": 45,
        "slopeRisk": 100,
        "confidence": 1,
        "maskValues": {
          "farmland": 0.479,
          "density": 0.375,
          "health": 0.365,
          "cropType": 0.469
        },
        "noise": {
          "seed": 918273,
          "jitter": 0.032,
          "rotation": -6.1
        },
        "labels": [
          "synthetic",
          "demo",
          "farmland"
        ]
      },
      "geometry": {
        "type": "Polygon",
        "coordinates": [
          [
            [
              20.97,
              42.538042652646546
            ],
            [
              21.04,
              42.538042652646546
            ],
            [
              21.04,
              42.5075
            ],
            [
              20.97,
              42.5075
            ],
            [
              20.97,
              42.538042652646546
            ]
          ]
        ]
      }
    },
    {
      "type": "Feature",
      "properties": {
        "id": "KOS-LPJ-000581",
        "parcelIndex": 581,
        "district": "Lipjan",
        "centroid": [
          21.075,
          42.555
        ],
        "areaHa": 1960.42,
        "shapeType": "irregular-rect",
        "landUse": "farmland",
        "cropType": "barley",
        "isFarmland": true,
        "farmScore": 45,
        "harvestHealth": 33,
        "soilQuality": 46,
        "waterAccess": 46,
        "slopeRisk": 100,
        "confidence": 1,
        "maskValues": {
          "farmland": 0.469,
          "density": 0.369,
          "health": 0.445,
          "cropType": 0.44
        },
        "noise": {
          "seed": 918273,
          "jitter": 0.042,
          "rotation": -4.27
        },
        "labels": [
          "synthetic",
          "demo",
          "farmland"
        ]
      },
      "geometry": {
        "type": "Polygon",
        "coordinates": [
          [
            [
              21.04,
              42.57
            ],
            [
              21.11,
              42.57
            ],
            [
              21.11,
              42.539251165218886
            ],
            [
              21.04,
              42.539251165218886
            ],
            [
              21.04,
              42.57
            ]
          ]
        ]
      }
    },
    {
      "type": "Feature",
      "properties": {
        "id": "KOS-LPJ-000582",
        "parcelIndex": 582,
        "district": "Lipjan",
        "centroid": [
          21.075,
          42.523
        ],
        "areaHa": 2025.34,
        "shapeType": "irregular-rect",
        "landUse": "fallow",
        "cropType": "mixed",
        "isFarmland": false,
        "farmScore": 48,
        "harvestHealth": 28,
        "soilQuality": 46,
        "waterAccess": 45,
        "slopeRisk": 100,
        "confidence": 1,
        "maskValues": {
          "farmland": 0.485,
          "density": 0.376,
          "health": 0.407,
          "cropType": 0.461
        },
        "noise": {
          "seed": 918273,
          "jitter": 0.175,
          "rotation": 4.7
        },
        "labels": [
          "synthetic",
          "demo",
          "non-farmland"
        ]
      },
      "geometry": {
        "type": "Polygon",
        "coordinates": [
          [
            [
              21.04,
              42.539251165218886
            ],
            [
              21.11,
              42.539251165218886
            ],
            [
              21.11,
              42.5075
            ],
            [
              21.04,
              42.5075
            ],
            [
              21.04,
              42.539251165218886
            ]
          ]
        ]
      }
    },
    {
      "type": "Feature",
      "properties": {
        "id": "KOS-LPJ-000583",
        "parcelIndex": 583,
        "district": "Lipjan",
        "centroid": [
          21.145,
          42.555
        ],
        "areaHa": 1975.41,
        "shapeType": "irregular-rect",
        "landUse": "pasture",
        "cropType": "pasture",
        "isFarmland": false,
        "farmScore": 42,
        "harvestHealth": 35,
        "soilQuality": 49,
        "waterAccess": 46,
        "slopeRisk": 100,
        "confidence": 0.996,
        "maskValues": {
          "farmland": 0.475,
          "density": 0.39,
          "health": 0.497,
          "cropType": 0.441
        },
        "noise": {
          "seed": 918273,
          "jitter": 0.137,
          "rotation": -3.71
        },
        "labels": [
          "synthetic",
          "demo",
          "non-farmland"
        ]
      },
      "geometry": {
        "type": "Polygon",
        "coordinates": [
          [
            [
              21.11,
              42.57
            ],
            [
              21.18,
              42.57
            ],
            [
              21.18,
              42.539016064269816
            ],
            [
              21.11,
              42.539016064269816
            ],
            [
              21.11,
              42.57
            ]
          ]
        ]
      }
    },
    {
      "type": "Feature",
      "properties": {
        "id": "KOS-LPJ-000584",
        "parcelIndex": 584,
        "district": "Lipjan",
        "centroid": [
          21.145,
          42.523
        ],
        "areaHa": 2010.34,
        "shapeType": "irregular-rect",
        "landUse": "pasture",
        "cropType": "fallow",
        "isFarmland": false,
        "farmScore": 46,
        "harvestHealth": 32,
        "soilQuality": 49,
        "waterAccess": 45,
        "slopeRisk": 100,
        "confidence": 1,
        "maskValues": {
          "farmland": 0.496,
          "density": 0.398,
          "health": 0.466,
          "cropType": 0.464
        },
        "noise": {
          "seed": 918273,
          "jitter": 0.149,
          "rotation": -0.9
        },
        "labels": [
          "synthetic",
          "demo",
          "non-farmland"
        ]
      },
      "geometry": {
        "type": "Polygon",
        "coordinates": [
          [
            [
              21.11,
              42.539016064269816
            ],
            [
              21.18,
              42.539016064269816
            ],
            [
              21.18,
              42.5075
            ],
            [
              21.11,
              42.5075
            ],
            [
              21.11,
              42.539016064269816
            ]
          ]
        ]
      }
    },
    {
      "type": "Feature",
      "properties": {
        "id": "KOS-LPJ-000585",
        "parcelIndex": 585,
        "district": "Lipjan",
        "centroid": [
          21.215,
          42.539
        ],
        "areaHa": 3985.76,
        "shapeType": "rectangular",
        "landUse": "vineyard",
        "cropType": "vineyard",
        "isFarmland": true,
        "farmScore": 47,
        "harvestHealth": 44,
        "soilQuality": 51,
        "waterAccess": 45,
        "slopeRisk": 90,
        "confidence": 1,
        "maskValues": {
          "farmland": 0.498,
          "density": 0.435,
          "health": 0.54,
          "cropType": 0.463
        },
        "noise": {
          "seed": 918273,
          "jitter": 0.13,
          "rotation": 0.04
        },
        "labels": [
          "synthetic",
          "demo",
          "farmland"
        ]
      },
      "geometry": {
        "type": "Polygon",
        "coordinates": [
          [
            [
              21.18,
              42.57
            ],
            [
              21.25,
              42.57
            ],
            [
              21.25,
              42.5075
            ],
            [
              21.18,
              42.5075
            ],
            [
              21.18,
              42.57
            ]
          ]
        ]
      }
    },
    {
      "type": "Feature",
      "properties": {
        "id": "KOS-LPJ-000586",
        "parcelIndex": 586,
        "district": "Lipjan",
        "centroid": [
          21.285,
          42.539
        ],
        "areaHa": 3985.76,
        "shapeType": "rectangular",
        "landUse": "forest_edge",
        "cropType": "pasture",
        "isFarmland": false,
        "farmScore": 49,
        "harvestHealth": 51,
        "soilQuality": 50,
        "waterAccess": 46,
        "slopeRisk": 79,
        "confidence": 1,
        "maskValues": {
          "farmland": 0.513,
          "density": 0.489,
          "health": 0.59,
          "cropType": 0.482
        },
        "noise": {
          "seed": 918273,
          "jitter": 0.133,
          "rotation": -4.31
        },
        "labels": [
          "synthetic",
          "demo",
          "non-farmland"
        ]
      },
      "geometry": {
        "type": "Polygon",
        "coordinates": [
          [
            [
              21.25,
              42.57
            ],
            [
              21.32,
              42.57
            ],
            [
              21.32,
              42.5075
            ],
            [
              21.25,
              42.5075
            ],
            [
              21.25,
              42.57
            ]
          ]
        ]
      }
    },
    {
      "type": "Feature",
      "properties": {
        "id": "KOS-GJN-000587",
        "parcelIndex": 587,
        "district": "Gjilan",
        "centroid": [
          21.355,
          42.539
        ],
        "areaHa": 3985.76,
        "shapeType": "rectangular",
        "landUse": "farmland",
        "cropType": "wheat",
        "isFarmland": true,
        "farmScore": 48,
        "harvestHealth": 54,
        "soilQuality": 49,
        "waterAccess": 49,
        "slopeRisk": 73,
        "confidence": 1,
        "maskValues": {
          "farmland": 0.525,
          "density": 0.546,
          "health": 0.624,
          "cropType": 0.503
        },
        "noise": {
          "seed": 918273,
          "jitter": 0.065,
          "rotation": -6.87
        },
        "labels": [
          "synthetic",
          "demo",
          "farmland"
        ]
      },
      "geometry": {
        "type": "Polygon",
        "coordinates": [
          [
            [
              21.32,
              42.57
            ],
            [
              21.39,
              42.57
            ],
            [
              21.39,
              42.5075
            ],
            [
              21.32,
              42.5075
            ],
            [
              21.32,
              42.57
            ]
          ]
        ]
      }
    },
    {
      "type": "Feature",
      "properties": {
        "id": "KOS-GJN-000588",
        "parcelIndex": 588,
        "district": "Gjilan",
        "centroid": [
          21.425,
          42.539
        ],
        "areaHa": 3985.76,
        "shapeType": "rectangular",
        "landUse": "orchard",
        "cropType": "barley",
        "isFarmland": true,
        "farmScore": 51,
        "harvestHealth": 57,
        "soilQuality": 48,
        "waterAccess": 53,
        "slopeRisk": 75,
        "confidence": 1,
        "maskValues": {
          "farmland": 0.533,
          "density": 0.597,
          "health": 0.634,
          "cropType": 0.522
        },
        "noise": {
          "seed": 918273,
          "jitter": 0.101,
          "rotation": 5.92
        },
        "labels": [
          "synthetic",
          "demo",
          "farmland"
        ]
      },
      "geometry": {
        "type": "Polygon",
        "coordinates": [
          [
            [
              21.39,
              42.57
            ],
            [
              21.46,
              42.57
            ],
            [
              21.46,
              42.5075
            ],
            [
              21.39,
              42.5075
            ],
            [
              21.39,
              42.57
            ]
          ]
        ]
      }
    },
    {
      "type": "Feature",
      "properties": {
        "id": "KOS-GJN-000589",
        "parcelIndex": 589,
        "district": "Gjilan",
        "centroid": [
          21.495,
          42.539
        ],
        "areaHa": 3985.76,
        "shapeType": "rectangular",
        "landUse": "forest_edge",
        "cropType": "pasture",
        "isFarmland": false,
        "farmScore": 58,
        "harvestHealth": 55,
        "soilQuality": 49,
        "waterAccess": 58,
        "slopeRisk": 83,
        "confidence": 1,
        "maskValues": {
          "farmland": 0.534,
          "density": 0.633,
          "health": 0.617,
          "cropType": 0.536
        },
        "noise": {
          "seed": 918273,
          "jitter": 0.1,
          "rotation": 3.94
        },
        "labels": [
          "synthetic",
          "demo",
          "non-farmland"
        ]
      },
      "geometry": {
        "type": "Polygon",
        "coordinates": [
          [
            [
              21.46,
              42.57
            ],
            [
              21.53,
              42.57
            ],
            [
              21.53,
              42.5075
            ],
            [
              21.46,
              42.5075
            ],
            [
              21.46,
              42.57
            ]
          ]
        ]
      }
    },
    {
      "type": "Feature",
      "properties": {
        "id": "KOS-GJN-000590",
        "parcelIndex": 590,
        "district": "Gjilan",
        "centroid": [
          21.565,
          42.556
        ],
        "areaHa": 1784.09,
        "shapeType": "irregular-rect",
        "landUse": "fallow",
        "cropType": "beans",
        "isFarmland": true,
        "farmScore": 54,
        "harvestHealth": 40,
        "soilQuality": 51,
        "waterAccess": 60,
        "slopeRisk": 92,
        "confidence": 1,
        "maskValues": {
          "farmland": 0.531,
          "density": 0.649,
          "health": 0.554,
          "cropType": 0.55
        },
        "noise": {
          "seed": 918273,
          "jitter": 0.151,
          "rotation": 6.7
        },
        "labels": [
          "synthetic",
          "demo",
          "farmland"
        ]
      },
      "geometry": {
        "type": "Polygon",
        "coordinates": [
          [
            [
              21.53,
              42.57
            ],
            [
              21.6,
              42.57
            ],
            [
              21.6,
              42.54201621174463
            ],
            [
              21.53,
              42.54201621174463
            ],
            [
              21.53,
              42.57
            ]
          ]
        ]
      }
    },
    {
      "type": "Feature",
      "properties": {
        "id": "KOS-GJN-000591",
        "parcelIndex": 591,
        "district": "Gjilan",
        "centroid": [
          21.565,
          42.525
        ],
        "areaHa": 2201.66,
        "shapeType": "irregular-rect",
        "landUse": "pasture",
        "cropType": "pasture",
        "isFarmland": false,
        "farmScore": 49,
        "harvestHealth": 45,
        "soilQuality": 53,
        "waterAccess": 61,
        "slopeRisk": 94,
        "confidence": 1,
        "maskValues": {
          "farmland": 0.524,
          "density": 0.642,
          "health": 0.596,
          "cropType": 0.536
        },
        "noise": {
          "seed": 918273,
          "jitter": 0.022,
          "rotation": 3.52
        },
        "labels": [
          "synthetic",
          "demo",
          "non-farmland"
        ]
      },
      "geometry": {
        "type": "Polygon",
        "coordinates": [
          [
            [
              21.53,
              42.54201621174463
            ],
            [
              21.6,
              42.54201621174463
            ],
            [
              21.6,
              42.5075
            ],
            [
              21.53,
              42.5075
            ],
            [
              21.53,
              42.54201621174463
            ]
          ]
        ]
      }
    },
    {
      "type": "Feature",
      "properties": {
        "id": "KOS-GJN-000592",
        "parcelIndex": 592,
        "district": "Gjilan",
        "centroid": [
          21.61,
          42.554
        ],
        "areaHa": 595.14,
        "shapeType": "irregular-rect",
        "landUse": "farmland",
        "cropType": "vineyard",
        "isFarmland": true,
        "farmScore": 50,
        "harvestHealth": 42,
        "soilQuality": 53,
        "waterAccess": 61,
        "slopeRisk": 98,
        "confidence": 0.917,
        "maskValues": {
          "farmland": 0.525,
          "density": 0.644,
          "health": 0.526,
          "cropType": 0.55
        },
        "noise": {
          "seed": 918273,
          "jitter": 0.036,
          "rotation": 3.87
        },
        "labels": [
          "synthetic",
          "demo",
          "farmland"
        ]
      },
      "geometry": {
        "type": "Polygon",
        "coordinates": [
          [
            [
              21.6,
              42.57
            ],
            [
              21.6126875,
              42.57
            ],
            [
              21.627068720420183,
              42.53712863903959
            ],
            [
              21.6,
              42.53712863903959
            ],
            [
              21.6,
              42.57
            ]
          ]
        ]
      }
    },
    {
      "type": "Feature",
      "properties": {
        "id": "KOS-GJN-000593",
        "parcelIndex": 593,
        "district": "Gjilan",
        "centroid": [
          21.617,
          42.522
        ],
        "areaHa": 905.84,
        "shapeType": "irregular-rect",
        "landUse": "fallow",
        "cropType": "pasture",
        "isFarmland": false,
        "farmScore": 53,
        "harvestHealth": 42,
        "soilQuality": 56,
        "waterAccess": 61,
        "slopeRisk": 99,
        "confidence": 0.945,
        "maskValues": {
          "farmland": 0.513,
          "density": 0.636,
          "health": 0.558,
          "cropType": 0.533
        },
        "noise": {
          "seed": 918273,
          "jitter": 0.125,
          "rotation": 4.48
        },
        "labels": [
          "synthetic",
          "demo",
          "non-farmland"
        ]
      },
      "geometry": {
        "type": "Polygon",
        "coordinates": [
          [
            [
              21.6,
              42.53712863903959
            ],
            [
              21.627068720420183,
              42.53712863903959
            ],
            [
              21.64003125,
              42.5075
            ],
            [
              21.6,
              42.5075
            ],
            [
              21.6,
              42.53712863903959
            ]
          ]
        ]
      }
    },
    {
      "type": "Feature",
      "properties": {
        "id": "KOS-PEJ-000605",
        "parcelIndex": 605,
        "district": "Peja",
        "centroid": [
          20.045,
          42.49
        ],
        "areaHa": 982.05,
        "shapeType": "irregular-rect",
        "landUse": "orchard",
        "cropType": "wheat",
        "isFarmland": true,
        "farmScore": 50,
        "harvestHealth": 33,
        "soilQuality": 47,
        "waterAccess": 45,
        "slopeRisk": 100,
        "confidence": 0.987,
        "maskValues": {
          "farmland": 0.537,
          "density": 0.416,
          "health": 0.374,
          "cropType": 0.502
        },
        "noise": {
          "seed": 918273,
          "jitter": 0.118,
          "rotation": 2.26
        },
        "labels": [
          "synthetic",
          "demo",
          "farmland"
        ]
      },
      "geometry": {
        "type": "Polygon",
        "coordinates": [
          [
            [
              20.023764705882353,
              42.5075
            ],
            [
              20.060000000000002,
              42.5075
            ],
            [
              20.060000000000002,
              42.47206785206392
            ],
            [
              20.0354364722613,
              42.47206785206392
            ],
            [
              20.023764705882353,
              42.5075
            ]
          ]
        ]
      }
    },
    {
      "type": "Feature",
      "properties": {
        "id": "KOS-PEJ-000606",
        "parcelIndex": 606,
        "district": "Peja",
        "centroid": [
          20.05,
          42.459
        ],
        "areaHa": 496.43,
        "shapeType": "irregular-rect",
        "landUse": "forest_edge",
        "cropType": "pasture",
        "isFarmland": false,
        "farmScore": 59,
        "harvestHealth": 26,
        "soilQuality": 48,
        "waterAccess": 44,
        "slopeRisk": 98,
        "confidence": 0.964,
        "maskValues": {
          "farmland": 0.566,
          "density": 0.425,
          "health": 0.36,
          "cropType": 0.539
        },
        "noise": {
          "seed": 918273,
          "jitter": 0.122,
          "rotation": 0.8
        },
        "labels": [
          "synthetic",
          "demo",
          "non-farmland"
        ]
      },
      "geometry": {
        "type": "Polygon",
        "coordinates": [
          [
            [
              20.0354364722613,
              42.47206785206392
            ],
            [
              20.060000000000002,
              42.47206785206392
            ],
            [
              20.060000000000002,
              42.445
            ],
            [
              20.044352941176474,
              42.445
            ],
            [
              20.0354364722613,
              42.47206785206392
            ]
          ]
        ]
      }
    },
    {
      "type": "Feature",
      "properties": {
        "id": "KOS-PEJ-000607",
        "parcelIndex": 607,
        "district": "Peja",
        "centroid": [
          20.095,
          42.476
        ],
        "areaHa": 3989.74,
        "shapeType": "rectangular",
        "landUse": "orchard",
        "cropType": "corn",
        "isFarmland": true,
        "farmScore": 48,
        "harvestHealth": 37,
        "soilQuality": 47,
        "waterAccess": 46,
        "slopeRisk": 95,
        "confidence": 1,
        "maskValues": {
          "farmland": 0.551,
          "density": 0.449,
          "health": 0.404,
          "cropType": 0.509
        },
        "noise": {
          "seed": 918273,
          "jitter": 0.026,
          "rotation": -4.25
        },
        "labels": [
          "synthetic",
          "demo",
          "farmland"
        ]
      },
      "geometry": {
        "type": "Polygon",
        "coordinates": [
          [
            [
              20.060000000000002,
              42.5075
            ],
            [
              20.130000000000003,
              42.5075
            ],
            [
              20.130000000000003,
              42.445
            ],
            [
              20.060000000000002,
              42.445
            ],
            [
              20.060000000000002,
              42.5075
            ]
          ]
        ]
      }
    },
    {
      "type": "Feature",
      "properties": {
        "id": "KOS-PEJ-000608",
        "parcelIndex": 608,
        "district": "Peja",
        "centroid": [
          20.165,
          42.476
        ],
        "areaHa": 3989.74,
        "shapeType": "rectangular",
        "landUse": "orchard",
        "cropType": "potato",
        "isFarmland": true,
        "farmScore": 57,
        "harvestHealth": 38,
        "soilQuality": 46,
        "waterAccess": 47,
        "slopeRisk": 88,
        "confidence": 1,
        "maskValues": {
          "farmland": 0.547,
          "density": 0.496,
          "health": 0.473,
          "cropType": 0.494
        },
        "noise": {
          "seed": 918273,
          "jitter": 0.141,
          "rotation": -7.45
        },
        "labels": [
          "synthetic",
          "demo",
          "farmland"
        ]
      },
      "geometry": {
        "type": "Polygon",
        "coordinates": [
          [
            [
              20.130000000000003,
              42.5075
            ],
            [
              20.200000000000003,
              42.5075
            ],
            [
              20.200000000000003,
              42.445
            ],
            [
              20.130000000000003,
              42.445
            ],
            [
              20.130000000000003,
              42.5075
            ]
          ]
        ]
      }
    },
    {
      "type": "Feature",
      "properties": {
        "id": "KOS-PEJ-000609",
        "parcelIndex": 609,
        "district": "Peja",
        "centroid": [
          20.235,
          42.476
        ],
        "areaHa": 3989.74,
        "shapeType": "rectangular",
        "landUse": "mixed",
        "cropType": "pasture",
        "isFarmland": false,
        "farmScore": 55,
        "harvestHealth": 48,
        "soilQuality": 45,
        "waterAccess": 51,
        "slopeRisk": 84,
        "confidence": 1,
        "maskValues": {
          "farmland": 0.535,
          "density": 0.541,
          "health": 0.549,
          "cropType": 0.483
        },
        "noise": {
          "seed": 918273,
          "jitter": 0.142,
          "rotation": -1.33
        },
        "labels": [
          "synthetic",
          "demo",
          "non-farmland"
        ]
      },
      "geometry": {
        "type": "Polygon",
        "coordinates": [
          [
            [
              20.200000000000003,
              42.5075
            ],
            [
              20.27,
              42.5075
            ],
            [
              20.27,
              42.445
            ],
            [
              20.200000000000003,
              42.445
            ],
            [
              20.200000000000003,
              42.5075
            ]
          ]
        ]
      }
    },
    {
      "type": "Feature",
      "properties": {
        "id": "KOS-GJK-000610",
        "parcelIndex": 610,
        "district": "Gjakova",
        "centroid": [
          20.305,
          42.476
        ],
        "areaHa": 3989.74,
        "shapeType": "rectangular",
        "landUse": "farmland",
        "cropType": "orchard",
        "isFarmland": true,
        "farmScore": 54,
        "harvestHealth": 53,
        "soilQuality": 45,
        "waterAccess": 55,
        "slopeRisk": 86,
        "confidence": 1,
        "maskValues": {
          "farmland": 0.519,
          "density": 0.58,
          "health": 0.616,
          "cropType": 0.477
        },
        "noise": {
          "seed": 918273,
          "jitter": 0.161,
          "rotation": -5.26
        },
        "labels": [
          "synthetic",
          "demo",
          "farmland"
        ]
      },
      "geometry": {
        "type": "Polygon",
        "coordinates": [
          [
            [
              20.27,
              42.5075
            ],
            [
              20.34,
              42.5075
            ],
            [
              20.34,
              42.445
            ],
            [
              20.27,
              42.445
            ],
            [
              20.27,
              42.5075
            ]
          ]
        ]
      }
    },
    {
      "type": "Feature",
      "properties": {
        "id": "KOS-GJK-000611",
        "parcelIndex": 611,
        "district": "Gjakova",
        "centroid": [
          20.375,
          42.492
        ],
        "areaHa": 2010.23,
        "shapeType": "irregular-rect",
        "landUse": "mixed",
        "cropType": "pasture",
        "isFarmland": true,
        "farmScore": 46,
        "harvestHealth": 55,
        "soilQuality": 48,
        "waterAccess": 58,
        "slopeRisk": 88,
        "confidence": 1,
        "maskValues": {
          "farmland": 0.5,
          "density": 0.602,
          "health": 0.657,
          "cropType": 0.481
        },
        "noise": {
          "seed": 918273,
          "jitter": 0.081,
          "rotation": 5.78
        },
        "labels": [
          "synthetic",
          "demo",
          "farmland"
        ]
      },
      "geometry": {
        "type": "Polygon",
        "coordinates": [
          [
            [
              20.34,
              42.5075
            ],
            [
              20.41,
              42.5075
            ],
            [
              20.41,
              42.47600155834109
            ],
            [
              20.34,
              42.47600155834109
            ],
            [
              20.34,
              42.5075
            ]
          ]
        ]
      }
    },
    {
      "type": "Feature",
      "properties": {
        "id": "KOS-GJK-000612",
        "parcelIndex": 612,
        "district": "Gjakova",
        "centroid": [
          20.375,
          42.461
        ],
        "areaHa": 1979.51,
        "shapeType": "irregular-rect",
        "landUse": "fallow",
        "cropType": "pasture",
        "isFarmland": false,
        "farmScore": 48,
        "harvestHealth": 51,
        "soilQuality": 49,
        "waterAccess": 60,
        "slopeRisk": 94,
        "confidence": 1,
        "maskValues": {
          "farmland": 0.506,
          "density": 0.606,
          "health": 0.665,
          "cropType": 0.474
        },
        "noise": {
          "seed": 918273,
          "jitter": 0.126,
          "rotation": -0.66
        },
        "labels": [
          "synthetic",
          "demo",
          "non-farmland"
        ]
      },
      "geometry": {
        "type": "Polygon",
        "coordinates": [
          [
            [
              20.34,
              42.47600155834109
            ],
            [
              20.41,
              42.47600155834109
            ],
            [
              20.41,
              42.445
            ],
            [
              20.34,
              42.445
            ],
            [
              20.34,
              42.47600155834109
            ]
          ]
        ]
      }
    },
    {
      "type": "Feature",
      "properties": {
        "id": "KOS-GJK-000613",
        "parcelIndex": 613,
        "district": "Gjakova",
        "centroid": [
          20.445,
          42.493
        ],
        "areaHa": 1817.12,
        "shapeType": "irregular-rect",
        "landUse": "farmland",
        "cropType": "corn",
        "isFarmland": true,
        "farmScore": 45,
        "harvestHealth": 50,
        "soilQuality": 53,
        "waterAccess": 60,
        "slopeRisk": 93,
        "confidence": 1,
        "maskValues": {
          "farmland": 0.492,
          "density": 0.613,
          "health": 0.668,
          "cropType": 0.493
        },
        "noise": {
          "seed": 918273,
          "jitter": 0.156,
          "rotation": -5.8
        },
        "labels": [
          "synthetic",
          "demo",
          "farmland"
        ]
      },
      "geometry": {
        "type": "Polygon",
        "coordinates": [
          [
            [
              20.41,
              42.5075
            ],
            [
              20.48,
              42.5075
            ],
            [
              20.48,
              42.47902678507555
            ],
            [
              20.41,
              42.47902678507555
            ],
            [
              20.41,
              42.5075
            ]
          ]
        ]
      }
    },
    {
      "type": "Feature",
      "properties": {
        "id": "KOS-GJK-000614",
        "parcelIndex": 614,
        "district": "Gjakova",
        "centroid": [
          20.445,
          42.462
        ],
        "areaHa": 2172.62,
        "shapeType": "irregular-rect",
        "landUse": "vineyard",
        "cropType": "corn",
        "isFarmland": true,
        "farmScore": 47,
        "harvestHealth": 52,
        "soilQuality": 55,
        "waterAccess": 62,
        "slopeRisk": 98,
        "confidence": 1,
        "maskValues": {
          "farmland": 0.484,
          "density": 0.612,
          "health": 0.683,
          "cropType": 0.473
        },
        "noise": {
          "seed": 918273,
          "jitter": 0.136,
          "rotation": 2.74
        },
        "labels": [
          "synthetic",
          "demo",
          "farmland"
        ]
      },
      "geometry": {
        "type": "Polygon",
        "coordinates": [
          [
            [
              20.41,
              42.47902678507555
            ],
            [
              20.48,
              42.47902678507555
            ],
            [
              20.48,
              42.445
            ],
            [
              20.41,
              42.445
            ],
            [
              20.41,
              42.47902678507555
            ]
          ]
        ]
      }
    },
    {
      "type": "Feature",
      "properties": {
        "id": "KOS-GJK-000615",
        "parcelIndex": 615,
        "district": "Gjakova",
        "centroid": [
          20.515,
          42.49
        ],
        "areaHa": 2191.2,
        "shapeType": "irregular-rect",
        "landUse": "pasture",
        "cropType": "mixed",
        "isFarmland": false,
        "farmScore": 53,
        "harvestHealth": 52,
        "soilQuality": 58,
        "waterAccess": 60,
        "slopeRisk": 96,
        "confidence": 0.999,
        "maskValues": {
          "farmland": 0.485,
          "density": 0.606,
          "health": 0.649,
          "cropType": 0.505
        },
        "noise": {
          "seed": 918273,
          "jitter": 0.165,
          "rotation": 3.07
        },
        "labels": [
          "synthetic",
          "demo",
          "non-farmland"
        ]
      },
      "geometry": {
        "type": "Polygon",
        "coordinates": [
          [
            [
              20.48,
              42.5075
            ],
            [
              20.55,
              42.5075
            ],
            [
              20.55,
              42.473166689325005
            ],
            [
              20.48,
              42.473166689325005
            ],
            [
              20.48,
              42.5075
            ]
          ]
        ]
      }
    },
    {
      "type": "Feature",
      "properties": {
        "id": "KOS-GJK-000616",
        "parcelIndex": 616,
        "district": "Gjakova",
        "centroid": [
          20.515,
          42.459
        ],
        "areaHa": 1798.54,
        "shapeType": "irregular-rect",
        "landUse": "forest_edge",
        "cropType": "pasture",
        "isFarmland": false,
        "farmScore": 48,
        "harvestHealth": 54,
        "soilQuality": 59,
        "waterAccess": 60,
        "slopeRisk": 98,
        "confidence": 1,
        "maskValues": {
          "farmland": 0.465,
          "density": 0.6,
          "health": 0.669,
          "cropType": 0.475
        },
        "noise": {
          "seed": 918273,
          "jitter": 0.1,
          "rotation": -1.69
        },
        "labels": [
          "synthetic",
          "demo",
          "non-farmland"
        ]
      },
      "geometry": {
        "type": "Polygon",
        "coordinates": [
          [
            [
              20.48,
              42.473166689325005
            ],
            [
              20.55,
              42.473166689325005
            ],
            [
              20.55,
              42.445
            ],
            [
              20.48,
              42.445
            ],
            [
              20.48,
              42.473166689325005
            ]
          ]
        ]
      }
    },
    {
      "type": "Feature",
      "properties": {
        "id": "KOS-RAH-000617",
        "parcelIndex": 617,
        "district": "Rahovec",
        "centroid": [
          20.585,
          42.494
        ],
        "areaHa": 1671.4,
        "shapeType": "irregular-rect",
        "landUse": "pasture",
        "cropType": "pasture",
        "isFarmland": false,
        "farmScore": 51,
        "harvestHealth": 43,
        "soilQuality": 60,
        "waterAccess": 57,
        "slopeRisk": 95,
        "confidence": 1,
        "maskValues": {
          "farmland": 0.484,
          "density": 0.584,
          "health": 0.597,
          "cropType": 0.52
        },
        "noise": {
          "seed": 918273,
          "jitter": 0.071,
          "rotation": -2.48
        },
        "labels": [
          "synthetic",
          "demo",
          "non-farmland"
        ]
      },
      "geometry": {
        "type": "Polygon",
        "coordinates": [
          [
            [
              20.55,
              42.5075
            ],
            [
              20.62,
              42.5075
            ],
            [
              20.62,
              42.48130961602321
            ],
            [
              20.55,
              42.48130961602321
            ],
            [
              20.55,
              42.5075
            ]
          ]
        ]
      }
    },
    {
      "type": "Feature",
      "properties": {
        "id": "KOS-RAH-000618",
        "parcelIndex": 618,
        "district": "Rahovec",
        "centroid": [
          20.585,
          42.463
        ],
        "areaHa": 2318.34,
        "shapeType": "irregular-rect",
        "landUse": "farmland",
        "cropType": "vineyard",
        "isFarmland": true,
        "farmScore": 43,
        "harvestHealth": 51,
        "soilQuality": 61,
        "waterAccess": 56,
        "slopeRisk": 94,
        "confidence": 1,
        "maskValues": {
          "farmland": 0.456,
          "density": 0.574,
          "health": 0.62,
          "cropType": 0.486
        },
        "noise": {
          "seed": 918273,
          "jitter": 0.165,
          "rotation": -1.69
        },
        "labels": [
          "synthetic",
          "demo",
          "farmland"
        ]
      },
      "geometry": {
        "type": "Polygon",
        "coordinates": [
          [
            [
              20.55,
              42.48130961602321
            ],
            [
              20.62,
              42.48130961602321
            ],
            [
              20.62,
              42.445
            ],
            [
              20.55,
              42.445
            ],
            [
              20.55,
              42.48130961602321
            ]
          ]
        ]
      }
    },
    {
      "type": "Feature",
      "properties": {
        "id": "KOS-MLS-000619",
        "parcelIndex": 619,
        "district": "Malisheva",
        "centroid": [
          20.655,
          42.492
        ],
        "areaHa": 1998.52,
        "shapeType": "irregular-rect",
        "landUse": "vineyard",
        "cropType": "vegetables",
        "isFarmland": true,
        "farmScore": 50,
        "harvestHealth": 40,
        "soilQuality": 59,
        "waterAccess": 52,
        "slopeRisk": 92,
        "confidence": 1,
        "maskValues": {
          "farmland": 0.48,
          "density": 0.548,
          "health": 0.531,
          "cropType": 0.523
        },
        "noise": {
          "seed": 918273,
          "jitter": 0.164,
          "rotation": 4.34
        },
        "labels": [
          "synthetic",
          "demo",
          "farmland"
        ]
      },
      "geometry": {
        "type": "Polygon",
        "coordinates": [
          [
            [
              20.62,
              42.5075
            ],
            [
              20.69,
              42.5075
            ],
            [
              20.69,
              42.47618510937202
            ],
            [
              20.62,
              42.47618510937202
            ],
            [
              20.62,
              42.5075
            ]
          ]
        ]
      }
    },
    {
      "type": "Feature",
      "properties": {
        "id": "KOS-RAH-000620",
        "parcelIndex": 620,
        "district": "Rahovec",
        "centroid": [
          20.655,
          42.461
        ],
        "areaHa": 1991.23,
        "shapeType": "irregular-rect",
        "landUse": "mixed",
        "cropType": "fallow",
        "isFarmland": false,
        "farmScore": 47,
        "harvestHealth": 39,
        "soilQuality": 58,
        "waterAccess": 51,
        "slopeRisk": 89,
        "confidence": 1,
        "maskValues": {
          "farmland": 0.449,
          "density": 0.536,
          "health": 0.552,
          "cropType": 0.491
        },
        "noise": {
          "seed": 918273,
          "jitter": 0.033,
          "rotation": 4.19
        },
        "labels": [
          "synthetic",
          "demo",
          "non-farmland"
        ]
      },
      "geometry": {
        "type": "Polygon",
        "coordinates": [
          [
            [
              20.62,
              42.47618510937202
            ],
            [
              20.69,
              42.47618510937202
            ],
            [
              20.69,
              42.445
            ],
            [
              20.62,
              42.445
            ],
            [
              20.62,
              42.47618510937202
            ]
          ]
        ]
      }
    },
    {
      "type": "Feature",
      "properties": {
        "id": "KOS-MLS-000621",
        "parcelIndex": 621,
        "district": "Malisheva",
        "centroid": [
          20.725,
          42.476
        ],
        "areaHa": 3989.74,
        "shapeType": "rectangular",
        "landUse": "orchard",
        "cropType": "vineyard",
        "isFarmland": true,
        "farmScore": 49,
        "harvestHealth": 33,
        "soilQuality": 54,
        "waterAccess": 47,
        "slopeRisk": 90,
        "confidence": 0.998,
        "maskValues": {
          "farmland": 0.465,
          "density": 0.499,
          "health": 0.465,
          "cropType": 0.51
        },
        "noise": {
          "seed": 918273,
          "jitter": 0.061,
          "rotation": 3.04
        },
        "labels": [
          "synthetic",
          "demo",
          "farmland"
        ]
      },
      "geometry": {
        "type": "Polygon",
        "coordinates": [
          [
            [
              20.69,
              42.5075
            ],
            [
              20.76,
              42.5075
            ],
            [
              20.76,
              42.445
            ],
            [
              20.69,
              42.445
            ],
            [
              20.69,
              42.5075
            ]
          ]
        ]
      }
    },
    {
      "type": "Feature",
      "properties": {
        "id": "KOS-MLS-000622",
        "parcelIndex": 622,
        "district": "Malisheva",
        "centroid": [
          20.795,
          42.476
        ],
        "areaHa": 3989.74,
        "shapeType": "rectangular",
        "landUse": "farmland",
        "cropType": "corn",
        "isFarmland": true,
        "farmScore": 50,
        "harvestHealth": 29,
        "soilQuality": 48,
        "waterAccess": 44,
        "slopeRisk": 93,
        "confidence": 1,
        "maskValues": {
          "farmland": 0.468,
          "density": 0.454,
          "health": 0.395,
          "cropType": 0.509
        },
        "noise": {
          "seed": 918273,
          "jitter": 0.154,
          "rotation": 2.84
        },
        "labels": [
          "synthetic",
          "demo",
          "farmland"
        ]
      },
      "geometry": {
        "type": "Polygon",
        "coordinates": [
          [
            [
              20.76,
              42.5075
            ],
            [
              20.830000000000002,
              42.5075
            ],
            [
              20.830000000000002,
              42.445
            ],
            [
              20.76,
              42.445
            ],
            [
              20.76,
              42.5075
            ]
          ]
        ]
      }
    },
    {
      "type": "Feature",
      "properties": {
        "id": "KOS-MLS-000623",
        "parcelIndex": 623,
        "district": "Malisheva",
        "centroid": [
          20.865,
          42.476
        ],
        "areaHa": 3989.74,
        "shapeType": "rectangular",
        "landUse": "fallow",
        "cropType": "pasture",
        "isFarmland": false,
        "farmScore": 45,
        "harvestHealth": 23,
        "soilQuality": 44,
        "waterAccess": 43,
        "slopeRisk": 100,
        "confidence": 1,
        "maskValues": {
          "farmland": 0.476,
          "density": 0.417,
          "health": 0.343,
          "cropType": 0.504
        },
        "noise": {
          "seed": 918273,
          "jitter": 0.122,
          "rotation": -1.75
        },
        "labels": [
          "synthetic",
          "demo",
          "non-farmland"
        ]
      },
      "geometry": {
        "type": "Polygon",
        "coordinates": [
          [
            [
              20.830000000000002,
              42.5075
            ],
            [
              20.9,
              42.5075
            ],
            [
              20.9,
              42.445
            ],
            [
              20.830000000000002,
              42.445
            ],
            [
              20.830000000000002,
              42.5075
            ]
          ]
        ]
      }
    },
    {
      "type": "Feature",
      "properties": {
        "id": "KOS-SUH-000624",
        "parcelIndex": 624,
        "district": "Suhareka",
        "centroid": [
          20.935,
          42.476
        ],
        "areaHa": 3989.74,
        "shapeType": "rectangular",
        "landUse": "forest_edge",
        "cropType": "pasture",
        "isFarmland": false,
        "farmScore": 51,
        "harvestHealth": 24,
        "soilQuality": 43,
        "waterAccess": 43,
        "slopeRisk": 100,
        "confidence": 1,
        "maskValues": {
          "farmland": 0.486,
          "density": 0.392,
          "health": 0.321,
          "cropType": 0.5
        },
        "noise": {
          "seed": 918273,
          "jitter": 0.085,
          "rotation": -2.27
        },
        "labels": [
          "synthetic",
          "demo",
          "non-farmland"
        ]
      },
      "geometry": {
        "type": "Polygon",
        "coordinates": [
          [
            [
              20.9,
              42.5075
            ],
            [
              20.97,
              42.5075
            ],
            [
              20.97,
              42.445
            ],
            [
              20.9,
              42.445
            ],
            [
              20.9,
              42.5075
            ]
          ]
        ]
      }
    },
    {
      "type": "Feature",
      "properties": {
        "id": "KOS-LPJ-000625",
        "parcelIndex": 625,
        "district": "Lipjan",
        "centroid": [
          21.005,
          42.494
        ],
        "areaHa": 1727.45,
        "shapeType": "irregular-rect",
        "landUse": "fallow",
        "cropType": "pasture",
        "isFarmland": false,
        "farmScore": 49,
        "harvestHealth": 24,
        "soilQuality": 44,
        "waterAccess": 45,
        "slopeRisk": 100,
        "confidence": 0.999,
        "maskValues": {
          "farmland": 0.492,
          "density": 0.38,
          "health": 0.346,
          "cropType": 0.483
        },
        "noise": {
          "seed": 918273,
          "jitter": 0.057,
          "rotation": 1.74
        },
        "labels": [
          "synthetic",
          "demo",
          "non-farmland"
        ]
      },
      "geometry": {
        "type": "Polygon",
        "coordinates": [
          [
            [
              20.97,
              42.5075
            ],
            [
              21.04,
              42.5075
            ],
            [
              21.04,
              42.48043161522539
            ],
            [
              20.97,
              42.48043161522539
            ],
            [
              20.97,
              42.5075
            ]
          ]
        ]
      }
    },
    {
      "type": "Feature",
      "properties": {
        "id": "KOS-LPJ-000626",
        "parcelIndex": 626,
        "district": "Lipjan",
        "centroid": [
          21.005,
          42.463
        ],
        "areaHa": 2262.3,
        "shapeType": "irregular-rect",
        "landUse": "pasture",
        "cropType": "pasture",
        "isFarmland": false,
        "farmScore": 49,
        "harvestHealth": 24,
        "soilQuality": 45,
        "waterAccess": 44,
        "slopeRisk": 100,
        "confidence": 1,
        "maskValues": {
          "farmland": 0.506,
          "density": 0.389,
          "health": 0.321,
          "cropType": 0.506
        },
        "noise": {
          "seed": 918273,
          "jitter": 0.041,
          "rotation": 4.71
        },
        "labels": [
          "synthetic",
          "demo",
          "non-farmland"
        ]
      },
      "geometry": {
        "type": "Polygon",
        "coordinates": [
          [
            [
              20.97,
              42.48043161522539
            ],
            [
              21.04,
              42.48043161522539
            ],
            [
              21.04,
              42.445
            ],
            [
              20.97,
              42.445
            ],
            [
              20.97,
              42.48043161522539
            ]
          ]
        ]
      }
    },
    {
      "type": "Feature",
      "properties": {
        "id": "KOS-LPJ-000627",
        "parcelIndex": 627,
        "district": "Lipjan",
        "centroid": [
          21.075,
          42.492
        ],
        "areaHa": 2018.37,
        "shapeType": "irregular-rect",
        "landUse": "farmland",
        "cropType": "pasture",
        "isFarmland": true,
        "farmScore": 52,
        "harvestHealth": 34,
        "soilQuality": 47,
        "waterAccess": 45,
        "slopeRisk": 100,
        "confidence": 1,
        "maskValues": {
          "farmland": 0.503,
          "density": 0.39,
          "health": 0.388,
          "cropType": 0.48
        },
        "noise": {
          "seed": 918273,
          "jitter": 0.153,
          "rotation": 1.3
        },
        "labels": [
          "synthetic",
          "demo",
          "farmland"
        ]
      },
      "geometry": {
        "type": "Polygon",
        "coordinates": [
          [
            [
              21.04,
              42.5075
            ],
            [
              21.11,
              42.5075
            ],
            [
              21.11,
              42.475874146547284
            ],
            [
              21.04,
              42.475874146547284
            ],
            [
              21.04,
              42.5075
            ]
          ]
        ]
      }
    },
    {
      "type": "Feature",
      "properties": {
        "id": "KOS-LPJ-000628",
        "parcelIndex": 628,
        "district": "Lipjan",
        "centroid": [
          21.075,
          42.46
        ],
        "areaHa": 1971.38,
        "shapeType": "irregular-rect",
        "landUse": "pasture",
        "cropType": "pasture",
        "isFarmland": false,
        "farmScore": 50,
        "harvestHealth": 27,
        "soilQuality": 47,
        "waterAccess": 45,
        "slopeRisk": 100,
        "confidence": 1,
        "maskValues": {
          "farmland": 0.526,
          "density": 0.403,
          "health": 0.36,
          "cropType": 0.509
        },
        "noise": {
          "seed": 918273,
          "jitter": 0.18,
          "rotation": -4.48
        },
        "labels": [
          "synthetic",
          "demo",
          "non-farmland"
        ]
      },
      "geometry": {
        "type": "Polygon",
        "coordinates": [
          [
            [
              21.04,
              42.475874146547284
            ],
            [
              21.11,
              42.475874146547284
            ],
            [
              21.11,
              42.445
            ],
            [
              21.04,
              42.445
            ],
            [
              21.04,
              42.475874146547284
            ]
          ]
        ]
      }
    },
    {
      "type": "Feature",
      "properties": {
        "id": "KOS-LPJ-000629",
        "parcelIndex": 629,
        "district": "Lipjan",
        "centroid": [
          21.145,
          42.494
        ],
        "areaHa": 1719.26,
        "shapeType": "irregular-rect",
        "landUse": "farmland",
        "cropType": "barley",
        "isFarmland": true,
        "farmScore": 54,
        "harvestHealth": 39,
        "soilQuality": 49,
        "waterAccess": 45,
        "slopeRisk": 99,
        "confidence": 1,
        "maskValues": {
          "farmland": 0.513,
          "density": 0.416,
          "health": 0.454,
          "cropType": 0.48
        },
        "noise": {
          "seed": 918273,
          "jitter": 0.034,
          "rotation": 3.71
        },
        "labels": [
          "synthetic",
          "demo",
          "farmland"
        ]
      },
      "geometry": {
        "type": "Polygon",
        "coordinates": [
          [
            [
              21.11,
              42.5075
            ],
            [
              21.18,
              42.5075
            ],
            [
              21.18,
              42.4805597828544
            ],
            [
              21.11,
              42.4805597828544
            ],
            [
              21.11,
              42.5075
            ]
          ]
        ]
      }
    },
    {
      "type": "Feature",
      "properties": {
        "id": "KOS-LPJ-000630",
        "parcelIndex": 630,
        "district": "Lipjan",
        "centroid": [
          21.145,
          42.463
        ],
        "areaHa": 2270.48,
        "shapeType": "irregular-rect",
        "landUse": "mixed",
        "cropType": "beans",
        "isFarmland": true,
        "farmScore": 53,
        "harvestHealth": 30,
        "soilQuality": 49,
        "waterAccess": 45,
        "slopeRisk": 96,
        "confidence": 1,
        "maskValues": {
          "farmland": 0.539,
          "density": 0.431,
          "health": 0.429,
          "cropType": 0.508
        },
        "noise": {
          "seed": 918273,
          "jitter": 0.031,
          "rotation": -0.82
        },
        "labels": [
          "synthetic",
          "demo",
          "farmland"
        ]
      },
      "geometry": {
        "type": "Polygon",
        "coordinates": [
          [
            [
              21.11,
              42.4805597828544
            ],
            [
              21.18,
              42.4805597828544
            ],
            [
              21.18,
              42.445
            ],
            [
              21.11,
              42.445
            ],
            [
              21.11,
              42.4805597828544
            ]
          ]
        ]
      }
    },
    {
      "type": "Feature",
      "properties": {
        "id": "KOS-LPJ-000631",
        "parcelIndex": 631,
        "district": "Lipjan",
        "centroid": [
          21.215,
          42.476
        ],
        "areaHa": 3989.74,
        "shapeType": "rectangular",
        "landUse": "pasture",
        "cropType": "pasture",
        "isFarmland": false,
        "farmScore": 56,
        "harvestHealth": 43,
        "soilQuality": 49,
        "waterAccess": 46,
        "slopeRisk": 87,
        "confidence": 1,
        "maskValues": {
          "farmland": 0.538,
          "density": 0.465,
          "health": 0.518,
          "cropType": 0.499
        },
        "noise": {
          "seed": 918273,
          "jitter": 0.171,
          "rotation": 3.42
        },
        "labels": [
          "synthetic",
          "demo",
          "non-farmland"
        ]
      },
      "geometry": {
        "type": "Polygon",
        "coordinates": [
          [
            [
              21.18,
              42.5075
            ],
            [
              21.25,
              42.5075
            ],
            [
              21.25,
              42.445
            ],
            [
              21.18,
              42.445
            ],
            [
              21.18,
              42.5075
            ]
          ]
        ]
      }
    },
    {
      "type": "Feature",
      "properties": {
        "id": "KOS-LPJ-000632",
        "parcelIndex": 632,
        "district": "Lipjan",
        "centroid": [
          21.285,
          42.476
        ],
        "areaHa": 3989.74,
        "shapeType": "rectangular",
        "landUse": "forest_edge",
        "cropType": "mixed",
        "isFarmland": false,
        "farmScore": 51,
        "harvestHealth": 48,
        "soilQuality": 49,
        "waterAccess": 49,
        "slopeRisk": 80,
        "confidence": 1,
        "maskValues": {
          "farmland": 0.543,
          "density": 0.512,
          "health": 0.593,
          "cropType": 0.504
        },
        "noise": {
          "seed": 918273,
          "jitter": 0.179,
          "rotation": 6.17
        },
        "labels": [
          "synthetic",
          "demo",
          "non-farmland"
        ]
      },
      "geometry": {
        "type": "Polygon",
        "coordinates": [
          [
            [
              21.25,
              42.5075
            ],
            [
              21.32,
              42.5075
            ],
            [
              21.32,
              42.445
            ],
            [
              21.25,
              42.445
            ],
            [
              21.25,
              42.5075
            ]
          ]
        ]
      }
    },
    {
      "type": "Feature",
      "properties": {
        "id": "KOS-GJN-000633",
        "parcelIndex": 633,
        "district": "Gjilan",
        "centroid": [
          21.355,
          42.476
        ],
        "areaHa": 3989.74,
        "shapeType": "rectangular",
        "landUse": "mixed",
        "cropType": "pasture",
        "isFarmland": false,
        "farmScore": 58,
        "harvestHealth": 50,
        "soilQuality": 48,
        "waterAccess": 53,
        "slopeRisk": 80,
        "confidence": 1,
        "maskValues": {
          "farmland": 0.542,
          "density": 0.558,
          "health": 0.651,
          "cropType": 0.509
        },
        "noise": {
          "seed": 918273,
          "jitter": 0.087,
          "rotation": -1.97
        },
        "labels": [
          "synthetic",
          "demo",
          "non-farmland"
        ]
      },
      "geometry": {
        "type": "Polygon",
        "coordinates": [
          [
            [
              21.32,
              42.5075
            ],
            [
              21.39,
              42.5075
            ],
            [
              21.39,
              42.445
            ],
            [
              21.32,
              42.445
            ],
            [
              21.32,
              42.5075
            ]
          ]
        ]
      }
    },
    {
      "type": "Feature",
      "properties": {
        "id": "KOS-GJN-000634",
        "parcelIndex": 634,
        "district": "Gjilan",
        "centroid": [
          21.425,
          42.476
        ],
        "areaHa": 3989.74,
        "shapeType": "rectangular",
        "landUse": "fallow",
        "cropType": "pasture",
        "isFarmland": false,
        "farmScore": 50,
        "harvestHealth": 57,
        "soilQuality": 50,
        "waterAccess": 57,
        "slopeRisk": 85,
        "confidence": 1,
        "maskValues": {
          "farmland": 0.534,
          "density": 0.595,
          "health": 0.68,
          "cropType": 0.513
        },
        "noise": {
          "seed": 918273,
          "jitter": 0.073,
          "rotation": -3.06
        },
        "labels": [
          "synthetic",
          "demo",
          "non-farmland"
        ]
      },
      "geometry": {
        "type": "Polygon",
        "coordinates": [
          [
            [
              21.39,
              42.5075
            ],
            [
              21.46,
              42.5075
            ],
            [
              21.46,
              42.445
            ],
            [
              21.39,
              42.445
            ],
            [
              21.39,
              42.5075
            ]
          ]
        ]
      }
    },
    {
      "type": "Feature",
      "properties": {
        "id": "KOS-GJN-000635",
        "parcelIndex": 635,
        "district": "Gjilan",
        "centroid": [
          21.495,
          42.491
        ],
        "areaHa": 2148.43,
        "shapeType": "irregular-rect",
        "landUse": "fallow",
        "cropType": "barley",
        "isFarmland": true,
        "farmScore": 55,
        "harvestHealth": 55,
        "soilQuality": 52,
        "waterAccess": 60,
        "slopeRisk": 90,
        "confidence": 1,
        "maskValues": {
          "farmland": 0.524,
          "density": 0.622,
          "health": 0.661,
          "cropType": 0.522
        },
        "noise": {
          "seed": 918273,
          "jitter": 0.146,
          "rotation": 2.05
        },
        "labels": [
          "synthetic",
          "demo",
          "farmland"
        ]
      },
      "geometry": {
        "type": "Polygon",
        "coordinates": [
          [
            [
              21.46,
              42.5075
            ],
            [
              21.53,
              42.5075
            ],
            [
              21.53,
              42.47383666506095
            ],
            [
              21.46,
              42.47383666506095
            ],
            [
              21.46,
              42.5075
            ]
          ]
        ]
      }
    },
    {
      "type": "Feature",
      "properties": {
        "id": "KOS-GJN-000636",
        "parcelIndex": 636,
        "district": "Gjilan",
        "centroid": [
          21.495,
          42.459
        ],
        "areaHa": 1841.31,
        "shapeType": "irregular-rect",
        "landUse": "forest_edge",
        "cropType": "pasture",
        "isFarmland": false,
        "farmScore": 48,
        "harvestHealth": 53,
        "soilQuality": 54,
        "waterAccess": 62,
        "slopeRisk": 95,
        "confidence": 1,
        "maskValues": {
          "farmland": 0.516,
          "density": 0.611,
          "health": 0.689,
          "cropType": 0.506
        },
        "noise": {
          "seed": 918273,
          "jitter": 0.032,
          "rotation": -5.76
        },
        "labels": [
          "synthetic",
          "demo",
          "non-farmland"
        ]
      },
      "geometry": {
        "type": "Polygon",
        "coordinates": [
          [
            [
              21.46,
              42.47383666506095
            ],
            [
              21.53,
              42.47383666506095
            ],
            [
              21.53,
              42.445
            ],
            [
              21.46,
              42.445
            ],
            [
              21.46,
              42.47383666506095
            ]
          ]
        ]
      }
    },
    {
      "type": "Feature",
      "properties": {
        "id": "KOS-GJN-000637",
        "parcelIndex": 637,
        "district": "Gjilan",
        "centroid": [
          21.565,
          42.494
        ],
        "areaHa": 1667.57,
        "shapeType": "irregular-rect",
        "landUse": "mixed",
        "cropType": "mixed",
        "isFarmland": false,
        "farmScore": 53,
        "harvestHealth": 48,
        "soilQuality": 55,
        "waterAccess": 61,
        "slopeRisk": 96,
        "confidence": 1,
        "maskValues": {
          "farmland": 0.512,
          "density": 0.63,
          "health": 0.617,
          "cropType": 0.525
        },
        "noise": {
          "seed": 918273,
          "jitter": 0.039,
          "rotation": 7.44
        },
        "labels": [
          "synthetic",
          "demo",
          "non-farmland"
        ]
      },
      "geometry": {
        "type": "Polygon",
        "coordinates": [
          [
            [
              21.53,
              42.5075
            ],
            [
              21.6,
              42.5075
            ],
            [
              21.6,
              42.48136959761498
            ],
            [
              21.53,
              42.48136959761498
            ],
            [
              21.53,
              42.5075
            ]
          ]
        ]
      }
    },
    {
      "type": "Feature",
      "properties": {
        "id": "KOS-GJN-000638",
        "parcelIndex": 638,
        "district": "Gjilan",
        "centroid": [
          21.565,
          42.463
        ],
        "areaHa": 2322.17,
        "shapeType": "irregular-rect",
        "landUse": "pasture",
        "cropType": "pasture",
        "isFarmland": false,
        "farmScore": 53,
        "harvestHealth": 50,
        "soilQuality": 58,
        "waterAccess": 61,
        "slopeRisk": 98,
        "confidence": 1,
        "maskValues": {
          "farmland": 0.498,
          "density": 0.615,
          "health": 0.649,
          "cropType": 0.503
        },
        "noise": {
          "seed": 918273,
          "jitter": 0.081,
          "rotation": 2.8
        },
        "labels": [
          "synthetic",
          "demo",
          "non-farmland"
        ]
      },
      "geometry": {
        "type": "Polygon",
        "coordinates": [
          [
            [
              21.53,
              42.48136959761498
            ],
            [
              21.6,
              42.48136959761498
            ],
            [
              21.6,
              42.445
            ],
            [
              21.53,
              42.445
            ],
            [
              21.53,
              42.48136959761498
            ]
          ]
        ]
      }
    },
    {
      "type": "Feature",
      "properties": {
        "id": "KOS-GJN-000639",
        "parcelIndex": 639,
        "district": "Gjilan",
        "centroid": [
          21.623,
          42.492
        ],
        "areaHa": 1298.28,
        "shapeType": "irregular-rect",
        "landUse": "forest_edge",
        "cropType": "pasture",
        "isFarmland": false,
        "farmScore": 49,
        "harvestHealth": 42,
        "soilQuality": 58,
        "waterAccess": 60,
        "slopeRisk": 99,
        "confidence": 0.956,
        "maskValues": {
          "farmland": 0.498,
          "density": 0.618,
          "health": 0.568,
          "cropType": 0.519
        },
        "noise": {
          "seed": 918273,
          "jitter": 0.122,
          "rotation": -0.79
        },
        "labels": [
          "synthetic",
          "demo",
          "non-farmland"
        ]
      },
      "geometry": {
        "type": "Polygon",
        "coordinates": [
          [
            [
              21.6,
              42.5075
            ],
            [
              21.64003125,
              42.5075
            ],
            [
              21.65337138957603,
              42.477008252397646
            ],
            [
              21.6,
              42.477008252397646
            ],
            [
              21.6,
              42.5075
            ]
          ]
        ]
      }
    },
    {
      "type": "Feature",
      "properties": {
        "id": "KOS-GJN-000640",
        "parcelIndex": 640,
        "district": "Gjilan",
        "centroid": [
          21.63,
          42.461
        ],
        "areaHa": 1762.7,
        "shapeType": "irregular-rect",
        "landUse": "mixed",
        "cropType": "pasture",
        "isFarmland": true,
        "farmScore": 46,
        "harvestHealth": 50,
        "soilQuality": 59,
        "waterAccess": 59,
        "slopeRisk": 97,
        "confidence": 0.991,
        "maskValues": {
          "farmland": 0.477,
          "density": 0.6,
          "health": 0.591,
          "cropType": 0.495
        },
        "noise": {
          "seed": 918273,
          "jitter": 0.157,
          "rotation": -5.09
        },
        "labels": [
          "synthetic",
          "demo",
          "farmland"
        ]
      },
      "geometry": {
        "type": "Polygon",
        "coordinates": [
          [
            [
              21.6,
              42.477008252397646
            ],
            [
              21.65337138957603,
              42.477008252397646
            ],
            [
              21.667375,
              42.445
            ],
            [
              21.6,
              42.445
            ],
            [
              21.6,
              42.477008252397646
            ]
          ]
        ]
      }
    },
    {
      "type": "Feature",
      "properties": {
        "id": "KOS-PEJ-000649",
        "parcelIndex": 649,
        "district": "Peja",
        "centroid": [
          20.055,
          42.429
        ],
        "areaHa": 303.94,
        "shapeType": "irregular-rect",
        "landUse": "farmland",
        "cropType": "vineyard",
        "isFarmland": true,
        "farmScore": 52,
        "harvestHealth": 25,
        "soilQuality": 49,
        "waterAccess": 44,
        "slopeRisk": 93,
        "confidence": 0.899,
        "maskValues": {
          "farmland": 0.593,
          "density": 0.439,
          "health": 0.365,
          "cropType": 0.567
        },
        "noise": {
          "seed": 918273,
          "jitter": 0.155,
          "rotation": -0.07
        },
        "labels": [
          "synthetic",
          "demo",
          "farmland"
        ]
      },
      "geometry": {
        "type": "Polygon",
        "coordinates": [
          [
            [
              20.044352941176474,
              42.445
            ],
            [
              20.060000000000002,
              42.445
            ],
            [
              20.060000000000002,
              42.41280428099155
            ],
            [
              20.05495858979102,
              42.41280428099155
            ],
            [
              20.044352941176474,
              42.445
            ]
          ]
        ]
      }
    },
    {
      "type": "Feature",
      "properties": {
        "id": "KOS-PEJ-000650",
        "parcelIndex": 650,
        "district": "Peja",
        "centroid": [
          20.058,
          42.408
        ],
        "areaHa": 35.22,
        "shapeType": "irregular-rect",
        "landUse": "pasture",
        "cropType": "pasture",
        "isFarmland": false,
        "farmScore": 62,
        "harvestHealth": 33,
        "soilQuality": 49,
        "waterAccess": 43,
        "slopeRisk": 89,
        "confidence": 0.832,
        "maskValues": {
          "farmland": 0.612,
          "density": 0.446,
          "health": 0.365,
          "cropType": 0.592
        },
        "noise": {
          "seed": 918273,
          "jitter": 0.142,
          "rotation": 3.17
        },
        "labels": [
          "synthetic",
          "demo",
          "non-farmland"
        ]
      },
      "geometry": {
        "type": "Polygon",
        "coordinates": [
          [
            [
              20.05495858979102,
              42.41280428099155
            ],
            [
              20.060000000000002,
              42.41280428099155
            ],
            [
              20.060000000000002,
              42.3975
            ],
            [
              20.05495858979102,
              42.41280428099155
            ]
          ]
        ]
      }
    },
    {
      "type": "Feature",
      "properties": {
        "id": "KOS-PEJ-000651",
        "parcelIndex": 651,
        "district": "Peja",
        "centroid": [
          20.089,
          42.411
        ],
        "areaHa": 3959.88,
        "shapeType": "rectangular",
        "landUse": "vineyard",
        "cropType": "beans",
        "isFarmland": true,
        "farmScore": 62,
        "harvestHealth": 37,
        "soilQuality": 48,
        "waterAccess": 45,
        "slopeRisk": 87,
        "confidence": 1,
        "maskValues": {
          "farmland": 0.614,
          "density": 0.467,
          "health": 0.389,
          "cropType": 0.583
        },
        "noise": {
          "seed": 918273,
          "jitter": 0.122,
          "rotation": -3.1
        },
        "labels": [
          "synthetic",
          "demo",
          "farmland"
        ]
      },
      "geometry": {
        "type": "Polygon",
        "coordinates": [
          [
            [
              20.060000000000002,
              42.445
            ],
            [
              20.130000000000003,
              42.445
            ],
            [
              20.130000000000003,
              42.3825
            ],
            [
              20.06494117647059,
              42.3825
            ],
            [
              20.060000000000002,
              42.3975
            ],
            [
              20.060000000000002,
              42.445
            ]
          ]
        ]
      }
    },
    {
      "type": "Feature",
      "properties": {
        "id": "KOS-GJK-000652",
        "parcelIndex": 652,
        "district": "Gjakova",
        "centroid": [
          20.165,
          42.414
        ],
        "areaHa": 3993.73,
        "shapeType": "rectangular",
        "landUse": "farmland",
        "cropType": "corn",
        "isFarmland": true,
        "farmScore": 55,
        "harvestHealth": 41,
        "soilQuality": 45,
        "waterAccess": 50,
        "slopeRisk": 87,
        "confidence": 0.995,
        "maskValues": {
          "farmland": 0.606,
          "density": 0.522,
          "health": 0.464,
          "cropType": 0.554
        },
        "noise": {
          "seed": 918273,
          "jitter": 0.078,
          "rotation": 5.94
        },
        "labels": [
          "synthetic",
          "demo",
          "farmland"
        ]
      },
      "geometry": {
        "type": "Polygon",
        "coordinates": [
          [
            [
              20.130000000000003,
              42.445
            ],
            [
              20.200000000000003,
              42.445
            ],
            [
              20.200000000000003,
              42.3825
            ],
            [
              20.130000000000003,
              42.3825
            ],
            [
              20.130000000000003,
              42.445
            ]
          ]
        ]
      }
    },
    {
      "type": "Feature",
      "properties": {
        "id": "KOS-GJK-000653",
        "parcelIndex": 653,
        "district": "Gjakova",
        "centroid": [
          20.235,
          42.414
        ],
        "areaHa": 3993.73,
        "shapeType": "rectangular",
        "landUse": "farmland",
        "cropType": "pasture",
        "isFarmland": true,
        "farmScore": 55,
        "harvestHealth": 48,
        "soilQuality": 44,
        "waterAccess": 55,
        "slopeRisk": 91,
        "confidence": 1,
        "maskValues": {
          "farmland": 0.583,
          "density": 0.566,
          "health": 0.542,
          "cropType": 0.523
        },
        "noise": {
          "seed": 918273,
          "jitter": 0.028,
          "rotation": -2.44
        },
        "labels": [
          "synthetic",
          "demo",
          "farmland"
        ]
      },
      "geometry": {
        "type": "Polygon",
        "coordinates": [
          [
            [
              20.200000000000003,
              42.445
            ],
            [
              20.27,
              42.445
            ],
            [
              20.27,
              42.3825
            ],
            [
              20.200000000000003,
              42.3825
            ],
            [
              20.200000000000003,
              42.445
            ]
          ]
        ]
      }
    },
    {
      "type": "Feature",
      "properties": {
        "id": "KOS-GJK-000654",
        "parcelIndex": 654,
        "district": "Gjakova",
        "centroid": [
          20.305,
          42.429
        ],
        "areaHa": 2003.87,
        "shapeType": "irregular-rect",
        "landUse": "fallow",
        "cropType": "pasture",
        "isFarmland": false,
        "farmScore": 54,
        "harvestHealth": 51,
        "soilQuality": 46,
        "waterAccess": 59,
        "slopeRisk": 95,
        "confidence": 0.995,
        "maskValues": {
          "farmland": 0.538,
          "density": 0.596,
          "health": 0.617,
          "cropType": 0.485
        },
        "noise": {
          "seed": 918273,
          "jitter": 0.038,
          "rotation": -5.97
        },
        "labels": [
          "synthetic",
          "demo",
          "non-farmland"
        ]
      },
      "geometry": {
        "type": "Polygon",
        "coordinates": [
          [
            [
              20.27,
              42.445
            ],
            [
              20.34,
              42.445
            ],
            [
              20.34,
              42.413632563060965
            ],
            [
              20.27,
              42.413632563060965
            ],
            [
              20.27,
              42.445
            ]
          ]
        ]
      }
    },
    {
      "type": "Feature",
      "properties": {
        "id": "KOS-GJK-000655",
        "parcelIndex": 655,
        "district": "Gjakova",
        "centroid": [
          20.305,
          42.398
        ],
        "areaHa": 1989.86,
        "shapeType": "irregular-rect",
        "landUse": "vineyard",
        "cropType": "corn",
        "isFarmland": true,
        "farmScore": 52,
        "harvestHealth": 47,
        "soilQuality": 47,
        "waterAccess": 61,
        "slopeRisk": 100,
        "confidence": 1,
        "maskValues": {
          "farmland": 0.557,
          "density": 0.598,
          "health": 0.609,
          "cropType": 0.496
        },
        "noise": {
          "seed": 918273,
          "jitter": 0.076,
          "rotation": -5.94
        },
        "labels": [
          "synthetic",
          "demo",
          "farmland"
        ]
      },
      "geometry": {
        "type": "Polygon",
        "coordinates": [
          [
            [
              20.27,
              42.413632563060965
            ],
            [
              20.34,
              42.413632563060965
            ],
            [
              20.34,
              42.3825
            ],
            [
              20.27,
              42.3825
            ],
            [
              20.27,
              42.413632563060965
            ]
          ]
        ]
      }
    },
    {
      "type": "Feature",
      "properties": {
        "id": "KOS-GJK-000656",
        "parcelIndex": 656,
        "district": "Gjakova",
        "centroid": [
          20.375,
          42.428
        ],
        "areaHa": 2141.31,
        "shapeType": "irregular-rect",
        "landUse": "pasture",
        "cropType": "mixed",
        "isFarmland": false,
        "farmScore": 47,
        "harvestHealth": 52,
        "soilQuality": 50,
        "waterAccess": 63,
        "slopeRisk": 100,
        "confidence": 0.999,
        "maskValues": {
          "farmland": 0.503,
          "density": 0.613,
          "health": 0.667,
          "cropType": 0.464
        },
        "noise": {
          "seed": 918273,
          "jitter": 0.021,
          "rotation": 1.37
        },
        "labels": [
          "synthetic",
          "demo",
          "non-farmland"
        ]
      },
      "geometry": {
        "type": "Polygon",
        "coordinates": [
          [
            [
              20.34,
              42.445
            ],
            [
              20.41,
              42.445
            ],
            [
              20.41,
              42.41148178723699
            ],
            [
              20.34,
              42.41148178723699
            ],
            [
              20.34,
              42.445
            ]
          ]
        ]
      }
    },
    {
      "type": "Feature",
      "properties": {
        "id": "KOS-GJK-000657",
        "parcelIndex": 657,
        "district": "Gjakova",
        "centroid": [
          20.375,
          42.397
        ],
        "areaHa": 1852.42,
        "shapeType": "irregular-rect",
        "landUse": "vineyard",
        "cropType": "corn",
        "isFarmland": true,
        "farmScore": 56,
        "harvestHealth": 44,
        "soilQuality": 52,
        "waterAccess": 64,
        "slopeRisk": 100,
        "confidence": 1,
        "maskValues": {
          "farmland": 0.51,
          "density": 0.611,
          "health": 0.661,
          "cropType": 0.46
        },
        "noise": {
          "seed": 918273,
          "jitter": 0.064,
          "rotation": 5.87
        },
        "labels": [
          "synthetic",
          "demo",
          "farmland"
        ]
      },
      "geometry": {
        "type": "Polygon",
        "coordinates": [
          [
            [
              20.34,
              42.41148178723699
            ],
            [
              20.41,
              42.41148178723699
            ],
            [
              20.41,
              42.3825
            ],
            [
              20.34,
              42.3825
            ],
            [
              20.34,
              42.41148178723699
            ]
          ]
        ]
      }
    },
    {
      "type": "Feature",
      "properties": {
        "id": "KOS-GJK-000658",
        "parcelIndex": 658,
        "district": "Gjakova",
        "centroid": [
          20.445,
          42.428
        ],
        "areaHa": 2143.4,
        "shapeType": "irregular-rect",
        "landUse": "fallow",
        "cropType": "fallow",
        "isFarmland": false,
        "farmScore": 48,
        "harvestHealth": 47,
        "soilQuality": 56,
        "waterAccess": 63,
        "slopeRisk": 100,
        "confidence": 1,
        "maskValues": {
          "farmland": 0.47,
          "density": 0.61,
          "health": 0.687,
          "cropType": 0.452
        },
        "noise": {
          "seed": 918273,
          "jitter": 0.088,
          "rotation": -1.29
        },
        "labels": [
          "synthetic",
          "demo",
          "non-farmland"
        ]
      },
      "geometry": {
        "type": "Polygon",
        "coordinates": [
          [
            [
              20.41,
              42.445
            ],
            [
              20.48,
              42.445
            ],
            [
              20.48,
              42.41144903994748
            ],
            [
              20.41,
              42.41144903994748
            ],
            [
              20.41,
              42.445
            ]
          ]
        ]
      }
    },
    {
      "type": "Feature",
      "properties": {
        "id": "KOS-GJK-000659",
        "parcelIndex": 659,
        "district": "Gjakova",
        "centroid": [
          20.445,
          42.397
        ],
        "areaHa": 1850.33,
        "shapeType": "irregular-rect",
        "landUse": "fallow",
        "cropType": "pasture",
        "isFarmland": false,
        "farmScore": 51,
        "harvestHealth": 47,
        "soilQuality": 56,
        "waterAccess": 64,
        "slopeRisk": 100,
        "confidence": 1,
        "maskValues": {
          "farmland": 0.463,
          "density": 0.605,
          "health": 0.685,
          "cropType": 0.432
        },
        "noise": {
          "seed": 918273,
          "jitter": 0.168,
          "rotation": 4.15
        },
        "labels": [
          "synthetic",
          "demo",
          "non-farmland"
        ]
      },
      "geometry": {
        "type": "Polygon",
        "coordinates": [
          [
            [
              20.41,
              42.41144903994748
            ],
            [
              20.48,
              42.41144903994748
            ],
            [
              20.48,
              42.3825
            ],
            [
              20.41,
              42.3825
            ],
            [
              20.41,
              42.41144903994748
            ]
          ]
        ]
      }
    },
    {
      "type": "Feature",
      "properties": {
        "id": "KOS-GJK-000660",
        "parcelIndex": 660,
        "district": "Gjakova",
        "centroid": [
          20.515,
          42.431
        ],
        "areaHa": 1747.56,
        "shapeType": "irregular-rect",
        "landUse": "fallow",
        "cropType": "mixed",
        "isFarmland": false,
        "farmScore": 50,
        "harvestHealth": 54,
        "soilQuality": 59,
        "waterAccess": 60,
        "slopeRisk": 99,
        "confidence": 1,
        "maskValues": {
          "farmland": 0.445,
          "density": 0.591,
          "health": 0.67,
          "cropType": 0.452
        },
        "noise": {
          "seed": 918273,
          "jitter": 0.034,
          "rotation": -5.51
        },
        "labels": [
          "synthetic",
          "demo",
          "non-farmland"
        ]
      },
      "geometry": {
        "type": "Polygon",
        "coordinates": [
          [
            [
              20.48,
              42.445
            ],
            [
              20.55,
              42.445
            ],
            [
              20.55,
              42.41764378195687
            ],
            [
              20.48,
              42.41764378195687
            ],
            [
              20.48,
              42.445
            ]
          ]
        ]
      }
    },
    {
      "type": "Feature",
      "properties": {
        "id": "KOS-GJK-000661",
        "parcelIndex": 661,
        "district": "Gjakova",
        "centroid": [
          20.515,
          42.4
        ],
        "areaHa": 2246.16,
        "shapeType": "irregular-rect",
        "landUse": "orchard",
        "cropType": "vineyard",
        "isFarmland": true,
        "farmScore": 41,
        "harvestHealth": 54,
        "soilQuality": 59,
        "waterAccess": 60,
        "slopeRisk": 100,
        "confidence": 1,
        "maskValues": {
          "farmland": 0.426,
          "density": 0.583,
          "health": 0.675,
          "cropType": 0.421
        },
        "noise": {
          "seed": 918273,
          "jitter": 0.06,
          "rotation": 0.09
        },
        "labels": [
          "synthetic",
          "demo",
          "farmland"
        ]
      },
      "geometry": {
        "type": "Polygon",
        "coordinates": [
          [
            [
              20.48,
              42.41764378195687
            ],
            [
              20.55,
              42.41764378195687
            ],
            [
              20.55,
              42.3825
            ],
            [
              20.48,
              42.3825
            ],
            [
              20.48,
              42.41764378195687
            ]
          ]
        ]
      }
    },
    {
      "type": "Feature",
      "properties": {
        "id": "KOS-RAH-000662",
        "parcelIndex": 662,
        "district": "Rahovec",
        "centroid": [
          20.585,
          42.43
        ],
        "areaHa": 1924.96,
        "shapeType": "irregular-rect",
        "landUse": "pasture",
        "cropType": "fallow",
        "isFarmland": false,
        "farmScore": 49,
        "harvestHealth": 43,
        "soilQuality": 59,
        "waterAccess": 55,
        "slopeRisk": 93,
        "confidence": 0.998,
        "maskValues": {
          "farmland": 0.429,
          "density": 0.558,
          "health": 0.624,
          "cropType": 0.456
        },
        "noise": {
          "seed": 918273,
          "jitter": 0.044,
          "rotation": -4.17
        },
        "labels": [
          "synthetic",
          "demo",
          "non-farmland"
        ]
      },
      "geometry": {
        "type": "Polygon",
        "coordinates": [
          [
            [
              20.55,
              42.445
            ],
            [
              20.62,
              42.445
            ],
            [
              20.62,
              42.41486752076773
            ],
            [
              20.55,
              42.41486752076773
            ],
            [
              20.55,
              42.445
            ]
          ]
        ]
      }
    },
    {
      "type": "Feature",
      "properties": {
        "id": "KOS-RAH-000663",
        "parcelIndex": 663,
        "district": "Rahovec",
        "centroid": [
          20.585,
          42.399
        ],
        "areaHa": 2068.77,
        "shapeType": "irregular-rect",
        "landUse": "fallow",
        "cropType": "fallow",
        "isFarmland": false,
        "farmScore": 40,
        "harvestHealth": 52,
        "soilQuality": 58,
        "waterAccess": 53,
        "slopeRisk": 93,
        "confidence": 1,
        "maskValues": {
          "farmland": 0.402,
          "density": 0.548,
          "health": 0.633,
          "cropType": 0.42
        },
        "noise": {
          "seed": 918273,
          "jitter": 0.131,
          "rotation": -4.74
        },
        "labels": [
          "synthetic",
          "demo",
          "non-farmland"
        ]
      },
      "geometry": {
        "type": "Polygon",
        "coordinates": [
          [
            [
              20.55,
              42.41486752076773
            ],
            [
              20.62,
              42.41486752076773
            ],
            [
              20.62,
              42.3825
            ],
            [
              20.55,
              42.3825
            ],
            [
              20.55,
              42.41486752076773
            ]
          ]
        ]
      }
    },
    {
      "type": "Feature",
      "properties": {
        "id": "KOS-RAH-000664",
        "parcelIndex": 664,
        "district": "Rahovec",
        "centroid": [
          20.655,
          42.432
        ],
        "areaHa": 1605.6,
        "shapeType": "irregular-rect",
        "landUse": "mixed",
        "cropType": "potato",
        "isFarmland": true,
        "farmScore": 44,
        "harvestHealth": 45,
        "soilQuality": 56,
        "waterAccess": 49,
        "slopeRisk": 88,
        "confidence": 1,
        "maskValues": {
          "farmland": 0.427,
          "density": 0.518,
          "health": 0.552,
          "cropType": 0.47
        },
        "noise": {
          "seed": 918273,
          "jitter": 0.021,
          "rotation": 3.85
        },
        "labels": [
          "synthetic",
          "demo",
          "farmland"
        ]
      },
      "geometry": {
        "type": "Polygon",
        "coordinates": [
          [
            [
              20.62,
              42.445
            ],
            [
              20.69,
              42.445
            ],
            [
              20.69,
              42.41986566058069
            ],
            [
              20.62,
              42.41986566058069
            ],
            [
              20.62,
              42.445
            ]
          ]
        ]
      }
    },
    {
      "type": "Feature",
      "properties": {
        "id": "KOS-RAH-000665",
        "parcelIndex": 665,
        "district": "Rahovec",
        "centroid": [
          20.655,
          42.401
        ],
        "areaHa": 2388.13,
        "shapeType": "rectangular",
        "landUse": "vineyard",
        "cropType": "orchard",
        "isFarmland": true,
        "farmScore": 41,
        "harvestHealth": 45,
        "soilQuality": 54,
        "waterAccess": 48,
        "slopeRisk": 87,
        "confidence": 1,
        "maskValues": {
          "farmland": 0.397,
          "density": 0.506,
          "health": 0.565,
          "cropType": 0.435
        },
        "noise": {
          "seed": 918273,
          "jitter": 0.058,
          "rotation": -6.43
        },
        "labels": [
          "synthetic",
          "demo",
          "farmland"
        ]
      },
      "geometry": {
        "type": "Polygon",
        "coordinates": [
          [
            [
              20.62,
              42.41986566058069
            ],
            [
              20.69,
              42.41986566058069
            ],
            [
              20.69,
              42.3825
            ],
            [
              20.62,
              42.3825
            ],
            [
              20.62,
              42.41986566058069
            ]
          ]
        ]
      }
    },
    {
      "type": "Feature",
      "properties": {
        "id": "KOS-MLS-000666",
        "parcelIndex": 666,
        "district": "Malisheva",
        "centroid": [
          20.725,
          42.414
        ],
        "areaHa": 3993.73,
        "shapeType": "rectangular",
        "landUse": "forest_edge",
        "cropType": "fallow",
        "isFarmland": false,
        "farmScore": 43,
        "harvestHealth": 37,
        "soilQuality": 50,
        "waterAccess": 43,
        "slopeRisk": 87,
        "confidence": 1,
        "maskValues": {
          "farmland": 0.417,
          "density": 0.468,
          "health": 0.479,
          "cropType": 0.468
        },
        "noise": {
          "seed": 918273,
          "jitter": 0.089,
          "rotation": 0.49
        },
        "labels": [
          "synthetic",
          "demo",
          "non-farmland"
        ]
      },
      "geometry": {
        "type": "Polygon",
        "coordinates": [
          [
            [
              20.69,
              42.445
            ],
            [
              20.76,
              42.445
            ],
            [
              20.76,
              42.3825
            ],
            [
              20.69,
              42.3825
            ],
            [
              20.69,
              42.445
            ]
          ]
        ]
      }
    },
    {
      "type": "Feature",
      "properties": {
        "id": "KOS-SUH-000667",
        "parcelIndex": 667,
        "district": "Suhareka",
        "centroid": [
          20.795,
          42.414
        ],
        "areaHa": 3993.73,
        "shapeType": "rectangular",
        "landUse": "orchard",
        "cropType": "potato",
        "isFarmland": true,
        "farmScore": 48,
        "harvestHealth": 32,
        "soilQuality": 46,
        "waterAccess": 41,
        "slopeRisk": 92,
        "confidence": 1,
        "maskValues": {
          "farmland": 0.438,
          "density": 0.432,
          "health": 0.4,
          "cropType": 0.49
        },
        "noise": {
          "seed": 918273,
          "jitter": 0.12,
          "rotation": 3.06
        },
        "labels": [
          "synthetic",
          "demo",
          "farmland"
        ]
      },
      "geometry": {
        "type": "Polygon",
        "coordinates": [
          [
            [
              20.76,
              42.445
            ],
            [
              20.830000000000002,
              42.445
            ],
            [
              20.830000000000002,
              42.3825
            ],
            [
              20.76,
              42.3825
            ],
            [
              20.76,
              42.445
            ]
          ]
        ]
      }
    },
    {
      "type": "Feature",
      "properties": {
        "id": "KOS-SUH-000668",
        "parcelIndex": 668,
        "district": "Suhareka",
        "centroid": [
          20.865,
          42.414
        ],
        "areaHa": 3993.73,
        "shapeType": "rectangular",
        "landUse": "forest_edge",
        "cropType": "fallow",
        "isFarmland": false,
        "farmScore": 44,
        "harvestHealth": 25,
        "soilQuality": 44,
        "waterAccess": 41,
        "slopeRisk": 99,
        "confidence": 0.994,
        "maskValues": {
          "farmland": 0.468,
          "density": 0.407,
          "health": 0.338,
          "cropType": 0.512
        },
        "noise": {
          "seed": 918273,
          "jitter": 0.112,
          "rotation": -4.99
        },
        "labels": [
          "synthetic",
          "demo",
          "non-farmland"
        ]
      },
      "geometry": {
        "type": "Polygon",
        "coordinates": [
          [
            [
              20.830000000000002,
              42.445
            ],
            [
              20.9,
              42.445
            ],
            [
              20.9,
              42.3825
            ],
            [
              20.830000000000002,
              42.3825
            ],
            [
              20.830000000000002,
              42.445
            ]
          ]
        ]
      }
    },
    {
      "type": "Feature",
      "properties": {
        "id": "KOS-SUH-000669",
        "parcelIndex": 669,
        "district": "Suhareka",
        "centroid": [
          20.935,
          42.414
        ],
        "areaHa": 3993.73,
        "shapeType": "rectangular",
        "landUse": "pasture",
        "cropType": "pasture",
        "isFarmland": false,
        "farmScore": 52,
        "harvestHealth": 22,
        "soilQuality": 45,
        "waterAccess": 42,
        "slopeRisk": 100,
        "confidence": 1,
        "maskValues": {
          "farmland": 0.502,
          "density": 0.398,
          "health": 0.304,
          "cropType": 0.531
        },
        "noise": {
          "seed": 918273,
          "jitter": 0.132,
          "rotation": -2.83
        },
        "labels": [
          "synthetic",
          "demo",
          "non-farmland"
        ]
      },
      "geometry": {
        "type": "Polygon",
        "coordinates": [
          [
            [
              20.9,
              42.445
            ],
            [
              20.97,
              42.445
            ],
            [
              20.97,
              42.3825
            ],
            [
              20.9,
              42.3825
            ],
            [
              20.9,
              42.445
            ]
          ]
        ]
      }
    },
    {
      "type": "Feature",
      "properties": {
        "id": "KOS-FRZ-000670",
        "parcelIndex": 670,
        "district": "Ferizaj",
        "centroid": [
          21.005,
          42.414
        ],
        "areaHa": 3993.73,
        "shapeType": "rectangular",
        "landUse": "farmland",
        "cropType": "barley",
        "isFarmland": true,
        "farmScore": 55,
        "harvestHealth": 22,
        "soilQuality": 47,
        "waterAccess": 43,
        "slopeRisk": 100,
        "confidence": 1,
        "maskValues": {
          "farmland": 0.535,
          "density": 0.405,
          "health": 0.306,
          "cropType": 0.545
        },
        "noise": {
          "seed": 918273,
          "jitter": 0.12,
          "rotation": -2.37
        },
        "labels": [
          "synthetic",
          "demo",
          "farmland"
        ]
      },
      "geometry": {
        "type": "Polygon",
        "coordinates": [
          [
            [
              20.97,
              42.445
            ],
            [
              21.04,
              42.445
            ],
            [
              21.04,
              42.3825
            ],
            [
              20.97,
              42.3825
            ],
            [
              20.97,
              42.445
            ]
          ]
        ]
      }
    },
    {
      "type": "Feature",
      "properties": {
        "id": "KOS-FRZ-000671",
        "parcelIndex": 671,
        "district": "Ferizaj",
        "centroid": [
          21.075,
          42.428
        ],
        "areaHa": 2191.9,
        "shapeType": "irregular-rect",
        "landUse": "orchard",
        "cropType": "wheat",
        "isFarmland": true,
        "farmScore": 54,
        "harvestHealth": 27,
        "soilQuality": 48,
        "waterAccess": 44,
        "slopeRisk": 100,
        "confidence": 1,
        "maskValues": {
          "farmland": 0.551,
          "density": 0.421,
          "health": 0.351,
          "cropType": 0.536
        },
        "noise": {
          "seed": 918273,
          "jitter": 0.107,
          "rotation": 0.48
        },
        "labels": [
          "synthetic",
          "demo",
          "farmland"
        ]
      },
      "geometry": {
        "type": "Polygon",
        "coordinates": [
          [
            [
              21.04,
              42.445
            ],
            [
              21.11,
              42.445
            ],
            [
              21.11,
              42.4106901080336
            ],
            [
              21.04,
              42.4106901080336
            ],
            [
              21.04,
              42.445
            ]
          ]
        ]
      }
    },
    {
      "type": "Feature",
      "properties": {
        "id": "KOS-FRZ-000672",
        "parcelIndex": 672,
        "district": "Ferizaj",
        "centroid": [
          21.075,
          42.397
        ],
        "areaHa": 1801.83,
        "shapeType": "irregular-rect",
        "landUse": "forest_edge",
        "cropType": "mixed",
        "isFarmland": false,
        "farmScore": 54,
        "harvestHealth": 32,
        "soilQuality": 49,
        "waterAccess": 44,
        "slopeRisk": 95,
        "confidence": 1,
        "maskValues": {
          "farmland": 0.574,
          "density": 0.437,
          "health": 0.339,
          "cropType": 0.569
        },
        "noise": {
          "seed": 918273,
          "jitter": 0.075,
          "rotation": -4.2
        },
        "labels": [
          "synthetic",
          "demo",
          "non-farmland"
        ]
      },
      "geometry": {
        "type": "Polygon",
        "coordinates": [
          [
            [
              21.04,
              42.4106901080336
            ],
            [
              21.11,
              42.4106901080336
            ],
            [
              21.11,
              42.3825
            ],
            [
              21.04,
              42.3825
            ],
            [
              21.04,
              42.4106901080336
            ]
          ]
        ]
      }
    },
    {
      "type": "Feature",
      "properties": {
        "id": "KOS-FRZ-000673",
        "parcelIndex": 673,
        "district": "Ferizaj",
        "centroid": [
          21.145,
          42.414
        ],
        "areaHa": 3993.73,
        "shapeType": "rectangular",
        "landUse": "forest_edge",
        "cropType": "fallow",
        "isFarmland": false,
        "farmScore": 60,
        "harvestHealth": 35,
        "soilQuality": 49,
        "waterAccess": 46,
        "slopeRisk": 91,
        "confidence": 1,
        "maskValues": {
          "farmland": 0.578,
          "density": 0.461,
          "health": 0.413,
          "cropType": 0.549
        },
        "noise": {
          "seed": 918273,
          "jitter": 0.155,
          "rotation": 4.38
        },
        "labels": [
          "synthetic",
          "demo",
          "non-farmland"
        ]
      },
      "geometry": {
        "type": "Polygon",
        "coordinates": [
          [
            [
              21.11,
              42.445
            ],
            [
              21.18,
              42.445
            ],
            [
              21.18,
              42.3825
            ],
            [
              21.11,
              42.3825
            ],
            [
              21.11,
              42.445
            ]
          ]
        ]
      }
    },
    {
      "type": "Feature",
      "properties": {
        "id": "KOS-FRZ-000674",
        "parcelIndex": 674,
        "district": "Ferizaj",
        "centroid": [
          21.215,
          42.414
        ],
        "areaHa": 3993.73,
        "shapeType": "rectangular",
        "landUse": "farmland",
        "cropType": "vineyard",
        "isFarmland": true,
        "farmScore": 52,
        "harvestHealth": 42,
        "soilQuality": 48,
        "waterAccess": 48,
        "slopeRisk": 86,
        "confidence": 1,
        "maskValues": {
          "farmland": 0.581,
          "density": 0.499,
          "health": 0.499,
          "cropType": 0.54
        },
        "noise": {
          "seed": 918273,
          "jitter": 0.048,
          "rotation": -1.51
        },
        "labels": [
          "synthetic",
          "demo",
          "farmland"
        ]
      },
      "geometry": {
        "type": "Polygon",
        "coordinates": [
          [
            [
              21.18,
              42.445
            ],
            [
              21.25,
              42.445
            ],
            [
              21.25,
              42.3825
            ],
            [
              21.18,
              42.3825
            ],
            [
              21.18,
              42.445
            ]
          ]
        ]
      }
    },
    {
      "type": "Feature",
      "properties": {
        "id": "KOS-FRZ-000675",
        "parcelIndex": 675,
        "district": "Ferizaj",
        "centroid": [
          21.285,
          42.414
        ],
        "areaHa": 3993.73,
        "shapeType": "rectangular",
        "landUse": "vineyard",
        "cropType": "orchard",
        "isFarmland": true,
        "farmScore": 57,
        "harvestHealth": 43,
        "soilQuality": 47,
        "waterAccess": 53,
        "slopeRisk": 87,
        "confidence": 1,
        "maskValues": {
          "farmland": 0.571,
          "density": 0.536,
          "health": 0.586,
          "cropType": 0.525
        },
        "noise": {
          "seed": 918273,
          "jitter": 0.146,
          "rotation": -1.41
        },
        "labels": [
          "synthetic",
          "demo",
          "farmland"
        ]
      },
      "geometry": {
        "type": "Polygon",
        "coordinates": [
          [
            [
              21.25,
              42.445
            ],
            [
              21.32,
              42.445
            ],
            [
              21.32,
              42.3825
            ],
            [
              21.25,
              42.3825
            ],
            [
              21.25,
              42.445
            ]
          ]
        ]
      }
    },
    {
      "type": "Feature",
      "properties": {
        "id": "KOS-GJN-000676",
        "parcelIndex": 676,
        "district": "Gjilan",
        "centroid": [
          21.355,
          42.414
        ],
        "areaHa": 3993.73,
        "shapeType": "rectangular",
        "landUse": "fallow",
        "cropType": "pasture",
        "isFarmland": false,
        "farmScore": 55,
        "harvestHealth": 48,
        "soilQuality": 49,
        "waterAccess": 58,
        "slopeRisk": 92,
        "confidence": 1,
        "maskValues": {
          "farmland": 0.552,
          "density": 0.567,
          "health": 0.657,
          "cropType": 0.509
        },
        "noise": {
          "seed": 918273,
          "jitter": 0.023,
          "rotation": 6.75
        },
        "labels": [
          "synthetic",
          "demo",
          "non-farmland"
        ]
      },
      "geometry": {
        "type": "Polygon",
        "coordinates": [
          [
            [
              21.32,
              42.445
            ],
            [
              21.39,
              42.445
            ],
            [
              21.39,
              42.3825
            ],
            [
              21.32,
              42.3825
            ],
            [
              21.32,
              42.445
            ]
          ]
        ]
      }
    },
    {
      "type": "Feature",
      "properties": {
        "id": "KOS-GJN-000677",
        "parcelIndex": 677,
        "district": "Gjilan",
        "centroid": [
          21.425,
          42.43
        ],
        "areaHa": 1920.89,
        "shapeType": "irregular-rect",
        "landUse": "orchard",
        "cropType": "beans",
        "isFarmland": true,
        "farmScore": 49,
        "harvestHealth": 55,
        "soilQuality": 51,
        "waterAccess": 61,
        "slopeRisk": 94,
        "confidence": 1,
        "maskValues": {
          "farmland": 0.526,
          "density": 0.591,
          "health": 0.698,
          "cropType": 0.498
        },
        "noise": {
          "seed": 918273,
          "jitter": 0.133,
          "rotation": -4.82
        },
        "labels": [
          "synthetic",
          "demo",
          "farmland"
        ]
      },
      "geometry": {
        "type": "Polygon",
        "coordinates": [
          [
            [
              21.39,
              42.445
            ],
            [
              21.46,
              42.445
            ],
            [
              21.46,
              42.414931204608294
            ],
            [
              21.39,
              42.414931204608294
            ],
            [
              21.39,
              42.445
            ]
          ]
        ]
      }
    },
    {
      "type": "Feature",
      "properties": {
        "id": "KOS-GJN-000678",
        "parcelIndex": 678,
        "district": "Gjilan",
        "centroid": [
          21.425,
          42.399
        ],
        "areaHa": 2072.84,
        "shapeType": "irregular-rect",
        "landUse": "mixed",
        "cropType": "pasture",
        "isFarmland": true,
        "farmScore": 56,
        "harvestHealth": 53,
        "soilQuality": 53,
        "waterAccess": 62,
        "slopeRisk": 100,
        "confidence": 1,
        "maskValues": {
          "farmland": 0.524,
          "density": 0.583,
          "health": 0.699,
          "cropType": 0.488
        },
        "noise": {
          "seed": 918273,
          "jitter": 0.045,
          "rotation": -1.52
        },
        "labels": [
          "synthetic",
          "demo",
          "farmland"
        ]
      },
      "geometry": {
        "type": "Polygon",
        "coordinates": [
          [
            [
              21.39,
              42.414931204608294
            ],
            [
              21.46,
              42.414931204608294
            ],
            [
              21.46,
              42.3825
            ],
            [
              21.39,
              42.3825
            ],
            [
              21.39,
              42.414931204608294
            ]
          ]
        ]
      }
    },
    {
      "type": "Feature",
      "properties": {
        "id": "KOS-GJN-000679",
        "parcelIndex": 679,
        "district": "Gjilan",
        "centroid": [
          21.495,
          42.43
        ],
        "areaHa": 1873.49,
        "shapeType": "irregular-rect",
        "landUse": "vineyard",
        "cropType": "corn",
        "isFarmland": true,
        "farmScore": 47,
        "harvestHealth": 47,
        "soilQuality": 56,
        "waterAccess": 62,
        "slopeRisk": 99,
        "confidence": 1,
        "maskValues": {
          "farmland": 0.502,
          "density": 0.602,
          "health": 0.698,
          "cropType": 0.489
        },
        "noise": {
          "seed": 918273,
          "jitter": 0.123,
          "rotation": 4.87
        },
        "labels": [
          "synthetic",
          "demo",
          "farmland"
        ]
      },
      "geometry": {
        "type": "Polygon",
        "coordinates": [
          [
            [
              21.46,
              42.445
            ],
            [
              21.53,
              42.445
            ],
            [
              21.53,
              42.41567292872816
            ],
            [
              21.46,
              42.41567292872816
            ],
            [
              21.46,
              42.445
            ]
          ]
        ]
      }
    },
    {
      "type": "Feature",
      "properties": {
        "id": "KOS-GJN-000680",
        "parcelIndex": 680,
        "district": "Gjilan",
        "centroid": [
          21.495,
          42.399
        ],
        "areaHa": 2120.23,
        "shapeType": "irregular-rect",
        "landUse": "pasture",
        "cropType": "pasture",
        "isFarmland": false,
        "farmScore": 50,
        "harvestHealth": 55,
        "soilQuality": 57,
        "waterAccess": 63,
        "slopeRisk": 100,
        "confidence": 1,
        "maskValues": {
          "farmland": 0.491,
          "density": 0.587,
          "health": 0.708,
          "cropType": 0.469
        },
        "noise": {
          "seed": 918273,
          "jitter": 0.055,
          "rotation": -6.64
        },
        "labels": [
          "synthetic",
          "demo",
          "non-farmland"
        ]
      },
      "geometry": {
        "type": "Polygon",
        "coordinates": [
          [
            [
              21.46,
              42.41567292872816
            ],
            [
              21.53,
              42.41567292872816
            ],
            [
              21.53,
              42.3825
            ],
            [
              21.46,
              42.3825
            ],
            [
              21.46,
              42.41567292872816
            ]
          ]
        ]
      }
    },
    {
      "type": "Feature",
      "properties": {
        "id": "KOS-GJN-000681",
        "parcelIndex": 681,
        "district": "Gjilan",
        "centroid": [
          21.565,
          42.432
        ],
        "areaHa": 1675.93,
        "shapeType": "irregular-rect",
        "landUse": "fallow",
        "cropType": "pasture",
        "isFarmland": false,
        "farmScore": 45,
        "harvestHealth": 53,
        "soilQuality": 59,
        "waterAccess": 61,
        "slopeRisk": 99,
        "confidence": 1,
        "maskValues": {
          "farmland": 0.478,
          "density": 0.598,
          "health": 0.66,
          "cropType": 0.482
        },
        "noise": {
          "seed": 918273,
          "jitter": 0.03,
          "rotation": 2.87
        },
        "labels": [
          "synthetic",
          "demo",
          "non-farmland"
        ]
      },
      "geometry": {
        "type": "Polygon",
        "coordinates": [
          [
            [
              21.53,
              42.445
            ],
            [
              21.6,
              42.445
            ],
            [
              21.6,
              42.41876486881403
            ],
            [
              21.53,
              42.41876486881403
            ],
            [
              21.53,
              42.445
            ]
          ]
        ]
      }
    },
    {
      "type": "Feature",
      "properties": {
        "id": "KOS-GJN-000682",
        "parcelIndex": 682,
        "district": "Gjilan",
        "centroid": [
          21.565,
          42.401
        ],
        "areaHa": 2317.8,
        "shapeType": "irregular-rect",
        "landUse": "pasture",
        "cropType": "pasture",
        "isFarmland": false,
        "farmScore": 43,
        "harvestHealth": 52,
        "soilQuality": 59,
        "waterAccess": 60,
        "slopeRisk": 100,
        "confidence": 1,
        "maskValues": {
          "farmland": 0.46,
          "density": 0.58,
          "health": 0.677,
          "cropType": 0.456
        },
        "noise": {
          "seed": 918273,
          "jitter": 0.128,
          "rotation": -6.36
        },
        "labels": [
          "synthetic",
          "demo",
          "non-farmland"
        ]
      },
      "geometry": {
        "type": "Polygon",
        "coordinates": [
          [
            [
              21.53,
              42.41876486881403
            ],
            [
              21.6,
              42.41876486881403
            ],
            [
              21.6,
              42.3825
            ],
            [
              21.53,
              42.3825
            ],
            [
              21.53,
              42.41876486881403
            ]
          ]
        ]
      }
    },
    {
      "type": "Feature",
      "properties": {
        "id": "KOS-GJN-000683",
        "parcelIndex": 683,
        "district": "Gjilan",
        "centroid": [
          21.641,
          42.431
        ],
        "areaHa": 2083.32,
        "shapeType": "irregular-rect",
        "landUse": "pasture",
        "cropType": "pasture",
        "isFarmland": false,
        "farmScore": 49,
        "harvestHealth": 47,
        "soilQuality": 59,
        "waterAccess": 56,
        "slopeRisk": 95,
        "confidence": 1,
        "maskValues": {
          "farmland": 0.454,
          "density": 0.576,
          "health": 0.587,
          "cropType": 0.475
        },
        "noise": {
          "seed": 918273,
          "jitter": 0.16,
          "rotation": -6.87
        },
        "labels": [
          "synthetic",
          "demo",
          "non-farmland"
        ]
      },
      "geometry": {
        "type": "Polygon",
        "coordinates": [
          [
            [
              21.6,
              42.445
            ],
            [
              21.667375,
              42.445
            ],
            [
              21.669999999999998,
              42.439
            ],
            [
              21.669999999999998,
              42.412276789218886
            ],
            [
              21.6,
              42.412276789218886
            ],
            [
              21.6,
              42.445
            ]
          ]
        ]
      }
    },
    {
      "type": "Feature",
      "properties": {
        "id": "KOS-GJN-000684",
        "parcelIndex": 684,
        "district": "Gjilan",
        "centroid": [
          21.635,
          42.397
        ],
        "areaHa": 1903.22,
        "shapeType": "irregular-rect",
        "landUse": "forest_edge",
        "cropType": "pasture",
        "isFarmland": false,
        "farmScore": 45,
        "harvestHealth": 44,
        "soilQuality": 58,
        "waterAccess": 55,
        "slopeRisk": 94,
        "confidence": 1,
        "maskValues": {
          "farmland": 0.433,
          "density": 0.558,
          "health": 0.615,
          "cropType": 0.446
        },
        "noise": {
          "seed": 918273,
          "jitter": 0.057,
          "rotation": 2.19
        },
        "labels": [
          "synthetic",
          "demo",
          "non-farmland"
        ]
      },
      "geometry": {
        "type": "Polygon",
        "coordinates": [
          [
            [
              21.6,
              42.412276789218886
            ],
            [
              21.669999999999998,
              42.412276789218886
            ],
            [
              21.669999999999998,
              42.3825
            ],
            [
              21.6,
              42.3825
            ],
            [
              21.6,
              42.412276789218886
            ]
          ]
        ]
      }
    },
    {
      "type": "Feature",
      "properties": {
        "id": "KOS-GJN-000685",
        "parcelIndex": 685,
        "district": "Gjilan",
        "centroid": [
          21.678,
          42.401
        ],
        "areaHa": 637.48,
        "shapeType": "irregular-rect",
        "landUse": "pasture",
        "cropType": "pasture",
        "isFarmland": false,
        "farmScore": 49,
        "harvestHealth": 48,
        "soilQuality": 56,
        "waterAccess": 51,
        "slopeRisk": 91,
        "confidence": 0.842,
        "maskValues": {
          "farmland": 0.425,
          "density": 0.543,
          "health": 0.563,
          "cropType": 0.448
        },
        "noise": {
          "seed": 918273,
          "jitter": 0.176,
          "rotation": 6.94
        },
        "labels": [
          "synthetic",
          "demo",
          "non-farmland"
        ]
      },
      "geometry": {
        "type": "Polygon",
        "coordinates": [
          [
            [
              21.669999999999998,
              42.439
            ],
            [
              21.69471875,
              42.3825
            ],
            [
              21.669999999999998,
              42.3825
            ],
            [
              21.669999999999998,
              42.439
            ]
          ]
        ]
      }
    },
    {
      "type": "Feature",
      "properties": {
        "id": "KOS-GJK-000692",
        "parcelIndex": 692,
        "district": "Gjakova",
        "centroid": [
          20.103,
          42.351
        ],
        "areaHa": 3127.61,
        "shapeType": "irregular-rect",
        "landUse": "pasture",
        "cropType": "pasture",
        "isFarmland": false,
        "farmScore": 67,
        "harvestHealth": 38,
        "soilQuality": 48,
        "waterAccess": 46,
        "slopeRisk": 82,
        "confidence": 0.98,
        "maskValues": {
          "farmland": 0.663,
          "density": 0.491,
          "health": 0.413,
          "cropType": 0.641
        },
        "noise": {
          "seed": 918273,
          "jitter": 0.021,
          "rotation": -5.27
        },
        "labels": [
          "synthetic",
          "demo",
          "non-farmland"
        ]
      },
      "geometry": {
        "type": "Polygon",
        "coordinates": [
          [
            [
              20.06494117647059,
              42.3825
            ],
            [
              20.130000000000003,
              42.3825
            ],
            [
              20.130000000000003,
              42.32
            ],
            [
              20.085529411764707,
              42.32
            ],
            [
              20.06494117647059,
              42.3825
            ]
          ]
        ]
      }
    },
    {
      "type": "Feature",
      "properties": {
        "id": "KOS-GJK-000693",
        "parcelIndex": 693,
        "district": "Gjakova",
        "centroid": [
          20.165,
          42.351
        ],
        "areaHa": 3997.7,
        "shapeType": "rectangular",
        "landUse": "vineyard",
        "cropType": "orchard",
        "isFarmland": true,
        "farmScore": 58,
        "harvestHealth": 43,
        "soilQuality": 46,
        "waterAccess": 52,
        "slopeRisk": 88,
        "confidence": 1,
        "maskValues": {
          "farmland": 0.658,
          "density": 0.534,
          "health": 0.468,
          "cropType": 0.612
        },
        "noise": {
          "seed": 918273,
          "jitter": 0.055,
          "rotation": 4.87
        },
        "labels": [
          "synthetic",
          "demo",
          "farmland"
        ]
      },
      "geometry": {
        "type": "Polygon",
        "coordinates": [
          [
            [
              20.130000000000003,
              42.3825
            ],
            [
              20.200000000000003,
              42.3825
            ],
            [
              20.200000000000003,
              42.32
            ],
            [
              20.130000000000003,
              42.32
            ],
            [
              20.130000000000003,
              42.3825
            ]
          ]
        ]
      }
    },
    {
      "type": "Feature",
      "properties": {
        "id": "KOS-GJK-000694",
        "parcelIndex": 694,
        "district": "Gjakova",
        "centroid": [
          20.235,
          42.366
        ],
        "areaHa": 2162.82,
        "shapeType": "irregular-rect",
        "landUse": "farmland",
        "cropType": "barley",
        "isFarmland": true,
        "farmScore": 57,
        "harvestHealth": 40,
        "soilQuality": 46,
        "waterAccess": 58,
        "slopeRisk": 97,
        "confidence": 1,
        "maskValues": {
          "farmland": 0.615,
          "density": 0.576,
          "health": 0.54,
          "cropType": 0.552
        },
        "noise": {
          "seed": 918273,
          "jitter": 0.031,
          "rotation": 5.99
        },
        "labels": [
          "synthetic",
          "demo",
          "farmland"
        ]
      },
      "geometry": {
        "type": "Polygon",
        "coordinates": [
          [
            [
              20.200000000000003,
              42.3825
            ],
            [
              20.27,
              42.3825
            ],
            [
              20.27,
              42.348678865081745
            ],
            [
              20.200000000000003,
              42.348678865081745
            ],
            [
              20.200000000000003,
              42.3825
            ]
          ]
        ]
      }
    },
    {
      "type": "Feature",
      "properties": {
        "id": "KOS-GJK-000695",
        "parcelIndex": 695,
        "district": "Gjakova",
        "centroid": [
          20.235,
          42.334
        ],
        "areaHa": 1834.89,
        "shapeType": "irregular-rect",
        "landUse": "pasture",
        "cropType": "pasture",
        "isFarmland": false,
        "farmScore": 65,
        "harvestHealth": 42,
        "soilQuality": 48,
        "waterAccess": 59,
        "slopeRisk": 100,
        "confidence": 1,
        "maskValues": {
          "farmland": 0.639,
          "density": 0.57,
          "health": 0.532,
          "cropType": 0.578
        },
        "noise": {
          "seed": 918273,
          "jitter": 0.123,
          "rotation": 7.11
        },
        "labels": [
          "synthetic",
          "demo",
          "non-farmland"
        ]
      },
      "geometry": {
        "type": "Polygon",
        "coordinates": [
          [
            [
              20.200000000000003,
              42.348678865081745
            ],
            [
              20.27,
              42.348678865081745
            ],
            [
              20.27,
              42.32
            ],
            [
              20.200000000000003,
              42.32
            ],
            [
              20.200000000000003,
              42.348678865081745
            ]
          ]
        ]
      }
    },
    {
      "type": "Feature",
      "properties": {
        "id": "KOS-GJK-000696",
        "parcelIndex": 696,
        "district": "Gjakova",
        "centroid": [
          20.305,
          42.369
        ],
        "areaHa": 1769.75,
        "shapeType": "irregular-rect",
        "landUse": "fallow",
        "cropType": "mixed",
        "isFarmland": false,
        "farmScore": 57,
        "harvestHealth": 43,
        "soilQuality": 48,
        "waterAccess": 64,
        "slopeRisk": 100,
        "confidence": 1,
        "maskValues": {
          "farmland": 0.564,
          "density": 0.603,
          "health": 0.608,
          "cropType": 0.498
        },
        "noise": {
          "seed": 918273,
          "jitter": 0.142,
          "rotation": -7.05
        },
        "labels": [
          "synthetic",
          "demo",
          "non-farmland"
        ]
      },
      "geometry": {
        "type": "Polygon",
        "coordinates": [
          [
            [
              20.27,
              42.3825
            ],
            [
              20.34,
              42.3825
            ],
            [
              20.34,
              42.35482405743853
            ],
            [
              20.27,
              42.35482405743853
            ],
            [
              20.27,
              42.3825
            ]
          ]
        ]
      }
    },
    {
      "type": "Feature",
      "properties": {
        "id": "KOS-GJK-000697",
        "parcelIndex": 697,
        "district": "Gjakova",
        "centroid": [
          20.305,
          42.337
        ],
        "areaHa": 2227.95,
        "shapeType": "irregular-rect",
        "landUse": "mixed",
        "cropType": "potato",
        "isFarmland": true,
        "farmScore": 53,
        "harvestHealth": 45,
        "soilQuality": 50,
        "waterAccess": 64,
        "slopeRisk": 100,
        "confidence": 1,
        "maskValues": {
          "farmland": 0.583,
          "density": 0.596,
          "health": 0.594,
          "cropType": 0.513
        },
        "noise": {
          "seed": 918273,
          "jitter": 0.062,
          "rotation": 5.47
        },
        "labels": [
          "synthetic",
          "demo",
          "farmland"
        ]
      },
      "geometry": {
        "type": "Polygon",
        "coordinates": [
          [
            [
              20.27,
              42.35482405743853
            ],
            [
              20.34,
              42.35482405743853
            ],
            [
              20.34,
              42.32
            ],
            [
              20.27,
              42.32
            ],
            [
              20.27,
              42.35482405743853
            ]
          ]
        ]
      }
    },
    {
      "type": "Feature",
      "properties": {
        "id": "KOS-GJK-000698",
        "parcelIndex": 698,
        "district": "Gjakova",
        "centroid": [
          20.375,
          42.365
        ],
        "areaHa": 2221.51,
        "shapeType": "irregular-rect",
        "landUse": "fallow",
        "cropType": "pasture",
        "isFarmland": false,
        "farmScore": 50,
        "harvestHealth": 51,
        "soilQuality": 53,
        "waterAccess": 66,
        "slopeRisk": 100,
        "confidence": 1,
        "maskValues": {
          "farmland": 0.507,
          "density": 0.611,
          "health": 0.654,
          "cropType": 0.45
        },
        "noise": {
          "seed": 918273,
          "jitter": 0.142,
          "rotation": -2.15
        },
        "labels": [
          "synthetic",
          "demo",
          "non-farmland"
        ]
      },
      "geometry": {
        "type": "Polygon",
        "coordinates": [
          [
            [
              20.34,
              42.3825
            ],
            [
              20.41,
              42.3825
            ],
            [
              20.41,
              42.34776124710508
            ],
            [
              20.34,
              42.34776124710508
            ],
            [
              20.34,
              42.3825
            ]
          ]
        ]
      }
    },
    {
      "type": "Feature",
      "properties": {
        "id": "KOS-GJK-000699",
        "parcelIndex": 699,
        "district": "Gjakova",
        "centroid": [
          20.375,
          42.334
        ],
        "areaHa": 1776.19,
        "shapeType": "irregular-rect",
        "landUse": "farmland",
        "cropType": "vegetables",
        "isFarmland": true,
        "farmScore": 48,
        "harvestHealth": 49,
        "soilQuality": 54,
        "waterAccess": 66,
        "slopeRisk": 100,
        "confidence": 1,
        "maskValues": {
          "farmland": 0.517,
          "density": 0.601,
          "health": 0.638,
          "cropType": 0.451
        },
        "noise": {
          "seed": 918273,
          "jitter": 0.063,
          "rotation": -6.05
        },
        "labels": [
          "synthetic",
          "demo",
          "farmland"
        ]
      },
      "geometry": {
        "type": "Polygon",
        "coordinates": [
          [
            [
              20.34,
              42.34776124710508
            ],
            [
              20.41,
              42.34776124710508
            ],
            [
              20.41,
              42.32
            ],
            [
              20.34,
              42.32
            ],
            [
              20.34,
              42.34776124710508
            ]
          ]
        ]
      }
    },
    {
      "type": "Feature",
      "properties": {
        "id": "KOS-GJK-000700",
        "parcelIndex": 700,
        "district": "Gjakova",
        "centroid": [
          20.445,
          42.37
        ],
        "areaHa": 1653.72,
        "shapeType": "irregular-rect",
        "landUse": "vineyard",
        "cropType": "pasture",
        "isFarmland": true,
        "farmScore": 49,
        "harvestHealth": 46,
        "soilQuality": 56,
        "waterAccess": 64,
        "slopeRisk": 100,
        "confidence": 1,
        "maskValues": {
          "farmland": 0.451,
          "density": 0.601,
          "health": 0.677,
          "cropType": 0.414
        },
        "noise": {
          "seed": 918273,
          "jitter": 0.039,
          "rotation": 6.7
        },
        "labels": [
          "synthetic",
          "demo",
          "farmland"
        ]
      },
      "geometry": {
        "type": "Polygon",
        "coordinates": [
          [
            [
              20.41,
              42.3825
            ],
            [
              20.48,
              42.3825
            ],
            [
              20.48,
              42.35663823657844
            ],
            [
              20.41,
              42.35663823657844
            ],
            [
              20.41,
              42.3825
            ]
          ]
        ]
      }
    },
    {
      "type": "Feature",
      "properties": {
        "id": "KOS-GJK-000701",
        "parcelIndex": 701,
        "district": "Gjakova",
        "centroid": [
          20.445,
          42.338
        ],
        "areaHa": 2343.98,
        "shapeType": "irregular-rect",
        "landUse": "fallow",
        "cropType": "pasture",
        "isFarmland": false,
        "farmScore": 49,
        "harvestHealth": 51,
        "soilQuality": 56,
        "waterAccess": 64,
        "slopeRisk": 100,
        "confidence": 1,
        "maskValues": {
          "farmland": 0.449,
          "density": 0.591,
          "health": 0.662,
          "cropType": 0.4
        },
        "noise": {
          "seed": 918273,
          "jitter": 0.129,
          "rotation": 1.88
        },
        "labels": [
          "synthetic",
          "demo",
          "non-farmland"
        ]
      },
      "geometry": {
        "type": "Polygon",
        "coordinates": [
          [
            [
              20.41,
              42.35663823657844
            ],
            [
              20.48,
              42.35663823657844
            ],
            [
              20.48,
              42.32
            ],
            [
              20.41,
              42.32
            ],
            [
              20.41,
              42.35663823657844
            ]
          ]
        ]
      }
    },
    {
      "type": "Feature",
      "properties": {
        "id": "KOS-GJK-000702",
        "parcelIndex": 702,
        "district": "Gjakova",
        "centroid": [
          20.515,
          42.366
        ],
        "areaHa": 2143.99,
        "shapeType": "irregular-rect",
        "landUse": "forest_edge",
        "cropType": "mixed",
        "isFarmland": false,
        "farmScore": 43,
        "harvestHealth": 44,
        "soilQuality": 57,
        "waterAccess": 59,
        "slopeRisk": 100,
        "confidence": 1,
        "maskValues": {
          "farmland": 0.404,
          "density": 0.573,
          "health": 0.666,
          "cropType": 0.391
        },
        "noise": {
          "seed": 918273,
          "jitter": 0.092,
          "rotation": -0.22
        },
        "labels": [
          "synthetic",
          "demo",
          "non-farmland"
        ]
      },
      "geometry": {
        "type": "Polygon",
        "coordinates": [
          [
            [
              20.48,
              42.3825
            ],
            [
              20.55,
              42.3825
            ],
            [
              20.55,
              42.348973250719716
            ],
            [
              20.48,
              42.348973250719716
            ],
            [
              20.48,
              42.3825
            ]
          ]
        ]
      }
    },
    {
      "type": "Feature",
      "properties": {
        "id": "KOS-GJK-000703",
        "parcelIndex": 703,
        "district": "Gjakova",
        "centroid": [
          20.515,
          42.334
        ],
        "areaHa": 1853.72,
        "shapeType": "irregular-rect",
        "landUse": "farmland",
        "cropType": "vegetables",
        "isFarmland": true,
        "farmScore": 47,
        "harvestHealth": 46,
        "soilQuality": 55,
        "waterAccess": 58,
        "slopeRisk": 100,
        "confidence": 1,
        "maskValues": {
          "farmland": 0.392,
          "density": 0.563,
          "health": 0.654,
          "cropType": 0.366
        },
        "noise": {
          "seed": 918273,
          "jitter": 0.04,
          "rotation": -0.1
        },
        "labels": [
          "synthetic",
          "demo",
          "farmland"
        ]
      },
      "geometry": {
        "type": "Polygon",
        "coordinates": [
          [
            [
              20.48,
              42.348973250719716
            ],
            [
              20.55,
              42.348973250719716
            ],
            [
              20.55,
              42.32
            ],
            [
              20.48,
              42.32
            ],
            [
              20.48,
              42.348973250719716
            ]
          ]
        ]
      }
    },
    {
      "type": "Feature",
      "properties": {
        "id": "KOS-RAH-000704",
        "parcelIndex": 704,
        "district": "Rahovec",
        "centroid": [
          20.585,
          42.365
        ],
        "areaHa": 2261.04,
        "shapeType": "irregular-rect",
        "landUse": "pasture",
        "cropType": "pasture",
        "isFarmland": false,
        "farmScore": 43,
        "harvestHealth": 46,
        "soilQuality": 55,
        "waterAccess": 52,
        "slopeRisk": 93,
        "confidence": 1,
        "maskValues": {
          "farmland": 0.375,
          "density": 0.534,
          "health": 0.626,
          "cropType": 0.388
        },
        "noise": {
          "seed": 918273,
          "jitter": 0.162,
          "rotation": 5.18
        },
        "labels": [
          "synthetic",
          "demo",
          "non-farmland"
        ]
      },
      "geometry": {
        "type": "Polygon",
        "coordinates": [
          [
            [
              20.55,
              42.3825
            ],
            [
              20.62,
              42.3825
            ],
            [
              20.62,
              42.34714333065669
            ],
            [
              20.55,
              42.34714333065669
            ],
            [
              20.55,
              42.3825
            ]
          ]
        ]
      }
    },
    {
      "type": "Feature",
      "properties": {
        "id": "KOS-RAH-000705",
        "parcelIndex": 705,
        "district": "Rahovec",
        "centroid": [
          20.585,
          42.334
        ],
        "areaHa": 1736.66,
        "shapeType": "irregular-rect",
        "landUse": "vineyard",
        "cropType": "vegetables",
        "isFarmland": true,
        "farmScore": 41,
        "harvestHealth": 48,
        "soilQuality": 52,
        "waterAccess": 51,
        "slopeRisk": 94,
        "confidence": 1,
        "maskValues": {
          "farmland": 0.355,
          "density": 0.525,
          "health": 0.621,
          "cropType": 0.356
        },
        "noise": {
          "seed": 918273,
          "jitter": 0.146,
          "rotation": 2.07
        },
        "labels": [
          "synthetic",
          "demo",
          "farmland"
        ]
      },
      "geometry": {
        "type": "Polygon",
        "coordinates": [
          [
            [
              20.55,
              42.34714333065669
            ],
            [
              20.62,
              42.34714333065669
            ],
            [
              20.62,
              42.32
            ],
            [
              20.55,
              42.32
            ],
            [
              20.55,
              42.34714333065669
            ]
          ]
        ]
      }
    },
    {
      "type": "Feature",
      "properties": {
        "id": "KOS-RAH-000706",
        "parcelIndex": 706,
        "district": "Rahovec",
        "centroid": [
          20.655,
          42.351
        ],
        "areaHa": 3997.7,
        "shapeType": "rectangular",
        "landUse": "farmland",
        "cropType": "orchard",
        "isFarmland": true,
        "farmScore": 42,
        "harvestHealth": 45,
        "soilQuality": 49,
        "waterAccess": 46,
        "slopeRisk": 88,
        "confidence": 1,
        "maskValues": {
          "farmland": 0.357,
          "density": 0.488,
          "health": 0.564,
          "cropType": 0.39
        },
        "noise": {
          "seed": 918273,
          "jitter": 0.169,
          "rotation": -3.05
        },
        "labels": [
          "synthetic",
          "demo",
          "farmland"
        ]
      },
      "geometry": {
        "type": "Polygon",
        "coordinates": [
          [
            [
              20.62,
              42.3825
            ],
            [
              20.69,
              42.3825
            ],
            [
              20.69,
              42.32
            ],
            [
              20.62,
              42.32
            ],
            [
              20.62,
              42.3825
            ]
          ]
        ]
      }
    },
    {
      "type": "Feature",
      "properties": {
        "id": "KOS-RAH-000707",
        "parcelIndex": 707,
        "district": "Rahovec",
        "centroid": [
          20.725,
          42.351
        ],
        "areaHa": 3997.7,
        "shapeType": "rectangular",
        "landUse": "farmland",
        "cropType": "vineyard",
        "isFarmland": true,
        "farmScore": 36,
        "harvestHealth": 34,
        "soilQuality": 46,
        "waterAccess": 42,
        "slopeRisk": 88,
        "confidence": 1,
        "maskValues": {
          "farmland": 0.373,
          "density": 0.449,
          "health": 0.49,
          "cropType": 0.425
        },
        "noise": {
          "seed": 918273,
          "jitter": 0.031,
          "rotation": -5.48
        },
        "labels": [
          "synthetic",
          "demo",
          "farmland"
        ]
      },
      "geometry": {
        "type": "Polygon",
        "coordinates": [
          [
            [
              20.69,
              42.3825
            ],
            [
              20.76,
              42.3825
            ],
            [
              20.76,
              42.32
            ],
            [
              20.69,
              42.32
            ],
            [
              20.69,
              42.3825
            ]
          ]
        ]
      }
    },
    {
      "type": "Feature",
      "properties": {
        "id": "KOS-SUH-000708",
        "parcelIndex": 708,
        "district": "Suhareka",
        "centroid": [
          20.795,
          42.351
        ],
        "areaHa": 3997.7,
        "shapeType": "rectangular",
        "landUse": "farmland",
        "cropType": "wheat",
        "isFarmland": true,
        "farmScore": 45,
        "harvestHealth": 28,
        "soilQuality": 45,
        "waterAccess": 41,
        "slopeRisk": 92,
        "confidence": 1,
        "maskValues": {
          "farmland": 0.41,
          "density": 0.421,
          "health": 0.415,
          "cropType": 0.471
        },
        "noise": {
          "seed": 918273,
          "jitter": 0.127,
          "rotation": 0.7
        },
        "labels": [
          "synthetic",
          "demo",
          "farmland"
        ]
      },
      "geometry": {
        "type": "Polygon",
        "coordinates": [
          [
            [
              20.76,
              42.3825
            ],
            [
              20.830000000000002,
              42.3825
            ],
            [
              20.830000000000002,
              42.32
            ],
            [
              20.76,
              42.32
            ],
            [
              20.76,
              42.3825
            ]
          ]
        ]
      }
    },
    {
      "type": "Feature",
      "properties": {
        "id": "KOS-SUH-000709",
        "parcelIndex": 709,
        "district": "Suhareka",
        "centroid": [
          20.865,
          42.351
        ],
        "areaHa": 3997.7,
        "shapeType": "rectangular",
        "landUse": "farmland",
        "cropType": "wheat",
        "isFarmland": true,
        "farmScore": 48,
        "harvestHealth": 24,
        "soilQuality": 46,
        "waterAccess": 40,
        "slopeRisk": 95,
        "confidence": 0.993,
        "maskValues": {
          "farmland": 0.462,
          "density": 0.408,
          "health": 0.353,
          "cropType": 0.521
        },
        "noise": {
          "seed": 918273,
          "jitter": 0.037,
          "rotation": 1.17
        },
        "labels": [
          "synthetic",
          "demo",
          "farmland"
        ]
      },
      "geometry": {
        "type": "Polygon",
        "coordinates": [
          [
            [
              20.830000000000002,
              42.3825
            ],
            [
              20.9,
              42.3825
            ],
            [
              20.9,
              42.32
            ],
            [
              20.830000000000002,
              42.32
            ],
            [
              20.830000000000002,
              42.3825
            ]
          ]
        ]
      }
    },
    {
      "type": "Feature",
      "properties": {
        "id": "KOS-SUH-000710",
        "parcelIndex": 710,
        "district": "Suhareka",
        "centroid": [
          20.935,
          42.351
        ],
        "areaHa": 3997.7,
        "shapeType": "rectangular",
        "landUse": "farmland",
        "cropType": "pasture",
        "isFarmland": true,
        "farmScore": 55,
        "harvestHealth": 23,
        "soilQuality": 48,
        "waterAccess": 41,
        "slopeRisk": 95,
        "confidence": 0.994,
        "maskValues": {
          "farmland": 0.519,
          "density": 0.412,
          "health": 0.317,
          "cropType": 0.565
        },
        "noise": {
          "seed": 918273,
          "jitter": 0.057,
          "rotation": 4.4
        },
        "labels": [
          "synthetic",
          "demo",
          "farmland"
        ]
      },
      "geometry": {
        "type": "Polygon",
        "coordinates": [
          [
            [
              20.9,
              42.3825
            ],
            [
              20.97,
              42.3825
            ],
            [
              20.97,
              42.32
            ],
            [
              20.9,
              42.32
            ],
            [
              20.9,
              42.3825
            ]
          ]
        ]
      }
    },
    {
      "type": "Feature",
      "properties": {
        "id": "KOS-FRZ-000711",
        "parcelIndex": 711,
        "district": "Ferizaj",
        "centroid": [
          21.005,
          42.367
        ],
        "areaHa": 2004.2,
        "shapeType": "irregular-rect",
        "landUse": "farmland",
        "cropType": "orchard",
        "isFarmland": true,
        "farmScore": 56,
        "harvestHealth": 23,
        "soilQuality": 50,
        "waterAccess": 42,
        "slopeRisk": 95,
        "confidence": 1,
        "maskValues": {
          "farmland": 0.564,
          "density": 0.424,
          "health": 0.309,
          "cropType": 0.584
        },
        "noise": {
          "seed": 918273,
          "jitter": 0.163,
          "rotation": 2.89
        },
        "labels": [
          "synthetic",
          "demo",
          "farmland"
        ]
      },
      "geometry": {
        "type": "Polygon",
        "coordinates": [
          [
            [
              20.97,
              42.3825
            ],
            [
              21.04,
              42.3825
            ],
            [
              21.04,
              42.35115857553494
            ],
            [
              20.97,
              42.35115857553494
            ],
            [
              20.97,
              42.3825
            ]
          ]
        ]
      }
    },
    {
      "type": "Feature",
      "properties": {
        "id": "KOS-FRZ-000712",
        "parcelIndex": 712,
        "district": "Ferizaj",
        "centroid": [
          21.005,
          42.336
        ],
        "areaHa": 1993.5,
        "shapeType": "irregular-rect",
        "landUse": "forest_edge",
        "cropType": "pasture",
        "isFarmland": false,
        "farmScore": 53,
        "harvestHealth": 30,
        "soilQuality": 51,
        "waterAccess": 41,
        "slopeRisk": 89,
        "confidence": 1,
        "maskValues": {
          "farmland": 0.576,
          "density": 0.438,
          "health": 0.319,
          "cropType": 0.608
        },
        "noise": {
          "seed": 918273,
          "jitter": 0.131,
          "rotation": 0.2
        },
        "labels": [
          "synthetic",
          "demo",
          "non-farmland"
        ]
      },
      "geometry": {
        "type": "Polygon",
        "coordinates": [
          [
            [
              20.97,
              42.35115857553494
            ],
            [
              21.04,
              42.35115857553494
            ],
            [
              21.04,
              42.32
            ],
            [
              20.97,
              42.32
            ],
            [
              20.97,
              42.35115857553494
            ]
          ]
        ]
      }
    },
    {
      "type": "Feature",
      "properties": {
        "id": "KOS-FRZ-000713",
        "parcelIndex": 713,
        "district": "Ferizaj",
        "centroid": [
          21.075,
          42.351
        ],
        "areaHa": 3997.7,
        "shapeType": "rectangular",
        "landUse": "forest_edge",
        "cropType": "fallow",
        "isFarmland": false,
        "farmScore": 56,
        "harvestHealth": 27,
        "soilQuality": 50,
        "waterAccess": 43,
        "slopeRisk": 87,
        "confidence": 1,
        "maskValues": {
          "farmland": 0.608,
          "density": 0.46,
          "health": 0.344,
          "cropType": 0.61
        },
        "noise": {
          "seed": 918273,
          "jitter": 0.045,
          "rotation": 2.14
        },
        "labels": [
          "synthetic",
          "demo",
          "non-farmland"
        ]
      },
      "geometry": {
        "type": "Polygon",
        "coordinates": [
          [
            [
              21.04,
              42.3825
            ],
            [
              21.11,
              42.3825
            ],
            [
              21.11,
              42.32
            ],
            [
              21.04,
              42.32
            ],
            [
              21.04,
              42.3825
            ]
          ]
        ]
      }
    },
    {
      "type": "Feature",
      "properties": {
        "id": "KOS-FRZ-000714",
        "parcelIndex": 714,
        "district": "Ferizaj",
        "centroid": [
          21.145,
          42.351
        ],
        "areaHa": 3997.7,
        "shapeType": "rectangular",
        "landUse": "mixed",
        "cropType": "mixed",
        "isFarmland": false,
        "farmScore": 59,
        "harvestHealth": 38,
        "soilQuality": 49,
        "waterAccess": 46,
        "slopeRisk": 85,
        "confidence": 1,
        "maskValues": {
          "farmland": 0.625,
          "density": 0.494,
          "health": 0.405,
          "cropType": 0.604
        },
        "noise": {
          "seed": 918273,
          "jitter": 0.076,
          "rotation": 4.95
        },
        "labels": [
          "synthetic",
          "demo",
          "non-farmland"
        ]
      },
      "geometry": {
        "type": "Polygon",
        "coordinates": [
          [
            [
              21.11,
              42.3825
            ],
            [
              21.18,
              42.3825
            ],
            [
              21.18,
              42.32
            ],
            [
              21.11,
              42.32
            ],
            [
              21.11,
              42.3825
            ]
          ]
        ]
      }
    },
    {
      "type": "Feature",
      "properties": {
        "id": "KOS-FRZ-000715",
        "parcelIndex": 715,
        "district": "Ferizaj",
        "centroid": [
          21.215,
          42.351
        ],
        "areaHa": 3997.7,
        "shapeType": "rectangular",
        "landUse": "farmland",
        "cropType": "wheat",
        "isFarmland": true,
        "farmScore": 60,
        "harvestHealth": 39,
        "soilQuality": 47,
        "waterAccess": 51,
        "slopeRisk": 88,
        "confidence": 0.996,
        "maskValues": {
          "farmland": 0.621,
          "density": 0.527,
          "health": 0.485,
          "cropType": 0.581
        },
        "noise": {
          "seed": 918273,
          "jitter": 0.156,
          "rotation": -2.39
        },
        "labels": [
          "synthetic",
          "demo",
          "farmland"
        ]
      },
      "geometry": {
        "type": "Polygon",
        "coordinates": [
          [
            [
              21.18,
              42.3825
            ],
            [
              21.25,
              42.3825
            ],
            [
              21.25,
              42.32
            ],
            [
              21.18,
              42.32
            ],
            [
              21.18,
              42.3825
            ]
          ]
        ]
      }
    },
    {
      "type": "Feature",
      "properties": {
        "id": "KOS-FRZ-000716",
        "parcelIndex": 716,
        "district": "Ferizaj",
        "centroid": [
          21.285,
          42.351
        ],
        "areaHa": 3997.7,
        "shapeType": "rectangular",
        "landUse": "farmland",
        "cropType": "vegetables",
        "isFarmland": true,
        "farmScore": 53,
        "harvestHealth": 45,
        "soilQuality": 47,
        "waterAccess": 57,
        "slopeRisk": 96,
        "confidence": 1,
        "maskValues": {
          "farmland": 0.597,
          "density": 0.553,
          "health": 0.569,
          "cropType": 0.546
        },
        "noise": {
          "seed": 918273,
          "jitter": 0.037,
          "rotation": -1.18
        },
        "labels": [
          "synthetic",
          "demo",
          "farmland"
        ]
      },
      "geometry": {
        "type": "Polygon",
        "coordinates": [
          [
            [
              21.25,
              42.3825
            ],
            [
              21.32,
              42.3825
            ],
            [
              21.32,
              42.32
            ],
            [
              21.25,
              42.32
            ],
            [
              21.25,
              42.3825
            ]
          ]
        ]
      }
    },
    {
      "type": "Feature",
      "properties": {
        "id": "KOS-GJN-000717",
        "parcelIndex": 717,
        "district": "Gjilan",
        "centroid": [
          21.355,
          42.351
        ],
        "areaHa": 3997.7,
        "shapeType": "rectangular",
        "landUse": "fallow",
        "cropType": "pasture",
        "isFarmland": true,
        "farmScore": 51,
        "harvestHealth": 52,
        "soilQuality": 50,
        "waterAccess": 62,
        "slopeRisk": 100,
        "confidence": 1,
        "maskValues": {
          "farmland": 0.559,
          "density": 0.569,
          "health": 0.642,
          "cropType": 0.506
        },
        "noise": {
          "seed": 918273,
          "jitter": 0.121,
          "rotation": -6.51
        },
        "labels": [
          "synthetic",
          "demo",
          "farmland"
        ]
      },
      "geometry": {
        "type": "Polygon",
        "coordinates": [
          [
            [
              21.32,
              42.3825
            ],
            [
              21.39,
              42.3825
            ],
            [
              21.39,
              42.32
            ],
            [
              21.32,
              42.32
            ],
            [
              21.32,
              42.3825
            ]
          ]
        ]
      }
    },
    {
      "type": "Feature",
      "properties": {
        "id": "KOS-GJN-000718",
        "parcelIndex": 718,
        "district": "Gjilan",
        "centroid": [
          21.425,
          42.369
        ],
        "areaHa": 1735.27,
        "shapeType": "irregular-rect",
        "landUse": "fallow",
        "cropType": "fallow",
        "isFarmland": false,
        "farmScore": 50,
        "harvestHealth": 52,
        "soilQuality": 54,
        "waterAccess": 64,
        "slopeRisk": 100,
        "confidence": 1,
        "maskValues": {
          "farmland": 0.514,
          "density": 0.58,
          "health": 0.696,
          "cropType": 0.473
        },
        "noise": {
          "seed": 918273,
          "jitter": 0.154,
          "rotation": -6.91
        },
        "labels": [
          "synthetic",
          "demo",
          "non-farmland"
        ]
      },
      "geometry": {
        "type": "Polygon",
        "coordinates": [
          [
            [
              21.39,
              42.3825
            ],
            [
              21.46,
              42.3825
            ],
            [
              21.46,
              42.35536314146768
            ],
            [
              21.39,
              42.35536314146768
            ],
            [
              21.39,
              42.3825
            ]
          ]
        ]
      }
    },
    {
      "type": "Feature",
      "properties": {
        "id": "KOS-GJN-000719",
        "parcelIndex": 719,
        "district": "Gjilan",
        "centroid": [
          21.425,
          42.338
        ],
        "areaHa": 2262.43,
        "shapeType": "irregular-rect",
        "landUse": "farmland",
        "cropType": "barley",
        "isFarmland": true,
        "farmScore": 56,
        "harvestHealth": 53,
        "soilQuality": 55,
        "waterAccess": 64,
        "slopeRisk": 100,
        "confidence": 1,
        "maskValues": {
          "farmland": 0.512,
          "density": 0.568,
          "health": 0.682,
          "cropType": 0.463
        },
        "noise": {
          "seed": 918273,
          "jitter": 0.134,
          "rotation": -3.76
        },
        "labels": [
          "synthetic",
          "demo",
          "farmland"
        ]
      },
      "geometry": {
        "type": "Polygon",
        "coordinates": [
          [
            [
              21.39,
              42.35536314146768
            ],
            [
              21.46,
              42.35536314146768
            ],
            [
              21.46,
              42.32
            ],
            [
              21.39,
              42.32
            ],
            [
              21.39,
              42.35536314146768
            ]
          ]
        ]
      }
    },
    {
      "type": "Feature",
      "properties": {
        "id": "KOS-GJN-000720",
        "parcelIndex": 720,
        "district": "Gjilan",
        "centroid": [
          21.495,
          42.366
        ],
        "areaHa": 2087.41,
        "shapeType": "irregular-rect",
        "landUse": "mixed",
        "cropType": "mixed",
        "isFarmland": false,
        "farmScore": 52,
        "harvestHealth": 53,
        "soilQuality": 58,
        "waterAccess": 63,
        "slopeRisk": 100,
        "confidence": 1,
        "maskValues": {
          "farmland": 0.472,
          "density": 0.575,
          "health": 0.705,
          "cropType": 0.445
        },
        "noise": {
          "seed": 918273,
          "jitter": 0.175,
          "rotation": -5.51
        },
        "labels": [
          "synthetic",
          "demo",
          "non-farmland"
        ]
      },
      "geometry": {
        "type": "Polygon",
        "coordinates": [
          [
            [
              21.46,
              42.3825
            ],
            [
              21.53,
              42.3825
            ],
            [
              21.53,
              42.34985777705908
            ],
            [
              21.46,
              42.34985777705908
            ],
            [
              21.46,
              42.3825
            ]
          ]
        ]
      }
    },
    {
      "type": "Feature",
      "properties": {
        "id": "KOS-GJN-000721",
        "parcelIndex": 721,
        "district": "Gjilan",
        "centroid": [
          21.495,
          42.335
        ],
        "areaHa": 1910.3,
        "shapeType": "irregular-rect",
        "landUse": "forest_edge",
        "cropType": "pasture",
        "isFarmland": false,
        "farmScore": 49,
        "harvestHealth": 47,
        "soilQuality": 58,
        "waterAccess": 62,
        "slopeRisk": 100,
        "confidence": 1,
        "maskValues": {
          "farmland": 0.462,
          "density": 0.558,
          "health": 0.696,
          "cropType": 0.425
        },
        "noise": {
          "seed": 918273,
          "jitter": 0.094,
          "rotation": -3.22
        },
        "labels": [
          "synthetic",
          "demo",
          "non-farmland"
        ]
      },
      "geometry": {
        "type": "Polygon",
        "coordinates": [
          [
            [
              21.46,
              42.34985777705908
            ],
            [
              21.53,
              42.34985777705908
            ],
            [
              21.53,
              42.32
            ],
            [
              21.46,
              42.32
            ],
            [
              21.46,
              42.34985777705908
            ]
          ]
        ]
      }
    },
    {
      "type": "Feature",
      "properties": {
        "id": "KOS-GJN-000722",
        "parcelIndex": 722,
        "district": "Gjilan",
        "centroid": [
          21.565,
          42.365
        ],
        "areaHa": 2253.71,
        "shapeType": "irregular-rect",
        "landUse": "fallow",
        "cropType": "pasture",
        "isFarmland": false,
        "farmScore": 47,
        "harvestHealth": 47,
        "soilQuality": 59,
        "waterAccess": 59,
        "slopeRisk": 100,
        "confidence": 1,
        "maskValues": {
          "farmland": 0.435,
          "density": 0.559,
          "health": 0.677,
          "cropType": 0.427
        },
        "noise": {
          "seed": 918273,
          "jitter": 0.099,
          "rotation": 0.11
        },
        "labels": [
          "synthetic",
          "demo",
          "non-farmland"
        ]
      },
      "geometry": {
        "type": "Polygon",
        "coordinates": [
          [
            [
              21.53,
              42.3825
            ],
            [
              21.6,
              42.3825
            ],
            [
              21.6,
              42.34725792125566
            ],
            [
              21.53,
              42.34725792125566
            ],
            [
              21.53,
              42.3825
            ]
          ]
        ]
      }
    },
    {
      "type": "Feature",
      "properties": {
        "id": "KOS-GJN-000723",
        "parcelIndex": 723,
        "district": "Gjilan",
        "centroid": [
          21.565,
          42.334
        ],
        "areaHa": 1743.99,
        "shapeType": "irregular-rect",
        "landUse": "vineyard",
        "cropType": "corn",
        "isFarmland": true,
        "farmScore": 45,
        "harvestHealth": 54,
        "soilQuality": 58,
        "waterAccess": 57,
        "slopeRisk": 100,
        "confidence": 1,
        "maskValues": {
          "farmland": 0.418,
          "density": 0.541,
          "health": 0.676,
          "cropType": 0.401
        },
        "noise": {
          "seed": 918273,
          "jitter": 0.028,
          "rotation": 5.4
        },
        "labels": [
          "synthetic",
          "demo",
          "farmland"
        ]
      },
      "geometry": {
        "type": "Polygon",
        "coordinates": [
          [
            [
              21.53,
              42.34725792125566
            ],
            [
              21.6,
              42.34725792125566
            ],
            [
              21.6,
              42.32
            ],
            [
              21.53,
              42.32
            ],
            [
              21.53,
              42.34725792125566
            ]
          ]
        ]
      }
    },
    {
      "type": "Feature",
      "properties": {
        "id": "KOS-GJN-000724",
        "parcelIndex": 724,
        "district": "Gjilan",
        "centroid": [
          21.635,
          42.37
        ],
        "areaHa": 1645.29,
        "shapeType": "irregular-rect",
        "landUse": "forest_edge",
        "cropType": "mixed",
        "isFarmland": false,
        "farmScore": 45,
        "harvestHealth": 46,
        "soilQuality": 57,
        "waterAccess": 53,
        "slopeRisk": 93,
        "confidence": 0.999,
        "maskValues": {
          "farmland": 0.413,
          "density": 0.539,
          "health": 0.615,
          "cropType": 0.426
        },
        "noise": {
          "seed": 918273,
          "jitter": 0.031,
          "rotation": -6.4
        },
        "labels": [
          "synthetic",
          "demo",
          "non-farmland"
        ]
      },
      "geometry": {
        "type": "Polygon",
        "coordinates": [
          [
            [
              21.6,
              42.3825
            ],
            [
              21.669999999999998,
              42.3825
            ],
            [
              21.669999999999998,
              42.35677001191827
            ],
            [
              21.6,
              42.35677001191827
            ],
            [
              21.6,
              42.3825
            ]
          ]
        ]
      }
    },
    {
      "type": "Feature",
      "properties": {
        "id": "KOS-GJN-000725",
        "parcelIndex": 725,
        "district": "Gjilan",
        "centroid": [
          21.641,
          42.336
        ],
        "areaHa": 2346.01,
        "shapeType": "irregular-rect",
        "landUse": "fallow",
        "cropType": "fallow",
        "isFarmland": false,
        "farmScore": 45,
        "harvestHealth": 44,
        "soilQuality": 54,
        "waterAccess": 51,
        "slopeRisk": 92,
        "confidence": 1,
        "maskValues": {
          "farmland": 0.389,
          "density": 0.517,
          "health": 0.618,
          "cropType": 0.396
        },
        "noise": {
          "seed": 918273,
          "jitter": 0.173,
          "rotation": 1.51
        },
        "labels": [
          "synthetic",
          "demo",
          "non-farmland"
        ]
      },
      "geometry": {
        "type": "Polygon",
        "coordinates": [
          [
            [
              21.6,
              42.35677001191827
            ],
            [
              21.669999999999998,
              42.35677001191827
            ],
            [
              21.669999999999998,
              42.325
            ],
            [
              21.6672,
              42.32
            ],
            [
              21.6,
              42.32
            ],
            [
              21.6,
              42.35677001191827
            ]
          ]
        ]
      }
    },
    {
      "type": "Feature",
      "properties": {
        "id": "KOS-GJN-000726",
        "parcelIndex": 726,
        "district": "Gjilan",
        "centroid": [
          21.683,
          42.366
        ],
        "areaHa": 820.21,
        "shapeType": "irregular-rect",
        "landUse": "mixed",
        "cropType": "orchard",
        "isFarmland": true,
        "farmScore": 38,
        "harvestHealth": 40,
        "soilQuality": 53,
        "waterAccess": 49,
        "slopeRisk": 89,
        "confidence": 0.88,
        "maskValues": {
          "farmland": 0.401,
          "density": 0.518,
          "health": 0.561,
          "cropType": 0.425
        },
        "noise": {
          "seed": 918273,
          "jitter": 0.144,
          "rotation": -6.14
        },
        "labels": [
          "synthetic",
          "demo",
          "farmland"
        ]
      },
      "geometry": {
        "type": "Polygon",
        "coordinates": [
          [
            [
              21.669999999999998,
              42.3825
            ],
            [
              21.69471875,
              42.3825
            ],
            [
              21.698,
              42.375
            ],
            [
              21.669999999999998,
              42.325
            ],
            [
              21.669999999999998,
              42.3825
            ]
          ]
        ]
      }
    },
    {
      "type": "Feature",
      "properties": {
        "id": "KOS-GJK-000733",
        "parcelIndex": 733,
        "district": "Gjakova",
        "centroid": [
          20.112,
          42.285
        ],
        "areaHa": 1920.07,
        "shapeType": "irregular-rect",
        "landUse": "pasture",
        "cropType": "fallow",
        "isFarmland": false,
        "farmScore": 63,
        "harvestHealth": 34,
        "soilQuality": 50,
        "waterAccess": 48,
        "slopeRisk": 81,
        "confidence": 0.94,
        "maskValues": {
          "farmland": 0.694,
          "density": 0.499,
          "health": 0.448,
          "cropType": 0.689
        },
        "noise": {
          "seed": 918273,
          "jitter": 0.064,
          "rotation": -6.88
        },
        "labels": [
          "synthetic",
          "demo",
          "non-farmland"
        ]
      },
      "geometry": {
        "type": "Polygon",
        "coordinates": [
          [
            [
              20.085529411764707,
              42.32
            ],
            [
              20.130000000000003,
              42.32
            ],
            [
              20.130000000000003,
              42.2575
            ],
            [
              20.112000000000002,
              42.2575
            ],
            [
              20.102,
              42.27
            ],
            [
              20.085529411764707,
              42.32
            ]
          ]
        ]
      }
    },
    {
      "type": "Feature",
      "properties": {
        "id": "KOS-GJK-000734",
        "parcelIndex": 734,
        "district": "Gjakova",
        "centroid": [
          20.165,
          42.289
        ],
        "areaHa": 4001.68,
        "shapeType": "rectangular",
        "landUse": "farmland",
        "cropType": "pasture",
        "isFarmland": true,
        "farmScore": 70,
        "harvestHealth": 41,
        "soilQuality": 50,
        "waterAccess": 54,
        "slopeRisk": 91,
        "confidence": 1,
        "maskValues": {
          "farmland": 0.691,
          "density": 0.529,
          "health": 0.482,
          "cropType": 0.659
        },
        "noise": {
          "seed": 918273,
          "jitter": 0.13,
          "rotation": -4.4
        },
        "labels": [
          "synthetic",
          "demo",
          "farmland"
        ]
      },
      "geometry": {
        "type": "Polygon",
        "coordinates": [
          [
            [
              20.130000000000003,
              42.32
            ],
            [
              20.200000000000003,
              42.32
            ],
            [
              20.200000000000003,
              42.2575
            ],
            [
              20.130000000000003,
              42.2575
            ],
            [
              20.130000000000003,
              42.32
            ]
          ]
        ]
      }
    },
    {
      "type": "Feature",
      "properties": {
        "id": "KOS-GJK-000735",
        "parcelIndex": 735,
        "district": "Gjakova",
        "centroid": [
          20.235,
          42.304
        ],
        "areaHa": 2072.67,
        "shapeType": "irregular-rect",
        "landUse": "pasture",
        "cropType": "pasture",
        "isFarmland": false,
        "farmScore": 62,
        "harvestHealth": 41,
        "soilQuality": 50,
        "waterAccess": 61,
        "slopeRisk": 100,
        "confidence": 1,
        "maskValues": {
          "farmland": 0.65,
          "density": 0.568,
          "health": 0.536,
          "cropType": 0.59
        },
        "noise": {
          "seed": 918273,
          "jitter": 0.03,
          "rotation": 1.17
        },
        "labels": [
          "synthetic",
          "demo",
          "non-farmland"
        ]
      },
      "geometry": {
        "type": "Polygon",
        "coordinates": [
          [
            [
              20.200000000000003,
              42.32
            ],
            [
              20.27,
              42.32
            ],
            [
              20.27,
              42.28762040577596
            ],
            [
              20.200000000000003,
              42.28762040577596
            ],
            [
              20.200000000000003,
              42.32
            ]
          ]
        ]
      }
    },
    {
      "type": "Feature",
      "properties": {
        "id": "KOS-GJK-000736",
        "parcelIndex": 736,
        "district": "Gjakova",
        "centroid": [
          20.235,
          42.273
        ],
        "areaHa": 1929.01,
        "shapeType": "irregular-rect",
        "landUse": "farmland",
        "cropType": "pasture",
        "isFarmland": true,
        "farmScore": 60,
        "harvestHealth": 41,
        "soilQuality": 53,
        "waterAccess": 60,
        "slopeRisk": 100,
        "confidence": 1,
        "maskValues": {
          "farmland": 0.665,
          "density": 0.552,
          "health": 0.529,
          "cropType": 0.612
        },
        "noise": {
          "seed": 918273,
          "jitter": 0.024,
          "rotation": -1.83
        },
        "labels": [
          "synthetic",
          "demo",
          "farmland"
        ]
      },
      "geometry": {
        "type": "Polygon",
        "coordinates": [
          [
            [
              20.200000000000003,
              42.28762040577596
            ],
            [
              20.27,
              42.28762040577596
            ],
            [
              20.27,
              42.2575
            ],
            [
              20.200000000000003,
              42.2575
            ],
            [
              20.200000000000003,
              42.28762040577596
            ]
          ]
        ]
      }
    },
    {
      "type": "Feature",
      "properties": {
        "id": "KOS-GJK-000737",
        "parcelIndex": 737,
        "district": "Gjakova",
        "centroid": [
          20.305,
          42.305
        ],
        "areaHa": 1901.35,
        "shapeType": "irregular-rect",
        "landUse": "farmland",
        "cropType": "corn",
        "isFarmland": true,
        "farmScore": 56,
        "harvestHealth": 49,
        "soilQuality": 52,
        "waterAccess": 65,
        "slopeRisk": 100,
        "confidence": 1,
        "maskValues": {
          "farmland": 0.589,
          "density": 0.59,
          "health": 0.588,
          "cropType": 0.517
        },
        "noise": {
          "seed": 918273,
          "jitter": 0.023,
          "rotation": -7.46
        },
        "labels": [
          "synthetic",
          "demo",
          "farmland"
        ]
      },
      "geometry": {
        "type": "Polygon",
        "coordinates": [
          [
            [
              20.27,
              42.32
            ],
            [
              20.34,
              42.32
            ],
            [
              20.34,
              42.29029603905103
            ],
            [
              20.27,
              42.29029603905103
            ],
            [
              20.27,
              42.32
            ]
          ]
        ]
      }
    },
    {
      "type": "Feature",
      "properties": {
        "id": "KOS-GJK-000738",
        "parcelIndex": 738,
        "district": "Gjakova",
        "centroid": [
          20.305,
          42.274
        ],
        "areaHa": 2100.32,
        "shapeType": "irregular-rect",
        "landUse": "farmland",
        "cropType": "beans",
        "isFarmland": true,
        "farmScore": 62,
        "harvestHealth": 42,
        "soilQuality": 55,
        "waterAccess": 64,
        "slopeRisk": 100,
        "confidence": 0.995,
        "maskValues": {
          "farmland": 0.604,
          "density": 0.571,
          "health": 0.571,
          "cropType": 0.533
        },
        "noise": {
          "seed": 918273,
          "jitter": 0.14,
          "rotation": 5.8
        },
        "labels": [
          "synthetic",
          "demo",
          "farmland"
        ]
      },
      "geometry": {
        "type": "Polygon",
        "coordinates": [
          [
            [
              20.27,
              42.29029603905103
            ],
            [
              20.34,
              42.29029603905103
            ],
            [
              20.34,
              42.2575
            ],
            [
              20.27,
              42.2575
            ],
            [
              20.27,
              42.29029603905103
            ]
          ]
        ]
      }
    },
    {
      "type": "Feature",
      "properties": {
        "id": "KOS-GJK-000739",
        "parcelIndex": 739,
        "district": "Gjakova",
        "centroid": [
          20.375,
          42.305
        ],
        "areaHa": 1917.73,
        "shapeType": "irregular-rect",
        "landUse": "farmland",
        "cropType": "pasture",
        "isFarmland": true,
        "farmScore": 54,
        "harvestHealth": 43,
        "soilQuality": 55,
        "waterAccess": 66,
        "slopeRisk": 100,
        "confidence": 1,
        "maskValues": {
          "farmland": 0.515,
          "density": 0.595,
          "health": 0.625,
          "cropType": 0.444
        },
        "noise": {
          "seed": 918273,
          "jitter": 0.171,
          "rotation": -2.98
        },
        "labels": [
          "synthetic",
          "demo",
          "farmland"
        ]
      },
      "geometry": {
        "type": "Polygon",
        "coordinates": [
          [
            [
              20.34,
              42.32
            ],
            [
              20.41,
              42.32
            ],
            [
              20.41,
              42.29004022297333
            ],
            [
              20.34,
              42.29004022297333
            ],
            [
              20.34,
              42.32
            ]
          ]
        ]
      }
    },
    {
      "type": "Feature",
      "properties": {
        "id": "KOS-GJK-000740",
        "parcelIndex": 740,
        "district": "Gjakova",
        "centroid": [
          20.375,
          42.274
        ],
        "areaHa": 2083.94,
        "shapeType": "irregular-rect",
        "landUse": "forest_edge",
        "cropType": "fallow",
        "isFarmland": false,
        "farmScore": 57,
        "harvestHealth": 49,
        "soilQuality": 56,
        "waterAccess": 64,
        "slopeRisk": 100,
        "confidence": 1,
        "maskValues": {
          "farmland": 0.527,
          "density": 0.576,
          "health": 0.602,
          "cropType": 0.452
        },
        "noise": {
          "seed": 918273,
          "jitter": 0.057,
          "rotation": -4.63
        },
        "labels": [
          "synthetic",
          "demo",
          "non-farmland"
        ]
      },
      "geometry": {
        "type": "Polygon",
        "coordinates": [
          [
            [
              20.34,
              42.29004022297333
            ],
            [
              20.41,
              42.29004022297333
            ],
            [
              20.41,
              42.2575
            ],
            [
              20.34,
              42.2575
            ],
            [
              20.34,
              42.29004022297333
            ]
          ]
        ]
      }
    },
    {
      "type": "Feature",
      "properties": {
        "id": "KOS-GJK-000741",
        "parcelIndex": 741,
        "district": "Gjakova",
        "centroid": [
          20.445,
          42.307
        ],
        "areaHa": 1652.28,
        "shapeType": "irregular-rect",
        "landUse": "fallow",
        "cropType": "pasture",
        "isFarmland": false,
        "farmScore": 43,
        "harvestHealth": 47,
        "soilQuality": 55,
        "waterAccess": 63,
        "slopeRisk": 100,
        "confidence": 1,
        "maskValues": {
          "farmland": 0.44,
          "density": 0.583,
          "health": 0.644,
          "cropType": 0.384
        },
        "noise": {
          "seed": 918273,
          "jitter": 0.137,
          "rotation": -1.49
        },
        "labels": [
          "synthetic",
          "demo",
          "non-farmland"
        ]
      },
      "geometry": {
        "type": "Polygon",
        "coordinates": [
          [
            [
              20.41,
              42.32
            ],
            [
              20.48,
              42.32
            ],
            [
              20.48,
              42.294186448959515
            ],
            [
              20.41,
              42.294186448959515
            ],
            [
              20.41,
              42.32
            ]
          ]
        ]
      }
    },
    {
      "type": "Feature",
      "properties": {
        "id": "KOS-GJK-000742",
        "parcelIndex": 742,
        "district": "Gjakova",
        "centroid": [
          20.445,
          42.276
        ],
        "areaHa": 2349.4,
        "shapeType": "irregular-rect",
        "landUse": "pasture",
        "cropType": "pasture",
        "isFarmland": false,
        "farmScore": 46,
        "harvestHealth": 48,
        "soilQuality": 54,
        "waterAccess": 61,
        "slopeRisk": 100,
        "confidence": 1,
        "maskValues": {
          "farmland": 0.446,
          "density": 0.567,
          "health": 0.62,
          "cropType": 0.38
        },
        "noise": {
          "seed": 918273,
          "jitter": 0.128,
          "rotation": -1.76
        },
        "labels": [
          "synthetic",
          "demo",
          "non-farmland"
        ]
      },
      "geometry": {
        "type": "Polygon",
        "coordinates": [
          [
            [
              20.41,
              42.294186448959515
            ],
            [
              20.48,
              42.294186448959515
            ],
            [
              20.48,
              42.2575
            ],
            [
              20.41,
              42.2575
            ],
            [
              20.41,
              42.294186448959515
            ]
          ]
        ]
      }
    },
    {
      "type": "Feature",
      "properties": {
        "id": "KOS-GJK-000743",
        "parcelIndex": 743,
        "district": "Gjakova",
        "centroid": [
          20.515,
          42.306
        ],
        "areaHa": 1830.52,
        "shapeType": "irregular-rect",
        "landUse": "vineyard",
        "cropType": "pasture",
        "isFarmland": true,
        "farmScore": 45,
        "harvestHealth": 45,
        "soilQuality": 53,
        "waterAccess": 57,
        "slopeRisk": 100,
        "confidence": 1,
        "maskValues": {
          "farmland": 0.378,
          "density": 0.554,
          "health": 0.636,
          "cropType": 0.346
        },
        "noise": {
          "seed": 918273,
          "jitter": 0.085,
          "rotation": -7.44
        },
        "labels": [
          "synthetic",
          "demo",
          "farmland"
        ]
      },
      "geometry": {
        "type": "Polygon",
        "coordinates": [
          [
            [
              20.48,
              42.32
            ],
            [
              20.55,
              42.32
            ],
            [
              20.55,
              42.291402445272546
            ],
            [
              20.48,
              42.291402445272546
            ],
            [
              20.48,
              42.32
            ]
          ]
        ]
      }
    },
    {
      "type": "Feature",
      "properties": {
        "id": "KOS-GJK-000744",
        "parcelIndex": 744,
        "district": "Gjakova",
        "centroid": [
          20.515,
          42.274
        ],
        "areaHa": 2171.16,
        "shapeType": "irregular-rect",
        "landUse": "farmland",
        "cropType": "barley",
        "isFarmland": true,
        "farmScore": 35,
        "harvestHealth": 47,
        "soilQuality": 50,
        "waterAccess": 56,
        "slopeRisk": 100,
        "confidence": 1,
        "maskValues": {
          "farmland": 0.377,
          "density": 0.543,
          "health": 0.615,
          "cropType": 0.332
        },
        "noise": {
          "seed": 918273,
          "jitter": 0.118,
          "rotation": 5.86
        },
        "labels": [
          "synthetic",
          "demo",
          "farmland"
        ]
      },
      "geometry": {
        "type": "Polygon",
        "coordinates": [
          [
            [
              20.48,
              42.291402445272546
            ],
            [
              20.55,
              42.291402445272546
            ],
            [
              20.55,
              42.2575
            ],
            [
              20.48,
              42.2575
            ],
            [
              20.48,
              42.291402445272546
            ]
          ]
        ]
      }
    },
    {
      "type": "Feature",
      "properties": {
        "id": "KOS-RAH-000745",
        "parcelIndex": 745,
        "district": "Rahovec",
        "centroid": [
          20.585,
          42.301
        ],
        "areaHa": 2389.29,
        "shapeType": "rectangular",
        "landUse": "forest_edge",
        "cropType": "fallow",
        "isFarmland": false,
        "farmScore": 38,
        "harvestHealth": 46,
        "soilQuality": 48,
        "waterAccess": 51,
        "slopeRisk": 96,
        "confidence": 1,
        "maskValues": {
          "farmland": 0.337,
          "density": 0.517,
          "health": 0.604,
          "cropType": 0.332
        },
        "noise": {
          "seed": 918273,
          "jitter": 0.06,
          "rotation": -1.58
        },
        "labels": [
          "synthetic",
          "demo",
          "non-farmland"
        ]
      },
      "geometry": {
        "type": "Polygon",
        "coordinates": [
          [
            [
              20.55,
              42.32
            ],
            [
              20.62,
              42.32
            ],
            [
              20.62,
              42.282675572594165
            ],
            [
              20.55,
              42.282675572594165
            ],
            [
              20.55,
              42.32
            ]
          ]
        ]
      }
    },
    {
      "type": "Feature",
      "properties": {
        "id": "KOS-RAH-000746",
        "parcelIndex": 746,
        "district": "Rahovec",
        "centroid": [
          20.585,
          42.27
        ],
        "areaHa": 1612.39,
        "shapeType": "irregular-rect",
        "landUse": "fallow",
        "cropType": "fallow",
        "isFarmland": false,
        "farmScore": 35,
        "harvestHealth": 41,
        "soilQuality": 45,
        "waterAccess": 51,
        "slopeRisk": 98,
        "confidence": 1,
        "maskValues": {
          "farmland": 0.33,
          "density": 0.512,
          "health": 0.588,
          "cropType": 0.312
        },
        "noise": {
          "seed": 918273,
          "jitter": 0.098,
          "rotation": 5.73
        },
        "labels": [
          "synthetic",
          "demo",
          "non-farmland"
        ]
      },
      "geometry": {
        "type": "Polygon",
        "coordinates": [
          [
            [
              20.55,
              42.282675572594165
            ],
            [
              20.62,
              42.282675572594165
            ],
            [
              20.62,
              42.2575
            ],
            [
              20.55,
              42.2575
            ],
            [
              20.55,
              42.282675572594165
            ]
          ]
        ]
      }
    },
    {
      "type": "Feature",
      "properties": {
        "id": "KOS-RAH-000747",
        "parcelIndex": 747,
        "district": "Rahovec",
        "centroid": [
          20.655,
          42.289
        ],
        "areaHa": 4001.68,
        "shapeType": "rectangular",
        "landUse": "forest_edge",
        "cropType": "pasture",
        "isFarmland": false,
        "farmScore": 38,
        "harvestHealth": 40,
        "soilQuality": 44,
        "waterAccess": 46,
        "slopeRisk": 94,
        "confidence": 1,
        "maskValues": {
          "farmland": 0.32,
          "density": 0.479,
          "health": 0.553,
          "cropType": 0.341
        },
        "noise": {
          "seed": 918273,
          "jitter": 0.172,
          "rotation": -5.13
        },
        "labels": [
          "synthetic",
          "demo",
          "non-farmland"
        ]
      },
      "geometry": {
        "type": "Polygon",
        "coordinates": [
          [
            [
              20.62,
              42.32
            ],
            [
              20.69,
              42.32
            ],
            [
              20.69,
              42.2575
            ],
            [
              20.62,
              42.2575
            ],
            [
              20.62,
              42.32
            ]
          ]
        ]
      }
    },
    {
      "type": "Feature",
      "properties": {
        "id": "KOS-PRZ-000748",
        "parcelIndex": 748,
        "district": "Prizren",
        "centroid": [
          20.725,
          42.289
        ],
        "areaHa": 4001.68,
        "shapeType": "rectangular",
        "landUse": "forest_edge",
        "cropType": "fallow",
        "isFarmland": false,
        "farmScore": 41,
        "harvestHealth": 43,
        "soilQuality": 43,
        "waterAccess": 43,
        "slopeRisk": 93,
        "confidence": 1,
        "maskValues": {
          "farmland": 0.341,
          "density": 0.448,
          "health": 0.495,
          "cropType": 0.387
        },
        "noise": {
          "seed": 918273,
          "jitter": 0.096,
          "rotation": -5.53
        },
        "labels": [
          "synthetic",
          "demo",
          "non-farmland"
        ]
      },
      "geometry": {
        "type": "Polygon",
        "coordinates": [
          [
            [
              20.69,
              42.32
            ],
            [
              20.76,
              42.32
            ],
            [
              20.76,
              42.2575
            ],
            [
              20.69,
              42.2575
            ],
            [
              20.69,
              42.32
            ]
          ]
        ]
      }
    },
    {
      "type": "Feature",
      "properties": {
        "id": "KOS-SUH-000749",
        "parcelIndex": 749,
        "district": "Suhareka",
        "centroid": [
          20.795,
          42.289
        ],
        "areaHa": 4001.68,
        "shapeType": "rectangular",
        "landUse": "farmland",
        "cropType": "corn",
        "isFarmland": true,
        "farmScore": 40,
        "harvestHealth": 36,
        "soilQuality": 45,
        "waterAccess": 41,
        "slopeRisk": 93,
        "confidence": 1,
        "maskValues": {
          "farmland": 0.389,
          "density": 0.429,
          "health": 0.436,
          "cropType": 0.452
        },
        "noise": {
          "seed": 918273,
          "jitter": 0.074,
          "rotation": 1.16
        },
        "labels": [
          "synthetic",
          "demo",
          "farmland"
        ]
      },
      "geometry": {
        "type": "Polygon",
        "coordinates": [
          [
            [
              20.76,
              42.32
            ],
            [
              20.830000000000002,
              42.32
            ],
            [
              20.830000000000002,
              42.2575
            ],
            [
              20.76,
              42.2575
            ],
            [
              20.76,
              42.32
            ]
          ]
        ]
      }
    },
    {
      "type": "Feature",
      "properties": {
        "id": "KOS-SUH-000750",
        "parcelIndex": 750,
        "district": "Suhareka",
        "centroid": [
          20.865,
          42.289
        ],
        "areaHa": 4001.68,
        "shapeType": "rectangular",
        "landUse": "farmland",
        "cropType": "potato",
        "isFarmland": true,
        "farmScore": 51,
        "harvestHealth": 32,
        "soilQuality": 49,
        "waterAccess": 40,
        "slopeRisk": 90,
        "confidence": 1,
        "maskValues": {
          "farmland": 0.456,
          "density": 0.424,
          "health": 0.386,
          "cropType": 0.524
        },
        "noise": {
          "seed": 918273,
          "jitter": 0.071,
          "rotation": -5.45
        },
        "labels": [
          "synthetic",
          "demo",
          "farmland"
        ]
      },
      "geometry": {
        "type": "Polygon",
        "coordinates": [
          [
            [
              20.830000000000002,
              42.32
            ],
            [
              20.9,
              42.32
            ],
            [
              20.9,
              42.2575
            ],
            [
              20.830000000000002,
              42.2575
            ],
            [
              20.830000000000002,
              42.32
            ]
          ]
        ]
      }
    },
    {
      "type": "Feature",
      "properties": {
        "id": "KOS-SUH-000751",
        "parcelIndex": 751,
        "district": "Suhareka",
        "centroid": [
          20.935,
          42.289
        ],
        "areaHa": 4001.68,
        "shapeType": "rectangular",
        "landUse": "vineyard",
        "cropType": "corn",
        "isFarmland": true,
        "farmScore": 49,
        "harvestHealth": 34,
        "soilQuality": 52,
        "waterAccess": 40,
        "slopeRisk": 85,
        "confidence": 1,
        "maskValues": {
          "farmland": 0.529,
          "density": 0.435,
          "health": 0.354,
          "cropType": 0.59
        },
        "noise": {
          "seed": 918273,
          "jitter": 0.075,
          "rotation": -6.58
        },
        "labels": [
          "synthetic",
          "demo",
          "farmland"
        ]
      },
      "geometry": {
        "type": "Polygon",
        "coordinates": [
          [
            [
              20.9,
              42.32
            ],
            [
              20.97,
              42.32
            ],
            [
              20.97,
              42.2575
            ],
            [
              20.9,
              42.2575
            ],
            [
              20.9,
              42.32
            ]
          ]
        ]
      }
    },
    {
      "type": "Feature",
      "properties": {
        "id": "KOS-FRZ-000752",
        "parcelIndex": 752,
        "district": "Ferizaj",
        "centroid": [
          21.005,
          42.289
        ],
        "areaHa": 4001.68,
        "shapeType": "rectangular",
        "landUse": "forest_edge",
        "cropType": "pasture",
        "isFarmland": false,
        "farmScore": 60,
        "harvestHealth": 33,
        "soilQuality": 53,
        "waterAccess": 40,
        "slopeRisk": 79,
        "confidence": 1,
        "maskValues": {
          "farmland": 0.594,
          "density": 0.457,
          "health": 0.348,
          "cropType": 0.638
        },
        "noise": {
          "seed": 918273,
          "jitter": 0.125,
          "rotation": -1.77
        },
        "labels": [
          "synthetic",
          "demo",
          "non-farmland"
        ]
      },
      "geometry": {
        "type": "Polygon",
        "coordinates": [
          [
            [
              20.97,
              42.32
            ],
            [
              21.04,
              42.32
            ],
            [
              21.04,
              42.2575
            ],
            [
              20.97,
              42.2575
            ],
            [
              20.97,
              42.32
            ]
          ]
        ]
      }
    },
    {
      "type": "Feature",
      "properties": {
        "id": "KOS-FRZ-000753",
        "parcelIndex": 753,
        "district": "Ferizaj",
        "centroid": [
          21.075,
          42.289
        ],
        "areaHa": 4001.68,
        "shapeType": "rectangular",
        "landUse": "farmland",
        "cropType": "potato",
        "isFarmland": true,
        "farmScore": 66,
        "harvestHealth": 33,
        "soilQuality": 51,
        "waterAccess": 43,
        "slopeRisk": 77,
        "confidence": 1,
        "maskValues": {
          "farmland": 0.641,
          "density": 0.486,
          "health": 0.37,
          "cropType": 0.659
        },
        "noise": {
          "seed": 918273,
          "jitter": 0.161,
          "rotation": 6.89
        },
        "labels": [
          "synthetic",
          "demo",
          "farmland"
        ]
      },
      "geometry": {
        "type": "Polygon",
        "coordinates": [
          [
            [
              21.04,
              42.32
            ],
            [
              21.11,
              42.32
            ],
            [
              21.11,
              42.2575
            ],
            [
              21.04,
              42.2575
            ],
            [
              21.04,
              42.32
            ]
          ]
        ]
      }
    },
    {
      "type": "Feature",
      "properties": {
        "id": "KOS-FRZ-000754",
        "parcelIndex": 754,
        "district": "Ferizaj",
        "centroid": [
          21.145,
          42.289
        ],
        "areaHa": 4001.68,
        "shapeType": "rectangular",
        "landUse": "vineyard",
        "cropType": "vineyard",
        "isFarmland": true,
        "farmScore": 60,
        "harvestHealth": 32,
        "soilQuality": 49,
        "waterAccess": 47,
        "slopeRisk": 81,
        "confidence": 1,
        "maskValues": {
          "farmland": 0.661,
          "density": 0.515,
          "health": 0.416,
          "cropType": 0.651
        },
        "noise": {
          "seed": 918273,
          "jitter": 0.05,
          "rotation": 5.9
        },
        "labels": [
          "synthetic",
          "demo",
          "farmland"
        ]
      },
      "geometry": {
        "type": "Polygon",
        "coordinates": [
          [
            [
              21.11,
              42.32
            ],
            [
              21.18,
              42.32
            ],
            [
              21.18,
              42.2575
            ],
            [
              21.11,
              42.2575
            ],
            [
              21.11,
              42.32
            ]
          ]
        ]
      }
    },
    {
      "type": "Feature",
      "properties": {
        "id": "KOS-FRZ-000755",
        "parcelIndex": 755,
        "district": "Ferizaj",
        "centroid": [
          21.215,
          42.289
        ],
        "areaHa": 4001.68,
        "shapeType": "rectangular",
        "landUse": "fallow",
        "cropType": "pasture",
        "isFarmland": false,
        "farmScore": 58,
        "harvestHealth": 35,
        "soilQuality": 48,
        "waterAccess": 54,
        "slopeRisk": 92,
        "confidence": 1,
        "maskValues": {
          "farmland": 0.652,
          "density": 0.539,
          "health": 0.479,
          "cropType": 0.618
        },
        "noise": {
          "seed": 918273,
          "jitter": 0.177,
          "rotation": 2.28
        },
        "labels": [
          "synthetic",
          "demo",
          "non-farmland"
        ]
      },
      "geometry": {
        "type": "Polygon",
        "coordinates": [
          [
            [
              21.18,
              42.32
            ],
            [
              21.25,
              42.32
            ],
            [
              21.25,
              42.2575
            ],
            [
              21.18,
              42.2575
            ],
            [
              21.18,
              42.32
            ]
          ]
        ]
      }
    },
    {
      "type": "Feature",
      "properties": {
        "id": "KOS-FRZ-000756",
        "parcelIndex": 756,
        "district": "Ferizaj",
        "centroid": [
          21.285,
          42.302
        ],
        "areaHa": 2348.31,
        "shapeType": "irregular-rect",
        "landUse": "farmland",
        "cropType": "wheat",
        "isFarmland": true,
        "farmScore": 56,
        "harvestHealth": 40,
        "soilQuality": 49,
        "waterAccess": 59,
        "slopeRisk": 100,
        "confidence": 1,
        "maskValues": {
          "farmland": 0.613,
          "density": 0.557,
          "health": 0.555,
          "cropType": 0.559
        },
        "noise": {
          "seed": 918273,
          "jitter": 0.174,
          "rotation": -0.33
        },
        "labels": [
          "synthetic",
          "demo",
          "farmland"
        ]
      },
      "geometry": {
        "type": "Polygon",
        "coordinates": [
          [
            [
              21.25,
              42.32
            ],
            [
              21.32,
              42.32
            ],
            [
              21.32,
              42.283315517071166
            ],
            [
              21.25,
              42.283315517071166
            ],
            [
              21.25,
              42.32
            ]
          ]
        ]
      }
    },
    {
      "type": "Feature",
      "properties": {
        "id": "KOS-FRZ-000757",
        "parcelIndex": 757,
        "district": "Ferizaj",
        "centroid": [
          21.285,
          42.27
        ],
        "areaHa": 1653.37,
        "shapeType": "irregular-rect",
        "landUse": "farmland",
        "cropType": "beans",
        "isFarmland": true,
        "farmScore": 60,
        "harvestHealth": 44,
        "soilQuality": 51,
        "waterAccess": 60,
        "slopeRisk": 100,
        "confidence": 1,
        "maskValues": {
          "farmland": 0.624,
          "density": 0.55,
          "health": 0.537,
          "cropType": 0.574
        },
        "noise": {
          "seed": 918273,
          "jitter": 0.162,
          "rotation": 6.44
        },
        "labels": [
          "synthetic",
          "demo",
          "farmland"
        ]
      },
      "geometry": {
        "type": "Polygon",
        "coordinates": [
          [
            [
              21.25,
              42.283315517071166
            ],
            [
              21.32,
              42.283315517071166
            ],
            [
              21.32,
              42.2575
            ],
            [
              21.25,
              42.2575
            ],
            [
              21.25,
              42.283315517071166
            ]
          ]
        ]
      }
    },
    {
      "type": "Feature",
      "properties": {
        "id": "KOS-GJN-000758",
        "parcelIndex": 758,
        "district": "Gjilan",
        "centroid": [
          21.355,
          42.307
        ],
        "areaHa": 1707.66,
        "shapeType": "irregular-rect",
        "landUse": "mixed",
        "cropType": "wheat",
        "isFarmland": true,
        "farmScore": 60,
        "harvestHealth": 49,
        "soilQuality": 52,
        "waterAccess": 64,
        "slopeRisk": 100,
        "confidence": 1,
        "maskValues": {
          "farmland": 0.56,
          "density": 0.565,
          "health": 0.623,
          "cropType": 0.501
        },
        "noise": {
          "seed": 918273,
          "jitter": 0.131,
          "rotation": 6.87
        },
        "labels": [
          "synthetic",
          "demo",
          "farmland"
        ]
      },
      "geometry": {
        "type": "Polygon",
        "coordinates": [
          [
            [
              21.32,
              42.32
            ],
            [
              21.39,
              42.32
            ],
            [
              21.39,
              42.29332147227426
            ],
            [
              21.32,
              42.29332147227426
            ],
            [
              21.32,
              42.32
            ]
          ]
        ]
      }
    },
    {
      "type": "Feature",
      "properties": {
        "id": "KOS-GJN-000759",
        "parcelIndex": 759,
        "district": "Gjilan",
        "centroid": [
          21.355,
          42.275
        ],
        "areaHa": 2294.02,
        "shapeType": "irregular-rect",
        "landUse": "farmland",
        "cropType": "vineyard",
        "isFarmland": true,
        "farmScore": 59,
        "harvestHealth": 44,
        "soilQuality": 53,
        "waterAccess": 63,
        "slopeRisk": 100,
        "confidence": 1,
        "maskValues": {
          "farmland": 0.567,
          "density": 0.554,
          "health": 0.598,
          "cropType": 0.506
        },
        "noise": {
          "seed": 918273,
          "jitter": 0.124,
          "rotation": -0.65
        },
        "labels": [
          "synthetic",
          "demo",
          "farmland"
        ]
      },
      "geometry": {
        "type": "Polygon",
        "coordinates": [
          [
            [
              21.32,
              42.29332147227426
            ],
            [
              21.39,
              42.29332147227426
            ],
            [
              21.39,
              42.2575
            ],
            [
              21.32,
              42.2575
            ],
            [
              21.32,
              42.29332147227426
            ]
          ]
        ]
      }
    },
    {
      "type": "Feature",
      "properties": {
        "id": "KOS-GJN-000760",
        "parcelIndex": 760,
        "district": "Gjilan",
        "centroid": [
          21.425,
          42.303
        ],
        "areaHa": 2218.68,
        "shapeType": "irregular-rect",
        "landUse": "orchard",
        "cropType": "orchard",
        "isFarmland": true,
        "farmScore": 46,
        "harvestHealth": 54,
        "soilQuality": 56,
        "waterAccess": 64,
        "slopeRisk": 100,
        "confidence": 1,
        "maskValues": {
          "farmland": 0.502,
          "density": 0.559,
          "health": 0.664,
          "cropType": 0.447
        },
        "noise": {
          "seed": 918273,
          "jitter": 0.067,
          "rotation": -1.55
        },
        "labels": [
          "synthetic",
          "demo",
          "farmland"
        ]
      },
      "geometry": {
        "type": "Polygon",
        "coordinates": [
          [
            [
              21.39,
              42.32
            ],
            [
              21.46,
              42.32
            ],
            [
              21.46,
              42.28533999634558
            ],
            [
              21.39,
              42.28533999634558
            ],
            [
              21.39,
              42.32
            ]
          ]
        ]
      }
    },
    {
      "type": "Feature",
      "properties": {
        "id": "KOS-GJN-000761",
        "parcelIndex": 761,
        "district": "Gjilan",
        "centroid": [
          21.425,
          42.271
        ],
        "areaHa": 1783,
        "shapeType": "irregular-rect",
        "landUse": "orchard",
        "cropType": "beans",
        "isFarmland": true,
        "farmScore": 46,
        "harvestHealth": 49,
        "soilQuality": 56,
        "waterAccess": 63,
        "slopeRisk": 100,
        "confidence": 1,
        "maskValues": {
          "farmland": 0.503,
          "density": 0.544,
          "health": 0.636,
          "cropType": 0.443
        },
        "noise": {
          "seed": 918273,
          "jitter": 0.06,
          "rotation": -4.77
        },
        "labels": [
          "synthetic",
          "demo",
          "farmland"
        ]
      },
      "geometry": {
        "type": "Polygon",
        "coordinates": [
          [
            [
              21.39,
              42.28533999634558
            ],
            [
              21.46,
              42.28533999634558
            ],
            [
              21.46,
              42.2575
            ],
            [
              21.39,
              42.2575
            ],
            [
              21.39,
              42.28533999634558
            ]
          ]
        ]
      }
    },
    {
      "type": "Feature",
      "properties": {
        "id": "KOS-GJN-000762",
        "parcelIndex": 762,
        "district": "Gjilan",
        "centroid": [
          21.478,
          42.307
        ],
        "areaHa": 823.15,
        "shapeType": "rectangular",
        "landUse": "orchard",
        "cropType": "corn",
        "isFarmland": true,
        "farmScore": 51,
        "harvestHealth": 50,
        "soilQuality": 57,
        "waterAccess": 63,
        "slopeRisk": 100,
        "confidence": 1,
        "maskValues": {
          "farmland": 0.459,
          "density": 0.552,
          "health": 0.682,
          "cropType": 0.414
        },
        "noise": {
          "seed": 918273,
          "jitter": 0.143,
          "rotation": -3.87
        },
        "labels": [
          "synthetic",
          "demo",
          "farmland"
        ]
      },
      "geometry": {
        "type": "Polygon",
        "coordinates": [
          [
            [
              21.46,
              42.32
            ],
            [
              21.495448661739008,
              42.32
            ],
            [
              21.495448661739008,
              42.294605343941946
            ],
            [
              21.46,
              42.294605343941946
            ],
            [
              21.46,
              42.32
            ]
          ]
        ]
      }
    },
    {
      "type": "Feature",
      "properties": {
        "id": "KOS-GJN-000763",
        "parcelIndex": 763,
        "district": "Gjilan",
        "centroid": [
          21.513,
          42.307
        ],
        "areaHa": 802.31,
        "shapeType": "rectangular",
        "landUse": "pasture",
        "cropType": "pasture",
        "isFarmland": false,
        "farmScore": 43,
        "harvestHealth": 53,
        "soilQuality": 58,
        "waterAccess": 60,
        "slopeRisk": 100,
        "confidence": 1,
        "maskValues": {
          "farmland": 0.433,
          "density": 0.544,
          "health": 0.681,
          "cropType": 0.397
        },
        "noise": {
          "seed": 918273,
          "jitter": 0.112,
          "rotation": -4.25
        },
        "labels": [
          "synthetic",
          "demo",
          "non-farmland"
        ]
      },
      "geometry": {
        "type": "Polygon",
        "coordinates": [
          [
            [
              21.495448661739008,
              42.32
            ],
            [
              21.53,
              42.32
            ],
            [
              21.53,
              42.294605343941946
            ],
            [
              21.495448661739008,
              42.294605343941946
            ],
            [
              21.495448661739008,
              42.32
            ]
          ]
        ]
      }
    },
    {
      "type": "Feature",
      "properties": {
        "id": "KOS-GJN-000764",
        "parcelIndex": 764,
        "district": "Gjilan",
        "centroid": [
          21.478,
          42.276
        ],
        "areaHa": 1203.34,
        "shapeType": "irregular-rect",
        "landUse": "pasture",
        "cropType": "fallow",
        "isFarmland": false,
        "farmScore": 50,
        "harvestHealth": 52,
        "soilQuality": 57,
        "waterAccess": 61,
        "slopeRisk": 100,
        "confidence": 0.997,
        "maskValues": {
          "farmland": 0.455,
          "density": 0.536,
          "health": 0.657,
          "cropType": 0.402
        },
        "noise": {
          "seed": 918273,
          "jitter": 0.167,
          "rotation": 4.33
        },
        "labels": [
          "synthetic",
          "demo",
          "non-farmland"
        ]
      },
      "geometry": {
        "type": "Polygon",
        "coordinates": [
          [
            [
              21.46,
              42.294605343941946
            ],
            [
              21.495448661739008,
              42.294605343941946
            ],
            [
              21.495448661739008,
              42.2575
            ],
            [
              21.46,
              42.2575
            ],
            [
              21.46,
              42.294605343941946
            ]
          ]
        ]
      }
    },
    {
      "type": "Feature",
      "properties": {
        "id": "KOS-GJN-000765",
        "parcelIndex": 765,
        "district": "Gjilan",
        "centroid": [
          21.513,
          42.276
        ],
        "areaHa": 1172.88,
        "shapeType": "irregular-rect",
        "landUse": "farmland",
        "cropType": "vegetables",
        "isFarmland": true,
        "farmScore": 42,
        "harvestHealth": 44,
        "soilQuality": 56,
        "waterAccess": 59,
        "slopeRisk": 100,
        "confidence": 1,
        "maskValues": {
          "farmland": 0.426,
          "density": 0.527,
          "health": 0.659,
          "cropType": 0.381
        },
        "noise": {
          "seed": 918273,
          "jitter": 0.145,
          "rotation": -4.31
        },
        "labels": [
          "synthetic",
          "demo",
          "farmland"
        ]
      },
      "geometry": {
        "type": "Polygon",
        "coordinates": [
          [
            [
              21.495448661739008,
              42.294605343941946
            ],
            [
              21.53,
              42.294605343941946
            ],
            [
              21.53,
              42.2575
            ],
            [
              21.495448661739008,
              42.2575
            ],
            [
              21.495448661739008,
              42.294605343941946
            ]
          ]
        ]
      }
    },
    {
      "type": "Feature",
      "properties": {
        "id": "KOS-GJN-000766",
        "parcelIndex": 766,
        "district": "Gjilan",
        "centroid": [
          21.565,
          42.303
        ],
        "areaHa": 2143.7,
        "shapeType": "irregular-rect",
        "landUse": "pasture",
        "cropType": "pasture",
        "isFarmland": false,
        "farmScore": 40,
        "harvestHealth": 52,
        "soilQuality": 56,
        "waterAccess": 56,
        "slopeRisk": 100,
        "confidence": 1,
        "maskValues": {
          "farmland": 0.398,
          "density": 0.526,
          "health": 0.662,
          "cropType": 0.378
        },
        "noise": {
          "seed": 918273,
          "jitter": 0.161,
          "rotation": -5.25
        },
        "labels": [
          "synthetic",
          "demo",
          "non-farmland"
        ]
      },
      "geometry": {
        "type": "Polygon",
        "coordinates": [
          [
            [
              21.53,
              42.32
            ],
            [
              21.6,
              42.32
            ],
            [
              21.6,
              42.286511045425435
            ],
            [
              21.53,
              42.286511045425435
            ],
            [
              21.53,
              42.32
            ]
          ]
        ]
      }
    },
    {
      "type": "Feature",
      "properties": {
        "id": "KOS-GJN-000767",
        "parcelIndex": 767,
        "district": "Gjilan",
        "centroid": [
          21.565,
          42.272
        ],
        "areaHa": 1857.98,
        "shapeType": "irregular-rect",
        "landUse": "farmland",
        "cropType": "corn",
        "isFarmland": true,
        "farmScore": 45,
        "harvestHealth": 44,
        "soilQuality": 54,
        "waterAccess": 54,
        "slopeRisk": 100,
        "confidence": 1,
        "maskValues": {
          "farmland": 0.388,
          "density": 0.51,
          "health": 0.647,
          "cropType": 0.358
        },
        "noise": {
          "seed": 918273,
          "jitter": 0.048,
          "rotation": 1.94
        },
        "labels": [
          "synthetic",
          "demo",
          "farmland"
        ]
      },
      "geometry": {
        "type": "Polygon",
        "coordinates": [
          [
            [
              21.53,
              42.286511045425435
            ],
            [
              21.6,
              42.286511045425435
            ],
            [
              21.6,
              42.2575
            ],
            [
              21.53,
              42.2575
            ],
            [
              21.53,
              42.286511045425435
            ]
          ]
        ]
      }
    },
    {
      "type": "Feature",
      "properties": {
        "id": "KOS-GJN-000768",
        "parcelIndex": 768,
        "district": "Gjilan",
        "centroid": [
          21.63,
          42.307
        ],
        "areaHa": 1376.25,
        "shapeType": "irregular-rect",
        "landUse": "farmland",
        "cropType": "potato",
        "isFarmland": true,
        "farmScore": 40,
        "harvestHealth": 48,
        "soilQuality": 53,
        "waterAccess": 50,
        "slopeRisk": 93,
        "confidence": 0.976,
        "maskValues": {
          "farmland": 0.374,
          "density": 0.506,
          "health": 0.619,
          "cropType": 0.376
        },
        "noise": {
          "seed": 918273,
          "jitter": 0.081,
          "rotation": -2.51
        },
        "labels": [
          "synthetic",
          "demo",
          "farmland"
        ]
      },
      "geometry": {
        "type": "Polygon",
        "coordinates": [
          [
            [
              21.6,
              42.32
            ],
            [
              21.6672,
              42.32
            ],
            [
              21.65319908210314,
              42.29499836089846
            ],
            [
              21.6,
              42.29499836089846
            ],
            [
              21.6,
              42.32
            ]
          ]
        ]
      }
    },
    {
      "type": "Feature",
      "properties": {
        "id": "KOS-GJN-000769",
        "parcelIndex": 769,
        "district": "Gjilan",
        "centroid": [
          21.621,
          42.276
        ],
        "areaHa": 1464.82,
        "shapeType": "irregular-rect",
        "landUse": "pasture",
        "cropType": "pasture",
        "isFarmland": false,
        "farmScore": 44,
        "harvestHealth": 51,
        "soilQuality": 51,
        "waterAccess": 50,
        "slopeRisk": 95,
        "confidence": 0.952,
        "maskValues": {
          "farmland": 0.363,
          "density": 0.495,
          "health": 0.62,
          "cropType": 0.353
        },
        "noise": {
          "seed": 918273,
          "jitter": 0.13,
          "rotation": -7.38
        },
        "labels": [
          "synthetic",
          "demo",
          "non-farmland"
        ]
      },
      "geometry": {
        "type": "Polygon",
        "coordinates": [
          [
            [
              21.6,
              42.29499836089846
            ],
            [
              21.65319908210314,
              42.29499836089846
            ],
            [
              21.6322,
              42.2575
            ],
            [
              21.6,
              42.2575
            ],
            [
              21.6,
              42.29499836089846
            ]
          ]
        ]
      }
    },
    {
      "type": "Feature",
      "properties": {
        "id": "KOS-GJK-000777",
        "parcelIndex": 777,
        "district": "Gjakova",
        "centroid": [
          20.124,
          42.25
        ],
        "areaHa": 185.35,
        "shapeType": "irregular-rect",
        "landUse": "farmland",
        "cropType": "beans",
        "isFarmland": true,
        "farmScore": 67,
        "harvestHealth": 39,
        "soilQuality": 53,
        "waterAccess": 50,
        "slopeRisk": 84,
        "confidence": 0.848,
        "maskValues": {
          "farmland": 0.701,
          "density": 0.502,
          "health": 0.476,
          "cropType": 0.698
        },
        "noise": {
          "seed": 918273,
          "jitter": 0.073,
          "rotation": -5.83
        },
        "labels": [
          "synthetic",
          "demo",
          "farmland"
        ]
      },
      "geometry": {
        "type": "Polygon",
        "coordinates": [
          [
            [
              20.112000000000002,
              42.2575
            ],
            [
              20.130000000000003,
              42.2575
            ],
            [
              20.130000000000003,
              42.235
            ],
            [
              20.112000000000002,
              42.2575
            ]
          ]
        ]
      }
    },
    {
      "type": "Feature",
      "properties": {
        "id": "KOS-GJK-000778",
        "parcelIndex": 778,
        "district": "Gjakova",
        "centroid": [
          20.164,
          42.228
        ],
        "areaHa": 3419.57,
        "shapeType": "irregular-rect",
        "landUse": "farmland",
        "cropType": "corn",
        "isFarmland": true,
        "farmScore": 61,
        "harvestHealth": 37,
        "soilQuality": 55,
        "waterAccess": 54,
        "slopeRisk": 94,
        "confidence": 0.976,
        "maskValues": {
          "farmland": 0.697,
          "density": 0.508,
          "health": 0.501,
          "cropType": 0.685
        },
        "noise": {
          "seed": 918273,
          "jitter": 0.122,
          "rotation": 7.46
        },
        "labels": [
          "synthetic",
          "demo",
          "farmland"
        ]
      },
      "geometry": {
        "type": "Polygon",
        "coordinates": [
          [
            [
              20.130000000000003,
              42.2575
            ],
            [
              20.200000000000003,
              42.2575
            ],
            [
              20.200000000000003,
              42.195
            ],
            [
              20.162000000000003,
              42.195
            ],
            [
              20.130000000000003,
              42.235
            ],
            [
              20.130000000000003,
              42.2575
            ]
          ]
        ]
      }
    },
    {
      "type": "Feature",
      "properties": {
        "id": "KOS-GJK-000779",
        "parcelIndex": 779,
        "district": "Gjakova",
        "centroid": [
          20.235,
          42.242
        ],
        "areaHa": 1943.09,
        "shapeType": "irregular-rect",
        "landUse": "mixed",
        "cropType": "orchard",
        "isFarmland": true,
        "farmScore": 62,
        "harvestHealth": 37,
        "soilQuality": 55,
        "waterAccess": 60,
        "slopeRisk": 100,
        "confidence": 1,
        "maskValues": {
          "farmland": 0.667,
          "density": 0.54,
          "health": 0.533,
          "cropType": 0.618
        },
        "noise": {
          "seed": 918273,
          "jitter": 0.057,
          "rotation": -4.64
        },
        "labels": [
          "synthetic",
          "demo",
          "farmland"
        ]
      },
      "geometry": {
        "type": "Polygon",
        "coordinates": [
          [
            [
              20.200000000000003,
              42.2575
            ],
            [
              20.27,
              42.2575
            ],
            [
              20.27,
              42.22717429833021
            ],
            [
              20.200000000000003,
              42.22717429833021
            ],
            [
              20.200000000000003,
              42.2575
            ]
          ]
        ]
      }
    },
    {
      "type": "Feature",
      "properties": {
        "id": "KOS-GJK-000780",
        "parcelIndex": 780,
        "district": "Gjakova",
        "centroid": [
          20.235,
          42.211
        ],
        "areaHa": 2062.56,
        "shapeType": "irregular-rect",
        "landUse": "orchard",
        "cropType": "wheat",
        "isFarmland": true,
        "farmScore": 66,
        "harvestHealth": 37,
        "soilQuality": 58,
        "waterAccess": 59,
        "slopeRisk": 100,
        "confidence": 1,
        "maskValues": {
          "farmland": 0.67,
          "density": 0.515,
          "health": 0.526,
          "cropType": 0.633
        },
        "noise": {
          "seed": 918273,
          "jitter": 0.123,
          "rotation": -7.08
        },
        "labels": [
          "synthetic",
          "demo",
          "farmland"
        ]
      },
      "geometry": {
        "type": "Polygon",
        "coordinates": [
          [
            [
              20.200000000000003,
              42.22717429833021
            ],
            [
              20.27,
              42.22717429833021
            ],
            [
              20.27,
              42.195
            ],
            [
              20.200000000000003,
              42.195
            ],
            [
              20.200000000000003,
              42.22717429833021
            ]
          ]
        ]
      }
    },
    {
      "type": "Feature",
      "properties": {
        "id": "KOS-GJK-000781",
        "parcelIndex": 781,
        "district": "Gjakova",
        "centroid": [
          20.305,
          42.243
        ],
        "areaHa": 1871.08,
        "shapeType": "irregular-rect",
        "landUse": "mixed",
        "cropType": "vineyard",
        "isFarmland": true,
        "farmScore": 62,
        "harvestHealth": 45,
        "soilQuality": 57,
        "waterAccess": 63,
        "slopeRisk": 100,
        "confidence": 1,
        "maskValues": {
          "farmland": 0.606,
          "density": 0.557,
          "health": 0.563,
          "cropType": 0.535
        },
        "noise": {
          "seed": 918273,
          "jitter": 0.086,
          "rotation": 4.01
        },
        "labels": [
          "synthetic",
          "demo",
          "farmland"
        ]
      },
      "geometry": {
        "type": "Polygon",
        "coordinates": [
          [
            [
              20.27,
              42.2575
            ],
            [
              20.34,
              42.2575
            ],
            [
              20.34,
              42.22829783850931
            ],
            [
              20.27,
              42.22829783850931
            ],
            [
              20.27,
              42.2575
            ]
          ]
        ]
      }
    },
    {
      "type": "Feature",
      "properties": {
        "id": "KOS-GJK-000782",
        "parcelIndex": 782,
        "district": "Gjakova",
        "centroid": [
          20.305,
          42.212
        ],
        "areaHa": 2134.56,
        "shapeType": "irregular-rect",
        "landUse": "farmland",
        "cropType": "wheat",
        "isFarmland": true,
        "farmScore": 60,
        "harvestHealth": 44,
        "soilQuality": 59,
        "waterAccess": 61,
        "slopeRisk": 100,
        "confidence": 0.992,
        "maskValues": {
          "farmland": 0.615,
          "density": 0.528,
          "health": 0.545,
          "cropType": 0.552
        },
        "noise": {
          "seed": 918273,
          "jitter": 0.024,
          "rotation": 4.42
        },
        "labels": [
          "synthetic",
          "demo",
          "farmland"
        ]
      },
      "geometry": {
        "type": "Polygon",
        "coordinates": [
          [
            [
              20.27,
              42.22829783850931
            ],
            [
              20.34,
              42.22829783850931
            ],
            [
              20.34,
              42.195
            ],
            [
              20.27,
              42.195
            ],
            [
              20.27,
              42.22829783850931
            ]
          ]
        ]
      }
    },
    {
      "type": "Feature",
      "properties": {
        "id": "KOS-GJK-000783",
        "parcelIndex": 783,
        "district": "Gjakova",
        "centroid": [
          20.375,
          42.243
        ],
        "areaHa": 1898.82,
        "shapeType": "irregular-rect",
        "landUse": "farmland",
        "cropType": "potato",
        "isFarmland": true,
        "farmScore": 51,
        "harvestHealth": 46,
        "soilQuality": 56,
        "waterAccess": 63,
        "slopeRisk": 100,
        "confidence": 1,
        "maskValues": {
          "farmland": 0.526,
          "density": 0.561,
          "health": 0.585,
          "cropType": 0.448
        },
        "noise": {
          "seed": 918273,
          "jitter": 0.056,
          "rotation": -4.37
        },
        "labels": [
          "synthetic",
          "demo",
          "farmland"
        ]
      },
      "geometry": {
        "type": "Polygon",
        "coordinates": [
          [
            [
              20.34,
              42.2575
            ],
            [
              20.41,
              42.2575
            ],
            [
              20.41,
              42.22786504118587
            ],
            [
              20.34,
              42.22786504118587
            ],
            [
              20.34,
              42.2575
            ]
          ]
        ]
      }
    },
    {
      "type": "Feature",
      "properties": {
        "id": "KOS-GJK-000784",
        "parcelIndex": 784,
        "district": "Gjakova",
        "centroid": [
          20.375,
          42.211
        ],
        "areaHa": 2106.82,
        "shapeType": "irregular-rect",
        "landUse": "farmland",
        "cropType": "corn",
        "isFarmland": true,
        "farmScore": 56,
        "harvestHealth": 44,
        "soilQuality": 56,
        "waterAccess": 60,
        "slopeRisk": 100,
        "confidence": 1,
        "maskValues": {
          "farmland": 0.54,
          "density": 0.534,
          "health": 0.559,
          "cropType": 0.462
        },
        "noise": {
          "seed": 918273,
          "jitter": 0.024,
          "rotation": -3.56
        },
        "labels": [
          "synthetic",
          "demo",
          "farmland"
        ]
      },
      "geometry": {
        "type": "Polygon",
        "coordinates": [
          [
            [
              20.34,
              42.22786504118587
            ],
            [
              20.41,
              42.22786504118587
            ],
            [
              20.41,
              42.195
            ],
            [
              20.34,
              42.195
            ],
            [
              20.34,
              42.22786504118587
            ]
          ]
        ]
      }
    },
    {
      "type": "Feature",
      "properties": {
        "id": "KOS-GJK-000785",
        "parcelIndex": 785,
        "district": "Gjakova",
        "centroid": [
          20.445,
          42.241
        ],
        "areaHa": 2166.38,
        "shapeType": "irregular-rect",
        "landUse": "fallow",
        "cropType": "mixed",
        "isFarmland": false,
        "farmScore": 46,
        "harvestHealth": 43,
        "soilQuality": 52,
        "waterAccess": 59,
        "slopeRisk": 100,
        "confidence": 1,
        "maskValues": {
          "farmland": 0.443,
          "density": 0.552,
          "health": 0.593,
          "cropType": 0.372
        },
        "noise": {
          "seed": 918273,
          "jitter": 0.146,
          "rotation": -6.78
        },
        "labels": [
          "synthetic",
          "demo",
          "non-farmland"
        ]
      },
      "geometry": {
        "type": "Polygon",
        "coordinates": [
          [
            [
              20.41,
              42.2575
            ],
            [
              20.48,
              42.2575
            ],
            [
              20.48,
              42.22369036552147
            ],
            [
              20.41,
              42.22369036552147
            ],
            [
              20.41,
              42.2575
            ]
          ]
        ]
      }
    },
    {
      "type": "Feature",
      "properties": {
        "id": "KOS-GJK-000786",
        "parcelIndex": 786,
        "district": "Gjakova",
        "centroid": [
          20.445,
          42.209
        ],
        "areaHa": 1839.27,
        "shapeType": "irregular-rect",
        "landUse": "fallow",
        "cropType": "pasture",
        "isFarmland": false,
        "farmScore": 46,
        "harvestHealth": 40,
        "soilQuality": 51,
        "waterAccess": 57,
        "slopeRisk": 100,
        "confidence": 1,
        "maskValues": {
          "farmland": 0.458,
          "density": 0.53,
          "health": 0.563,
          "cropType": 0.381
        },
        "noise": {
          "seed": 918273,
          "jitter": 0.177,
          "rotation": 4.03
        },
        "labels": [
          "synthetic",
          "demo",
          "non-farmland"
        ]
      },
      "geometry": {
        "type": "Polygon",
        "coordinates": [
          [
            [
              20.41,
              42.22369036552147
            ],
            [
              20.48,
              42.22369036552147
            ],
            [
              20.48,
              42.195
            ],
            [
              20.41,
              42.195
            ],
            [
              20.41,
              42.22369036552147
            ]
          ]
        ]
      }
    },
    {
      "type": "Feature",
      "properties": {
        "id": "KOS-GJK-000787",
        "parcelIndex": 787,
        "district": "Gjakova",
        "centroid": [
          20.515,
          42.244
        ],
        "areaHa": 1787.52,
        "shapeType": "irregular-rect",
        "landUse": "mixed",
        "cropType": "fallow",
        "isFarmland": false,
        "farmScore": 39,
        "harvestHealth": 48,
        "soilQuality": 47,
        "waterAccess": 55,
        "slopeRisk": 100,
        "confidence": 1,
        "maskValues": {
          "farmland": 0.37,
          "density": 0.535,
          "health": 0.59,
          "cropType": 0.319
        },
        "noise": {
          "seed": 918273,
          "jitter": 0.169,
          "rotation": 2
        },
        "labels": [
          "synthetic",
          "demo",
          "non-farmland"
        ]
      },
      "geometry": {
        "type": "Polygon",
        "coordinates": [
          [
            [
              20.48,
              42.2575
            ],
            [
              20.55,
              42.2575
            ],
            [
              20.55,
              42.22960165160359
            ],
            [
              20.48,
              42.22960165160359
            ],
            [
              20.48,
              42.2575
            ]
          ]
        ]
      }
    },
    {
      "type": "Feature",
      "properties": {
        "id": "KOS-GJK-000788",
        "parcelIndex": 788,
        "district": "Gjakova",
        "centroid": [
          20.515,
          42.212
        ],
        "areaHa": 2218.12,
        "shapeType": "irregular-rect",
        "landUse": "farmland",
        "cropType": "pasture",
        "isFarmland": true,
        "farmScore": 41,
        "harvestHealth": 46,
        "soilQuality": 45,
        "waterAccess": 54,
        "slopeRisk": 100,
        "confidence": 1,
        "maskValues": {
          "farmland": 0.382,
          "density": 0.522,
          "health": 0.563,
          "cropType": 0.321
        },
        "noise": {
          "seed": 918273,
          "jitter": 0.065,
          "rotation": 2.74
        },
        "labels": [
          "synthetic",
          "demo",
          "farmland"
        ]
      },
      "geometry": {
        "type": "Polygon",
        "coordinates": [
          [
            [
              20.48,
              42.22960165160359
            ],
            [
              20.55,
              42.22960165160359
            ],
            [
              20.55,
              42.195
            ],
            [
              20.48,
              42.195
            ],
            [
              20.48,
              42.22960165160359
            ]
          ]
        ]
      }
    },
    {
      "type": "Feature",
      "properties": {
        "id": "KOS-RAH-000789",
        "parcelIndex": 789,
        "district": "Rahovec",
        "centroid": [
          20.585,
          42.244
        ],
        "areaHa": 1680.22,
        "shapeType": "irregular-rect",
        "landUse": "forest_edge",
        "cropType": "pasture",
        "isFarmland": false,
        "farmScore": 34,
        "harvestHealth": 38,
        "soilQuality": 42,
        "waterAccess": 51,
        "slopeRisk": 100,
        "confidence": 1,
        "maskValues": {
          "farmland": 0.323,
          "density": 0.508,
          "health": 0.57,
          "cropType": 0.301
        },
        "noise": {
          "seed": 918273,
          "jitter": 0.171,
          "rotation": -7.01
        },
        "labels": [
          "synthetic",
          "demo",
          "non-farmland"
        ]
      },
      "geometry": {
        "type": "Polygon",
        "coordinates": [
          [
            [
              20.55,
              42.2575
            ],
            [
              20.62,
              42.2575
            ],
            [
              20.62,
              42.231276046856074
            ],
            [
              20.55,
              42.231276046856074
            ],
            [
              20.55,
              42.2575
            ]
          ]
        ]
      }
    },
    {
      "type": "Feature",
      "properties": {
        "id": "KOS-PRZ-000790",
        "parcelIndex": 790,
        "district": "Prizren",
        "centroid": [
          20.585,
          42.213
        ],
        "areaHa": 2325.43,
        "shapeType": "irregular-rect",
        "landUse": "pasture",
        "cropType": "pasture",
        "isFarmland": false,
        "farmScore": 39,
        "harvestHealth": 43,
        "soilQuality": 40,
        "waterAccess": 51,
        "slopeRisk": 100,
        "confidence": 1,
        "maskValues": {
          "farmland": 0.33,
          "density": 0.506,
          "health": 0.55,
          "cropType": 0.295
        },
        "noise": {
          "seed": 918273,
          "jitter": 0.062,
          "rotation": -2.27
        },
        "labels": [
          "synthetic",
          "demo",
          "non-farmland"
        ]
      },
      "geometry": {
        "type": "Polygon",
        "coordinates": [
          [
            [
              20.55,
              42.231276046856074
            ],
            [
              20.62,
              42.231276046856074
            ],
            [
              20.62,
              42.195
            ],
            [
              20.55,
              42.195
            ],
            [
              20.55,
              42.231276046856074
            ]
          ]
        ]
      }
    },
    {
      "type": "Feature",
      "properties": {
        "id": "KOS-PRZ-000791",
        "parcelIndex": 791,
        "district": "Prizren",
        "centroid": [
          20.655,
          42.226
        ],
        "areaHa": 4005.64,
        "shapeType": "rectangular",
        "landUse": "farmland",
        "cropType": "orchard",
        "isFarmland": true,
        "farmScore": 34,
        "harvestHealth": 43,
        "soilQuality": 39,
        "waterAccess": 48,
        "slopeRisk": 100,
        "confidence": 1,
        "maskValues": {
          "farmland": 0.309,
          "density": 0.485,
          "health": 0.531,
          "cropType": 0.312
        },
        "noise": {
          "seed": 918273,
          "jitter": 0.103,
          "rotation": 5.92
        },
        "labels": [
          "synthetic",
          "demo",
          "farmland"
        ]
      },
      "geometry": {
        "type": "Polygon",
        "coordinates": [
          [
            [
              20.62,
              42.2575
            ],
            [
              20.69,
              42.2575
            ],
            [
              20.69,
              42.195
            ],
            [
              20.62,
              42.195
            ],
            [
              20.62,
              42.2575
            ]
          ]
        ]
      }
    },
    {
      "type": "Feature",
      "properties": {
        "id": "KOS-PRZ-000792",
        "parcelIndex": 792,
        "district": "Prizren",
        "centroid": [
          20.725,
          42.226
        ],
        "areaHa": 4005.64,
        "shapeType": "rectangular",
        "landUse": "forest_edge",
        "cropType": "pasture",
        "isFarmland": false,
        "farmScore": 37,
        "harvestHealth": 32,
        "soilQuality": 41,
        "waterAccess": 46,
        "slopeRisk": 99,
        "confidence": 1,
        "maskValues": {
          "farmland": 0.327,
          "density": 0.467,
          "health": 0.496,
          "cropType": 0.362
        },
        "noise": {
          "seed": 918273,
          "jitter": 0.044,
          "rotation": 7.28
        },
        "labels": [
          "synthetic",
          "demo",
          "non-farmland"
        ]
      },
      "geometry": {
        "type": "Polygon",
        "coordinates": [
          [
            [
              20.69,
              42.2575
            ],
            [
              20.76,
              42.2575
            ],
            [
              20.76,
              42.195
            ],
            [
              20.69,
              42.195
            ],
            [
              20.69,
              42.2575
            ]
          ]
        ]
      }
    },
    {
      "type": "Feature",
      "properties": {
        "id": "KOS-PRZ-000793",
        "parcelIndex": 793,
        "district": "Prizren",
        "centroid": [
          20.795,
          42.226
        ],
        "areaHa": 4005.64,
        "shapeType": "rectangular",
        "landUse": "fallow",
        "cropType": "mixed",
        "isFarmland": false,
        "farmScore": 44,
        "harvestHealth": 35,
        "soilQuality": 46,
        "waterAccess": 44,
        "slopeRisk": 94,
        "confidence": 1,
        "maskValues": {
          "farmland": 0.378,
          "density": 0.457,
          "health": 0.459,
          "cropType": 0.436
        },
        "noise": {
          "seed": 918273,
          "jitter": 0.129,
          "rotation": 2.28
        },
        "labels": [
          "synthetic",
          "demo",
          "non-farmland"
        ]
      },
      "geometry": {
        "type": "Polygon",
        "coordinates": [
          [
            [
              20.76,
              42.2575
            ],
            [
              20.830000000000002,
              42.2575
            ],
            [
              20.830000000000002,
              42.195
            ],
            [
              20.76,
              42.195
            ],
            [
              20.76,
              42.2575
            ]
          ]
        ]
      }
    },
    {
      "type": "Feature",
      "properties": {
        "id": "KOS-PRZ-000794",
        "parcelIndex": 794,
        "district": "Prizren",
        "centroid": [
          20.865,
          42.226
        ],
        "areaHa": 4005.64,
        "shapeType": "rectangular",
        "landUse": "fallow",
        "cropType": "corn",
        "isFarmland": true,
        "farmScore": 50,
        "harvestHealth": 34,
        "soilQuality": 51,
        "waterAccess": 41,
        "slopeRisk": 85,
        "confidence": 1,
        "maskValues": {
          "farmland": 0.449,
          "density": 0.457,
          "health": 0.428,
          "cropType": 0.521
        },
        "noise": {
          "seed": 918273,
          "jitter": 0.139,
          "rotation": 6.49
        },
        "labels": [
          "synthetic",
          "demo",
          "farmland"
        ]
      },
      "geometry": {
        "type": "Polygon",
        "coordinates": [
          [
            [
              20.830000000000002,
              42.2575
            ],
            [
              20.9,
              42.2575
            ],
            [
              20.9,
              42.195
            ],
            [
              20.830000000000002,
              42.195
            ],
            [
              20.830000000000002,
              42.2575
            ]
          ]
        ]
      }
    },
    {
      "type": "Feature",
      "properties": {
        "id": "KOS-SUH-000795",
        "parcelIndex": 795,
        "district": "Suhareka",
        "centroid": [
          20.935,
          42.226
        ],
        "areaHa": 4005.64,
        "shapeType": "rectangular",
        "landUse": "forest_edge",
        "cropType": "pasture",
        "isFarmland": false,
        "farmScore": 52,
        "harvestHealth": 32,
        "soilQuality": 54,
        "waterAccess": 40,
        "slopeRisk": 76,
        "confidence": 1,
        "maskValues": {
          "farmland": 0.529,
          "density": 0.467,
          "health": 0.407,
          "cropType": 0.6
        },
        "noise": {
          "seed": 918273,
          "jitter": 0.084,
          "rotation": -1.44
        },
        "labels": [
          "synthetic",
          "demo",
          "non-farmland"
        ]
      },
      "geometry": {
        "type": "Polygon",
        "coordinates": [
          [
            [
              20.9,
              42.2575
            ],
            [
              20.97,
              42.2575
            ],
            [
              20.97,
              42.195
            ],
            [
              20.9,
              42.195
            ],
            [
              20.9,
              42.2575
            ]
          ]
        ]
      }
    },
    {
      "type": "Feature",
      "properties": {
        "id": "KOS-FRZ-000796",
        "parcelIndex": 796,
        "district": "Ferizaj",
        "centroid": [
          21.005,
          42.226
        ],
        "areaHa": 4005.64,
        "shapeType": "rectangular",
        "landUse": "mixed",
        "cropType": "pasture",
        "isFarmland": false,
        "farmScore": 57,
        "harvestHealth": 34,
        "soilQuality": 54,
        "waterAccess": 40,
        "slopeRisk": 70,
        "confidence": 1,
        "maskValues": {
          "farmland": 0.6,
          "density": 0.483,
          "health": 0.403,
          "cropType": 0.659
        },
        "noise": {
          "seed": 918273,
          "jitter": 0.174,
          "rotation": -3.89
        },
        "labels": [
          "synthetic",
          "demo",
          "non-farmland"
        ]
      },
      "geometry": {
        "type": "Polygon",
        "coordinates": [
          [
            [
              20.97,
              42.2575
            ],
            [
              21.04,
              42.2575
            ],
            [
              21.04,
              42.195
            ],
            [
              20.97,
              42.195
            ],
            [
              20.97,
              42.2575
            ]
          ]
        ]
      }
    },
    {
      "type": "Feature",
      "properties": {
        "id": "KOS-FRZ-000797",
        "parcelIndex": 797,
        "district": "Ferizaj",
        "centroid": [
          21.075,
          42.226
        ],
        "areaHa": 4005.64,
        "shapeType": "rectangular",
        "landUse": "forest_edge",
        "cropType": "fallow",
        "isFarmland": false,
        "farmScore": 64,
        "harvestHealth": 40,
        "soilQuality": 52,
        "waterAccess": 43,
        "slopeRisk": 72,
        "confidence": 1,
        "maskValues": {
          "farmland": 0.652,
          "density": 0.503,
          "health": 0.414,
          "cropType": 0.687
        },
        "noise": {
          "seed": 918273,
          "jitter": 0.124,
          "rotation": 4.15
        },
        "labels": [
          "synthetic",
          "demo",
          "non-farmland"
        ]
      },
      "geometry": {
        "type": "Polygon",
        "coordinates": [
          [
            [
              21.04,
              42.2575
            ],
            [
              21.11,
              42.2575
            ],
            [
              21.11,
              42.195
            ],
            [
              21.04,
              42.195
            ],
            [
              21.04,
              42.2575
            ]
          ]
        ]
      }
    },
    {
      "type": "Feature",
      "properties": {
        "id": "KOS-FRZ-000798",
        "parcelIndex": 798,
        "district": "Ferizaj",
        "centroid": [
          21.145,
          42.226
        ],
        "areaHa": 4005.64,
        "shapeType": "rectangular",
        "landUse": "farmland",
        "cropType": "barley",
        "isFarmland": true,
        "farmScore": 64,
        "harvestHealth": 37,
        "soilQuality": 51,
        "waterAccess": 49,
        "slopeRisk": 81,
        "confidence": 1,
        "maskValues": {
          "farmland": 0.675,
          "density": 0.52,
          "health": 0.442,
          "cropType": 0.681
        },
        "noise": {
          "seed": 918273,
          "jitter": 0.099,
          "rotation": 0.2
        },
        "labels": [
          "synthetic",
          "demo",
          "farmland"
        ]
      },
      "geometry": {
        "type": "Polygon",
        "coordinates": [
          [
            [
              21.11,
              42.2575
            ],
            [
              21.18,
              42.2575
            ],
            [
              21.18,
              42.195
            ],
            [
              21.11,
              42.195
            ],
            [
              21.11,
              42.2575
            ]
          ]
        ]
      }
    },
    {
      "type": "Feature",
      "properties": {
        "id": "KOS-FRZ-000799",
        "parcelIndex": 799,
        "district": "Ferizaj",
        "centroid": [
          21.215,
          42.226
        ],
        "areaHa": 4005.64,
        "shapeType": "rectangular",
        "landUse": "farmland",
        "cropType": "wheat",
        "isFarmland": true,
        "farmScore": 60,
        "harvestHealth": 40,
        "soilQuality": 52,
        "waterAccess": 55,
        "slopeRisk": 96,
        "confidence": 1,
        "maskValues": {
          "farmland": 0.666,
          "density": 0.533,
          "health": 0.48,
          "cropType": 0.644
        },
        "noise": {
          "seed": 918273,
          "jitter": 0.166,
          "rotation": -0.33
        },
        "labels": [
          "synthetic",
          "demo",
          "farmland"
        ]
      },
      "geometry": {
        "type": "Polygon",
        "coordinates": [
          [
            [
              21.18,
              42.2575
            ],
            [
              21.25,
              42.2575
            ],
            [
              21.25,
              42.195
            ],
            [
              21.18,
              42.195
            ],
            [
              21.18,
              42.2575
            ]
          ]
        ]
      }
    },
    {
      "type": "Feature",
      "properties": {
        "id": "KOS-FRZ-000800",
        "parcelIndex": 800,
        "district": "Ferizaj",
        "centroid": [
          21.285,
          42.241
        ],
        "areaHa": 2103.13,
        "shapeType": "irregular-rect",
        "landUse": "pasture",
        "cropType": "fallow",
        "isFarmland": false,
        "farmScore": 64,
        "harvestHealth": 40,
        "soilQuality": 53,
        "waterAccess": 60,
        "slopeRisk": 100,
        "confidence": 1,
        "maskValues": {
          "farmland": 0.625,
          "density": 0.545,
          "health": 0.533,
          "cropType": 0.575
        },
        "noise": {
          "seed": 918273,
          "jitter": 0.128,
          "rotation": -6.39
        },
        "labels": [
          "synthetic",
          "demo",
          "non-farmland"
        ]
      },
      "geometry": {
        "type": "Polygon",
        "coordinates": [
          [
            [
              21.25,
              42.2575
            ],
            [
              21.32,
              42.2575
            ],
            [
              21.32,
              42.22467722958128
            ],
            [
              21.25,
              42.22467722958128
            ],
            [
              21.25,
              42.2575
            ]
          ]
        ]
      }
    },
    {
      "type": "Feature",
      "properties": {
        "id": "KOS-FRZ-000801",
        "parcelIndex": 801,
        "district": "Ferizaj",
        "centroid": [
          21.285,
          42.21
        ],
        "areaHa": 1902.52,
        "shapeType": "irregular-rect",
        "landUse": "forest_edge",
        "cropType": "fallow",
        "isFarmland": false,
        "farmScore": 59,
        "harvestHealth": 38,
        "soilQuality": 55,
        "waterAccess": 60,
        "slopeRisk": 100,
        "confidence": 1,
        "maskValues": {
          "farmland": 0.63,
          "density": 0.53,
          "health": 0.515,
          "cropType": 0.588
        },
        "noise": {
          "seed": 918273,
          "jitter": 0.118,
          "rotation": -1.12
        },
        "labels": [
          "synthetic",
          "demo",
          "non-farmland"
        ]
      },
      "geometry": {
        "type": "Polygon",
        "coordinates": [
          [
            [
              21.25,
              42.22467722958128
            ],
            [
              21.32,
              42.22467722958128
            ],
            [
              21.32,
              42.195
            ],
            [
              21.25,
              42.195
            ],
            [
              21.25,
              42.22467722958128
            ]
          ]
        ]
      }
    },
    {
      "type": "Feature",
      "properties": {
        "id": "KOS-FRZ-000802",
        "parcelIndex": 802,
        "district": "Ferizaj",
        "centroid": [
          21.336,
          42.239
        ],
        "areaHa": 1095.99,
        "shapeType": "irregular-rect",
        "landUse": "forest_edge",
        "cropType": "pasture",
        "isFarmland": false,
        "farmScore": 54,
        "harvestHealth": 48,
        "soilQuality": 55,
        "waterAccess": 63,
        "slopeRisk": 100,
        "confidence": 1,
        "maskValues": {
          "farmland": 0.583,
          "density": 0.544,
          "health": 0.566,
          "cropType": 0.523
        },
        "noise": {
          "seed": 918273,
          "jitter": 0.111,
          "rotation": -0.4
        },
        "labels": [
          "synthetic",
          "demo",
          "non-farmland"
        ]
      },
      "geometry": {
        "type": "Polygon",
        "coordinates": [
          [
            [
              21.32,
              42.2575
            ],
            [
              21.352070238384417,
              42.2575
            ],
            [
              21.352070238384417,
              42.220166684263965
            ],
            [
              21.32,
              42.220166684263965
            ],
            [
              21.32,
              42.2575
            ]
          ]
        ]
      }
    },
    {
      "type": "Feature",
      "properties": {
        "id": "KOS-GJN-000803",
        "parcelIndex": 803,
        "district": "Gjilan",
        "centroid": [
          21.371,
          42.239
        ],
        "areaHa": 1296.24,
        "shapeType": "irregular-rect",
        "landUse": "farmland",
        "cropType": "vineyard",
        "isFarmland": true,
        "farmScore": 52,
        "harvestHealth": 45,
        "soilQuality": 56,
        "waterAccess": 63,
        "slopeRisk": 100,
        "confidence": 1,
        "maskValues": {
          "farmland": 0.55,
          "density": 0.541,
          "health": 0.586,
          "cropType": 0.486
        },
        "noise": {
          "seed": 918273,
          "jitter": 0.089,
          "rotation": 3.49
        },
        "labels": [
          "synthetic",
          "demo",
          "farmland"
        ]
      },
      "geometry": {
        "type": "Polygon",
        "coordinates": [
          [
            [
              21.352070238384417,
              42.2575
            ],
            [
              21.39,
              42.2575
            ],
            [
              21.39,
              42.220166684263965
            ],
            [
              21.352070238384417,
              42.220166684263965
            ],
            [
              21.352070238384417,
              42.2575
            ]
          ]
        ]
      }
    },
    {
      "type": "Feature",
      "properties": {
        "id": "KOS-FRZ-000804",
        "parcelIndex": 804,
        "district": "Ferizaj",
        "centroid": [
          21.336,
          42.208
        ],
        "areaHa": 739.18,
        "shapeType": "rectangular",
        "landUse": "fallow",
        "cropType": "fallow",
        "isFarmland": false,
        "farmScore": 57,
        "harvestHealth": 40,
        "soilQuality": 56,
        "waterAccess": 61,
        "slopeRisk": 100,
        "confidence": 1,
        "maskValues": {
          "farmland": 0.589,
          "density": 0.526,
          "health": 0.539,
          "cropType": 0.533
        },
        "noise": {
          "seed": 918273,
          "jitter": 0.112,
          "rotation": 4.15
        },
        "labels": [
          "synthetic",
          "demo",
          "non-farmland"
        ]
      },
      "geometry": {
        "type": "Polygon",
        "coordinates": [
          [
            [
              21.32,
              42.220166684263965
            ],
            [
              21.352070238384417,
              42.220166684263965
            ],
            [
              21.352070238384417,
              42.195
            ],
            [
              21.32,
              42.195
            ],
            [
              21.32,
              42.220166684263965
            ]
          ]
        ]
      }
    },
    {
      "type": "Feature",
      "properties": {
        "id": "KOS-GJN-000805",
        "parcelIndex": 805,
        "district": "Gjilan",
        "centroid": [
          21.371,
          42.208
        ],
        "areaHa": 874.24,
        "shapeType": "rectangular",
        "landUse": "farmland",
        "cropType": "corn",
        "isFarmland": true,
        "farmScore": 51,
        "harvestHealth": 46,
        "soilQuality": 57,
        "waterAccess": 61,
        "slopeRisk": 100,
        "confidence": 1,
        "maskValues": {
          "farmland": 0.556,
          "density": 0.522,
          "health": 0.556,
          "cropType": 0.494
        },
        "noise": {
          "seed": 918273,
          "jitter": 0.033,
          "rotation": 2.28
        },
        "labels": [
          "synthetic",
          "demo",
          "farmland"
        ]
      },
      "geometry": {
        "type": "Polygon",
        "coordinates": [
          [
            [
              21.352070238384417,
              42.220166684263965
            ],
            [
              21.39,
              42.220166684263965
            ],
            [
              21.39,
              42.195
            ],
            [
              21.352070238384417,
              42.195
            ],
            [
              21.352070238384417,
              42.220166684263965
            ]
          ]
        ]
      }
    },
    {
      "type": "Feature",
      "properties": {
        "id": "KOS-GJN-000806",
        "parcelIndex": 806,
        "district": "Gjilan",
        "centroid": [
          21.406,
          42.243
        ],
        "areaHa": 878.14,
        "shapeType": "rectangular",
        "landUse": "fallow",
        "cropType": "pasture",
        "isFarmland": false,
        "farmScore": 51,
        "harvestHealth": 42,
        "soilQuality": 56,
        "waterAccess": 63,
        "slopeRisk": 100,
        "confidence": 1,
        "maskValues": {
          "farmland": 0.513,
          "density": 0.539,
          "health": 0.609,
          "cropType": 0.448
        },
        "noise": {
          "seed": 918273,
          "jitter": 0.023,
          "rotation": -5.34
        },
        "labels": [
          "synthetic",
          "demo",
          "non-farmland"
        ]
      },
      "geometry": {
        "type": "Polygon",
        "coordinates": [
          [
            [
              21.39,
              42.2575
            ],
            [
              21.42251728091249,
              42.2575
            ],
            [
              21.42251728091249,
              42.22799672034336
            ],
            [
              21.39,
              42.22799672034336
            ],
            [
              21.39,
              42.2575
            ]
          ]
        ]
      }
    },
    {
      "type": "Feature",
      "properties": {
        "id": "KOS-GJN-000807",
        "parcelIndex": 807,
        "district": "Gjilan",
        "centroid": [
          21.441,
          42.243
        ],
        "areaHa": 1012.24,
        "shapeType": "rectangular",
        "landUse": "mixed",
        "cropType": "barley",
        "isFarmland": true,
        "farmScore": 46,
        "harvestHealth": 49,
        "soilQuality": 56,
        "waterAccess": 62,
        "slopeRisk": 100,
        "confidence": 1,
        "maskValues": {
          "farmland": 0.478,
          "density": 0.532,
          "health": 0.622,
          "cropType": 0.415
        },
        "noise": {
          "seed": 918273,
          "jitter": 0.088,
          "rotation": 5.3
        },
        "labels": [
          "synthetic",
          "demo",
          "farmland"
        ]
      },
      "geometry": {
        "type": "Polygon",
        "coordinates": [
          [
            [
              21.42251728091249,
              42.2575
            ],
            [
              21.46,
              42.2575
            ],
            [
              21.46,
              42.22799672034336
            ],
            [
              21.42251728091249,
              42.22799672034336
            ],
            [
              21.42251728091249,
              42.2575
            ]
          ]
        ]
      }
    },
    {
      "type": "Feature",
      "properties": {
        "id": "KOS-GJN-000808",
        "parcelIndex": 808,
        "district": "Gjilan",
        "centroid": [
          21.406,
          42.211
        ],
        "areaHa": 982.61,
        "shapeType": "irregular-rect",
        "landUse": "fallow",
        "cropType": "pasture",
        "isFarmland": false,
        "farmScore": 54,
        "harvestHealth": 42,
        "soilQuality": 57,
        "waterAccess": 61,
        "slopeRisk": 100,
        "confidence": 1,
        "maskValues": {
          "farmland": 0.519,
          "density": 0.52,
          "health": 0.575,
          "cropType": 0.453
        },
        "noise": {
          "seed": 918273,
          "jitter": 0.067,
          "rotation": 0.27
        },
        "labels": [
          "synthetic",
          "demo",
          "non-farmland"
        ]
      },
      "geometry": {
        "type": "Polygon",
        "coordinates": [
          [
            [
              21.39,
              42.22799672034336
            ],
            [
              21.42251728091249,
              42.22799672034336
            ],
            [
              21.42251728091249,
              42.195
            ],
            [
              21.39,
              42.195
            ],
            [
              21.39,
              42.22799672034336
            ]
          ]
        ]
      }
    },
    {
      "type": "Feature",
      "properties": {
        "id": "KOS-GJN-000809",
        "parcelIndex": 809,
        "district": "Gjilan",
        "centroid": [
          21.441,
          42.211
        ],
        "areaHa": 1132.65,
        "shapeType": "rectangular",
        "landUse": "fallow",
        "cropType": "pasture",
        "isFarmland": false,
        "farmScore": 46,
        "harvestHealth": 40,
        "soilQuality": 56,
        "waterAccess": 59,
        "slopeRisk": 100,
        "confidence": 1,
        "maskValues": {
          "farmland": 0.484,
          "density": 0.514,
          "health": 0.587,
          "cropType": 0.417
        },
        "noise": {
          "seed": 918273,
          "jitter": 0.078,
          "rotation": -3.23
        },
        "labels": [
          "synthetic",
          "demo",
          "non-farmland"
        ]
      },
      "geometry": {
        "type": "Polygon",
        "coordinates": [
          [
            [
              21.42251728091249,
              42.22799672034336
            ],
            [
              21.46,
              42.22799672034336
            ],
            [
              21.46,
              42.195
            ],
            [
              21.42251728091249,
              42.195
            ],
            [
              21.42251728091249,
              42.22799672034336
            ]
          ]
        ]
      }
    },
    {
      "type": "Feature",
      "properties": {
        "id": "KOS-GJN-000810",
        "parcelIndex": 810,
        "district": "Gjilan",
        "centroid": [
          21.495,
          42.242
        ],
        "areaHa": 2021.6,
        "shapeType": "irregular-rect",
        "landUse": "farmland",
        "cropType": "barley",
        "isFarmland": true,
        "farmScore": 42,
        "harvestHealth": 45,
        "soilQuality": 55,
        "waterAccess": 58,
        "slopeRisk": 100,
        "confidence": 1,
        "maskValues": {
          "farmland": 0.427,
          "density": 0.519,
          "health": 0.631,
          "cropType": 0.373
        },
        "noise": {
          "seed": 918273,
          "jitter": 0.12,
          "rotation": -2.02
        },
        "labels": [
          "synthetic",
          "demo",
          "farmland"
        ]
      },
      "geometry": {
        "type": "Polygon",
        "coordinates": [
          [
            [
              21.46,
              42.2575
            ],
            [
              21.53,
              42.2575
            ],
            [
              21.53,
              42.22594929787039
            ],
            [
              21.46,
              42.22594929787039
            ],
            [
              21.46,
              42.2575
            ]
          ]
        ]
      }
    },
    {
      "type": "Feature",
      "properties": {
        "id": "KOS-GJN-000811",
        "parcelIndex": 811,
        "district": "Gjilan",
        "centroid": [
          21.495,
          42.21
        ],
        "areaHa": 1984.05,
        "shapeType": "irregular-rect",
        "landUse": "mixed",
        "cropType": "corn",
        "isFarmland": true,
        "farmScore": 41,
        "harvestHealth": 44,
        "soilQuality": 53,
        "waterAccess": 56,
        "slopeRisk": 100,
        "confidence": 0.991,
        "maskValues": {
          "farmland": 0.431,
          "density": 0.502,
          "health": 0.597,
          "cropType": 0.37
        },
        "noise": {
          "seed": 918273,
          "jitter": 0.135,
          "rotation": -7.16
        },
        "labels": [
          "synthetic",
          "demo",
          "farmland"
        ]
      },
      "geometry": {
        "type": "Polygon",
        "coordinates": [
          [
            [
              21.46,
              42.22594929787039
            ],
            [
              21.53,
              42.22594929787039
            ],
            [
              21.53,
              42.195
            ],
            [
              21.46,
              42.195
            ],
            [
              21.46,
              42.22594929787039
            ]
          ]
        ]
      }
    },
    {
      "type": "Feature",
      "properties": {
        "id": "KOS-GJN-000812",
        "parcelIndex": 812,
        "district": "Gjilan",
        "centroid": [
          21.565,
          42.244
        ],
        "areaHa": 1711.16,
        "shapeType": "irregular-rect",
        "landUse": "fallow",
        "cropType": "beans",
        "isFarmland": true,
        "farmScore": 42,
        "harvestHealth": 46,
        "soilQuality": 51,
        "waterAccess": 53,
        "slopeRisk": 100,
        "confidence": 1,
        "maskValues": {
          "farmland": 0.375,
          "density": 0.5,
          "health": 0.626,
          "cropType": 0.341
        },
        "noise": {
          "seed": 918273,
          "jitter": 0.139,
          "rotation": 4.79
        },
        "labels": [
          "synthetic",
          "demo",
          "farmland"
        ]
      },
      "geometry": {
        "type": "Polygon",
        "coordinates": [
          [
            [
              21.53,
              42.2575
            ],
            [
              21.6,
              42.2575
            ],
            [
              21.6,
              42.23079318413686
            ],
            [
              21.53,
              42.23079318413686
            ],
            [
              21.53,
              42.2575
            ]
          ]
        ]
      }
    },
    {
      "type": "Feature",
      "properties": {
        "id": "KOS-GJN-000813",
        "parcelIndex": 813,
        "district": "Gjilan",
        "centroid": [
          21.571,
          42.21
        ],
        "areaHa": 2288.07,
        "shapeType": "irregular-rect",
        "landUse": "farmland",
        "cropType": "barley",
        "isFarmland": true,
        "farmScore": 43,
        "harvestHealth": 47,
        "soilQuality": 48,
        "waterAccess": 52,
        "slopeRisk": 100,
        "confidence": 1,
        "maskValues": {
          "farmland": 0.372,
          "density": 0.485,
          "health": 0.597,
          "cropType": 0.33
        },
        "noise": {
          "seed": 918273,
          "jitter": 0.053,
          "rotation": 5.77
        },
        "labels": [
          "synthetic",
          "demo",
          "farmland"
        ]
      },
      "geometry": {
        "type": "Polygon",
        "coordinates": [
          [
            [
              21.53,
              42.23079318413686
            ],
            [
              21.6,
              42.23079318413686
            ],
            [
              21.6,
              42.2
            ],
            [
              21.5972,
              42.195
            ],
            [
              21.53,
              42.195
            ],
            [
              21.53,
              42.23079318413686
            ]
          ]
        ]
      }
    },
    {
      "type": "Feature",
      "properties": {
        "id": "KOS-GJN-000814",
        "parcelIndex": 814,
        "district": "Gjilan",
        "centroid": [
          21.611,
          42.238
        ],
        "areaHa": 847.56,
        "shapeType": "irregular-rect",
        "landUse": "mixed",
        "cropType": "pasture",
        "isFarmland": true,
        "farmScore": 34,
        "harvestHealth": 48,
        "soilQuality": 47,
        "waterAccess": 50,
        "slopeRisk": 98,
        "confidence": 0.848,
        "maskValues": {
          "farmland": 0.352,
          "density": 0.485,
          "health": 0.605,
          "cropType": 0.332
        },
        "noise": {
          "seed": 918273,
          "jitter": 0.088,
          "rotation": -2.95
        },
        "labels": [
          "synthetic",
          "demo",
          "farmland"
        ]
      },
      "geometry": {
        "type": "Polygon",
        "coordinates": [
          [
            [
              21.6,
              42.2575
            ],
            [
              21.6322,
              42.2575
            ],
            [
              21.6,
              42.2
            ],
            [
              21.6,
              42.2575
            ]
          ]
        ]
      }
    },
    {
      "type": "Feature",
      "properties": {
        "id": "KOS-GJK-000823",
        "parcelIndex": 823,
        "district": "Gjakova",
        "centroid": [
          20.187,
          42.179
        ],
        "areaHa": 827.03,
        "shapeType": "irregular-rect",
        "landUse": "forest_edge",
        "cropType": "pasture",
        "isFarmland": false,
        "farmScore": 61,
        "harvestHealth": 35,
        "soilQuality": 60,
        "waterAccess": 55,
        "slopeRisk": 99,
        "confidence": 0.856,
        "maskValues": {
          "farmland": 0.681,
          "density": 0.486,
          "health": 0.519,
          "cropType": 0.673
        },
        "noise": {
          "seed": 918273,
          "jitter": 0.031,
          "rotation": 0.67
        },
        "labels": [
          "synthetic",
          "demo",
          "non-farmland"
        ]
      },
      "geometry": {
        "type": "Polygon",
        "coordinates": [
          [
            [
              20.162000000000003,
              42.195
            ],
            [
              20.200000000000003,
              42.195
            ],
            [
              20.200000000000003,
              42.1475
            ],
            [
              20.162000000000003,
              42.195
            ]
          ]
        ]
      }
    },
    {
      "type": "Feature",
      "properties": {
        "id": "KOS-GJK-000824",
        "parcelIndex": 824,
        "district": "Gjakova",
        "centroid": [
          20.235,
          42.182
        ],
        "areaHa": 1619.54,
        "shapeType": "irregular-rect",
        "landUse": "fallow",
        "cropType": "pasture",
        "isFarmland": false,
        "farmScore": 63,
        "harvestHealth": 44,
        "soilQuality": 61,
        "waterAccess": 57,
        "slopeRisk": 100,
        "confidence": 1,
        "maskValues": {
          "farmland": 0.664,
          "density": 0.496,
          "health": 0.528,
          "cropType": 0.632
        },
        "noise": {
          "seed": 918273,
          "jitter": 0.1,
          "rotation": 0.05
        },
        "labels": [
          "synthetic",
          "demo",
          "non-farmland"
        ]
      },
      "geometry": {
        "type": "Polygon",
        "coordinates": [
          [
            [
              20.200000000000003,
              42.195
            ],
            [
              20.27,
              42.195
            ],
            [
              20.27,
              42.169747872081935
            ],
            [
              20.200000000000003,
              42.169747872081935
            ],
            [
              20.200000000000003,
              42.195
            ]
          ]
        ]
      }
    },
    {
      "type": "Feature",
      "properties": {
        "id": "KOS-GJK-000825",
        "parcelIndex": 825,
        "district": "Gjakova",
        "centroid": [
          20.23,
          42.15
        ],
        "areaHa": 2307.55,
        "shapeType": "rectangular",
        "landUse": "farmland",
        "cropType": "wheat",
        "isFarmland": true,
        "farmScore": 66,
        "harvestHealth": 36,
        "soilQuality": 63,
        "waterAccess": 54,
        "slopeRisk": 100,
        "confidence": 0.991,
        "maskValues": {
          "farmland": 0.655,
          "density": 0.465,
          "health": 0.52,
          "cropType": 0.641
        },
        "noise": {
          "seed": 918273,
          "jitter": 0.13,
          "rotation": 0.31
        },
        "labels": [
          "synthetic",
          "demo",
          "farmland"
        ]
      },
      "geometry": {
        "type": "Polygon",
        "coordinates": [
          [
            [
              20.200000000000003,
              42.169747872081935
            ],
            [
              20.27,
              42.169747872081935
            ],
            [
              20.27,
              42.1325
            ],
            [
              20.212,
              42.1325
            ],
            [
              20.200000000000003,
              42.1475
            ],
            [
              20.200000000000003,
              42.169747872081935
            ]
          ]
        ]
      }
    },
    {
      "type": "Feature",
      "properties": {
        "id": "KOS-GJK-000826",
        "parcelIndex": 826,
        "district": "Gjakova",
        "centroid": [
          20.305,
          42.18
        ],
        "areaHa": 1898.42,
        "shapeType": "irregular-rect",
        "landUse": "mixed",
        "cropType": "beans",
        "isFarmland": true,
        "farmScore": 59,
        "harvestHealth": 46,
        "soilQuality": 60,
        "waterAccess": 58,
        "slopeRisk": 100,
        "confidence": 1,
        "maskValues": {
          "farmland": 0.612,
          "density": 0.505,
          "health": 0.536,
          "cropType": 0.553
        },
        "noise": {
          "seed": 918273,
          "jitter": 0.074,
          "rotation": 6.98
        },
        "labels": [
          "synthetic",
          "demo",
          "farmland"
        ]
      },
      "geometry": {
        "type": "Polygon",
        "coordinates": [
          [
            [
              20.27,
              42.195
            ],
            [
              20.34,
              42.195
            ],
            [
              20.34,
              42.165400617382254
            ],
            [
              20.27,
              42.165400617382254
            ],
            [
              20.27,
              42.195
            ]
          ]
        ]
      }
    },
    {
      "type": "Feature",
      "properties": {
        "id": "KOS-GJK-000827",
        "parcelIndex": 827,
        "district": "Gjakova",
        "centroid": [
          20.305,
          42.149
        ],
        "areaHa": 2111.19,
        "shapeType": "irregular-rect",
        "landUse": "mixed",
        "cropType": "vegetables",
        "isFarmland": true,
        "farmScore": 60,
        "harvestHealth": 37,
        "soilQuality": 61,
        "waterAccess": 54,
        "slopeRisk": 100,
        "confidence": 1,
        "maskValues": {
          "farmland": 0.613,
          "density": 0.47,
          "health": 0.518,
          "cropType": 0.567
        },
        "noise": {
          "seed": 918273,
          "jitter": 0.079,
          "rotation": 0.52
        },
        "labels": [
          "synthetic",
          "demo",
          "farmland"
        ]
      },
      "geometry": {
        "type": "Polygon",
        "coordinates": [
          [
            [
              20.27,
              42.165400617382254
            ],
            [
              20.34,
              42.165400617382254
            ],
            [
              20.34,
              42.1325
            ],
            [
              20.27,
              42.1325
            ],
            [
              20.27,
              42.165400617382254
            ]
          ]
        ]
      }
    },
    {
      "type": "Feature",
      "properties": {
        "id": "KOS-GJK-000828",
        "parcelIndex": 828,
        "district": "Gjakova",
        "centroid": [
          20.375,
          42.178
        ],
        "areaHa": 2139.16,
        "shapeType": "irregular-rect",
        "landUse": "farmland",
        "cropType": "potato",
        "isFarmland": true,
        "farmScore": 54,
        "harvestHealth": 37,
        "soilQuality": 56,
        "waterAccess": 57,
        "slopeRisk": 100,
        "confidence": 1,
        "maskValues": {
          "farmland": 0.541,
          "density": 0.511,
          "health": 0.539,
          "cropType": 0.465
        },
        "noise": {
          "seed": 918273,
          "jitter": 0.062,
          "rotation": -3.1
        },
        "labels": [
          "synthetic",
          "demo",
          "farmland"
        ]
      },
      "geometry": {
        "type": "Polygon",
        "coordinates": [
          [
            [
              20.34,
              42.195
            ],
            [
              20.41,
              42.195
            ],
            [
              20.41,
              42.16164798298734
            ],
            [
              20.34,
              42.16164798298734
            ],
            [
              20.34,
              42.195
            ]
          ]
        ]
      }
    },
    {
      "type": "Feature",
      "properties": {
        "id": "KOS-GJK-000829",
        "parcelIndex": 829,
        "district": "Gjakova",
        "centroid": [
          20.375,
          42.147
        ],
        "areaHa": 1870.44,
        "shapeType": "irregular-rect",
        "landUse": "vineyard",
        "cropType": "vineyard",
        "isFarmland": true,
        "farmScore": 51,
        "harvestHealth": 37,
        "soilQuality": 56,
        "waterAccess": 53,
        "slopeRisk": 100,
        "confidence": 1,
        "maskValues": {
          "farmland": 0.553,
          "density": 0.477,
          "health": 0.514,
          "cropType": 0.484
        },
        "noise": {
          "seed": 918273,
          "jitter": 0.024,
          "rotation": -6.58
        },
        "labels": [
          "synthetic",
          "demo",
          "farmland"
        ]
      },
      "geometry": {
        "type": "Polygon",
        "coordinates": [
          [
            [
              20.34,
              42.16164798298734
            ],
            [
              20.41,
              42.16164798298734
            ],
            [
              20.41,
              42.1325
            ],
            [
              20.34,
              42.1325
            ],
            [
              20.34,
              42.16164798298734
            ]
          ]
        ]
      }
    },
    {
      "type": "Feature",
      "properties": {
        "id": "KOS-GJK-000830",
        "parcelIndex": 830,
        "district": "Gjakova",
        "centroid": [
          20.445,
          42.179
        ],
        "areaHa": 2057.97,
        "shapeType": "irregular-rect",
        "landUse": "farmland",
        "cropType": "vegetables",
        "isFarmland": true,
        "farmScore": 45,
        "harvestHealth": 37,
        "soilQuality": 49,
        "waterAccess": 55,
        "slopeRisk": 100,
        "confidence": 1,
        "maskValues": {
          "farmland": 0.46,
          "density": 0.515,
          "health": 0.54,
          "cropType": 0.382
        },
        "noise": {
          "seed": 918273,
          "jitter": 0.05,
          "rotation": -3.01
        },
        "labels": [
          "synthetic",
          "demo",
          "farmland"
        ]
      },
      "geometry": {
        "type": "Polygon",
        "coordinates": [
          [
            [
              20.41,
              42.195
            ],
            [
              20.48,
              42.195
            ],
            [
              20.48,
              42.16291354480083
            ],
            [
              20.41,
              42.16291354480083
            ],
            [
              20.41,
              42.195
            ]
          ]
        ]
      }
    },
    {
      "type": "Feature",
      "properties": {
        "id": "KOS-GJK-000831",
        "parcelIndex": 831,
        "district": "Gjakova",
        "centroid": [
          20.445,
          42.148
        ],
        "areaHa": 1951.64,
        "shapeType": "irregular-rect",
        "landUse": "farmland",
        "cropType": "wheat",
        "isFarmland": true,
        "farmScore": 52,
        "harvestHealth": 35,
        "soilQuality": 48,
        "waterAccess": 52,
        "slopeRisk": 100,
        "confidence": 1,
        "maskValues": {
          "farmland": 0.481,
          "density": 0.489,
          "health": 0.512,
          "cropType": 0.403
        },
        "noise": {
          "seed": 918273,
          "jitter": 0.129,
          "rotation": -1.47
        },
        "labels": [
          "synthetic",
          "demo",
          "farmland"
        ]
      },
      "geometry": {
        "type": "Polygon",
        "coordinates": [
          [
            [
              20.41,
              42.16291354480083
            ],
            [
              20.48,
              42.16291354480083
            ],
            [
              20.48,
              42.1325
            ],
            [
              20.41,
              42.1325
            ],
            [
              20.41,
              42.16291354480083
            ]
          ]
        ]
      }
    },
    {
      "type": "Feature",
      "properties": {
        "id": "KOS-PRZ-000832",
        "parcelIndex": 832,
        "district": "Prizren",
        "centroid": [
          20.515,
          42.164
        ],
        "areaHa": 4009.61,
        "shapeType": "rectangular",
        "landUse": "pasture",
        "cropType": "pasture",
        "isFarmland": false,
        "farmScore": 40,
        "harvestHealth": 36,
        "soilQuality": 41,
        "waterAccess": 53,
        "slopeRisk": 100,
        "confidence": 1,
        "maskValues": {
          "farmland": 0.4,
          "density": 0.507,
          "health": 0.522,
          "cropType": 0.33
        },
        "noise": {
          "seed": 918273,
          "jitter": 0.169,
          "rotation": 6.9
        },
        "labels": [
          "synthetic",
          "demo",
          "non-farmland"
        ]
      },
      "geometry": {
        "type": "Polygon",
        "coordinates": [
          [
            [
              20.48,
              42.195
            ],
            [
              20.55,
              42.195
            ],
            [
              20.55,
              42.1325
            ],
            [
              20.48,
              42.1325
            ],
            [
              20.48,
              42.195
            ]
          ]
        ]
      }
    },
    {
      "type": "Feature",
      "properties": {
        "id": "KOS-PRZ-000833",
        "parcelIndex": 833,
        "district": "Prizren",
        "centroid": [
          20.585,
          42.18
        ],
        "areaHa": 1963.46,
        "shapeType": "irregular-rect",
        "landUse": "orchard",
        "cropType": "vineyard",
        "isFarmland": true,
        "farmScore": 33,
        "harvestHealth": 41,
        "soilQuality": 37,
        "waterAccess": 52,
        "slopeRisk": 100,
        "confidence": 1,
        "maskValues": {
          "farmland": 0.337,
          "density": 0.508,
          "health": 0.526,
          "cropType": 0.295
        },
        "noise": {
          "seed": 918273,
          "jitter": 0.055,
          "rotation": 3.5
        },
        "labels": [
          "synthetic",
          "demo",
          "farmland"
        ]
      },
      "geometry": {
        "type": "Polygon",
        "coordinates": [
          [
            [
              20.55,
              42.195
            ],
            [
              20.62,
              42.195
            ],
            [
              20.62,
              42.164386722845954
            ],
            [
              20.55,
              42.164386722845954
            ],
            [
              20.55,
              42.195
            ]
          ]
        ]
      }
    },
    {
      "type": "Feature",
      "properties": {
        "id": "KOS-PRZ-000834",
        "parcelIndex": 834,
        "district": "Prizren",
        "centroid": [
          20.585,
          42.148
        ],
        "areaHa": 2046.15,
        "shapeType": "irregular-rect",
        "landUse": "fallow",
        "cropType": "fallow",
        "isFarmland": false,
        "farmScore": 41,
        "harvestHealth": 35,
        "soilQuality": 37,
        "waterAccess": 52,
        "slopeRisk": 100,
        "confidence": 1,
        "maskValues": {
          "farmland": 0.362,
          "density": 0.507,
          "health": 0.506,
          "cropType": 0.308
        },
        "noise": {
          "seed": 918273,
          "jitter": 0.045,
          "rotation": 7.26
        },
        "labels": [
          "synthetic",
          "demo",
          "non-farmland"
        ]
      },
      "geometry": {
        "type": "Polygon",
        "coordinates": [
          [
            [
              20.55,
              42.164386722845954
            ],
            [
              20.62,
              42.164386722845954
            ],
            [
              20.62,
              42.1325
            ],
            [
              20.55,
              42.1325
            ],
            [
              20.55,
              42.164386722845954
            ]
          ]
        ]
      }
    },
    {
      "type": "Feature",
      "properties": {
        "id": "KOS-PRZ-000835",
        "parcelIndex": 835,
        "district": "Prizren",
        "centroid": [
          20.655,
          42.18
        ],
        "areaHa": 1966.28,
        "shapeType": "irregular-rect",
        "landUse": "pasture",
        "cropType": "pasture",
        "isFarmland": false,
        "farmScore": 40,
        "harvestHealth": 34,
        "soilQuality": 37,
        "waterAccess": 51,
        "slopeRisk": 100,
        "confidence": 1,
        "maskValues": {
          "farmland": 0.318,
          "density": 0.499,
          "health": 0.511,
          "cropType": 0.307
        },
        "noise": {
          "seed": 918273,
          "jitter": 0.088,
          "rotation": 0.68
        },
        "labels": [
          "synthetic",
          "demo",
          "non-farmland"
        ]
      },
      "geometry": {
        "type": "Polygon",
        "coordinates": [
          [
            [
              20.62,
              42.195
            ],
            [
              20.69,
              42.195
            ],
            [
              20.69,
              42.16434285231983
            ],
            [
              20.62,
              42.16434285231983
            ],
            [
              20.62,
              42.195
            ]
          ]
        ]
      }
    },
    {
      "type": "Feature",
      "properties": {
        "id": "KOS-PRZ-000836",
        "parcelIndex": 836,
        "district": "Prizren",
        "centroid": [
          20.655,
          42.148
        ],
        "areaHa": 2043.33,
        "shapeType": "irregular-rect",
        "landUse": "forest_edge",
        "cropType": "pasture",
        "isFarmland": false,
        "farmScore": 35,
        "harvestHealth": 38,
        "soilQuality": 37,
        "waterAccess": 52,
        "slopeRisk": 100,
        "confidence": 1,
        "maskValues": {
          "farmland": 0.337,
          "density": 0.513,
          "health": 0.501,
          "cropType": 0.312
        },
        "noise": {
          "seed": 918273,
          "jitter": 0.047,
          "rotation": 3.74
        },
        "labels": [
          "synthetic",
          "demo",
          "non-farmland"
        ]
      },
      "geometry": {
        "type": "Polygon",
        "coordinates": [
          [
            [
              20.62,
              42.16434285231983
            ],
            [
              20.69,
              42.16434285231983
            ],
            [
              20.69,
              42.1325
            ],
            [
              20.62,
              42.1325
            ],
            [
              20.62,
              42.16434285231983
            ]
          ]
        ]
      }
    },
    {
      "type": "Feature",
      "properties": {
        "id": "KOS-PRZ-000837",
        "parcelIndex": 837,
        "district": "Prizren",
        "centroid": [
          20.725,
          42.177
        ],
        "areaHa": 2344.8,
        "shapeType": "irregular-rect",
        "landUse": "fallow",
        "cropType": "pasture",
        "isFarmland": false,
        "farmScore": 40,
        "harvestHealth": 41,
        "soilQuality": 41,
        "waterAccess": 49,
        "slopeRisk": 100,
        "confidence": 1,
        "maskValues": {
          "farmland": 0.333,
          "density": 0.494,
          "health": 0.493,
          "cropType": 0.355
        },
        "noise": {
          "seed": 918273,
          "jitter": 0.107,
          "rotation": -7.2
        },
        "labels": [
          "synthetic",
          "demo",
          "non-farmland"
        ]
      },
      "geometry": {
        "type": "Polygon",
        "coordinates": [
          [
            [
              20.69,
              42.195
            ],
            [
              20.76,
              42.195
            ],
            [
              20.76,
              42.15844276328455
            ],
            [
              20.69,
              42.15844276328455
            ],
            [
              20.69,
              42.195
            ]
          ]
        ]
      }
    },
    {
      "type": "Feature",
      "properties": {
        "id": "KOS-PRZ-000838",
        "parcelIndex": 838,
        "district": "Prizren",
        "centroid": [
          20.725,
          42.145
        ],
        "areaHa": 1664.81,
        "shapeType": "irregular-rect",
        "landUse": "orchard",
        "cropType": "corn",
        "isFarmland": true,
        "farmScore": 35,
        "harvestHealth": 40,
        "soilQuality": 41,
        "waterAccess": 51,
        "slopeRisk": 100,
        "confidence": 1,
        "maskValues": {
          "farmland": 0.346,
          "density": 0.518,
          "health": 0.497,
          "cropType": 0.352
        },
        "noise": {
          "seed": 918273,
          "jitter": 0.053,
          "rotation": 6.79
        },
        "labels": [
          "synthetic",
          "demo",
          "farmland"
        ]
      },
      "geometry": {
        "type": "Polygon",
        "coordinates": [
          [
            [
              20.69,
              42.15844276328455
            ],
            [
              20.76,
              42.15844276328455
            ],
            [
              20.76,
              42.1325
            ],
            [
              20.69,
              42.1325
            ],
            [
              20.69,
              42.15844276328455
            ]
          ]
        ]
      }
    },
    {
      "type": "Feature",
      "properties": {
        "id": "KOS-PRZ-000839",
        "parcelIndex": 839,
        "district": "Prizren",
        "centroid": [
          20.795,
          42.178
        ],
        "areaHa": 2221.29,
        "shapeType": "irregular-rect",
        "landUse": "fallow",
        "cropType": "fallow",
        "isFarmland": false,
        "farmScore": 44,
        "harvestHealth": 39,
        "soilQuality": 46,
        "waterAccess": 46,
        "slopeRisk": 94,
        "confidence": 1,
        "maskValues": {
          "farmland": 0.379,
          "density": 0.49,
          "health": 0.476,
          "cropType": 0.43
        },
        "noise": {
          "seed": 918273,
          "jitter": 0.118,
          "rotation": 2.92
        },
        "labels": [
          "synthetic",
          "demo",
          "non-farmland"
        ]
      },
      "geometry": {
        "type": "Polygon",
        "coordinates": [
          [
            [
              20.76,
              42.195
            ],
            [
              20.830000000000002,
              42.195
            ],
            [
              20.830000000000002,
              42.16036781695031
            ],
            [
              20.76,
              42.16036781695031
            ],
            [
              20.76,
              42.195
            ]
          ]
        ]
      }
    },
    {
      "type": "Feature",
      "properties": {
        "id": "KOS-PRZ-000840",
        "parcelIndex": 840,
        "district": "Prizren",
        "centroid": [
          20.795,
          42.146
        ],
        "areaHa": 1788.31,
        "shapeType": "irregular-rect",
        "landUse": "orchard",
        "cropType": "corn",
        "isFarmland": true,
        "farmScore": 42,
        "harvestHealth": 43,
        "soilQuality": 46,
        "waterAccess": 48,
        "slopeRisk": 94,
        "confidence": 1,
        "maskValues": {
          "farmland": 0.381,
          "density": 0.52,
          "health": 0.492,
          "cropType": 0.419
        },
        "noise": {
          "seed": 918273,
          "jitter": 0.149,
          "rotation": 3.37
        },
        "labels": [
          "synthetic",
          "demo",
          "farmland"
        ]
      },
      "geometry": {
        "type": "Polygon",
        "coordinates": [
          [
            [
              20.76,
              42.16036781695031
            ],
            [
              20.830000000000002,
              42.16036781695031
            ],
            [
              20.830000000000002,
              42.1325
            ],
            [
              20.76,
              42.1325
            ],
            [
              20.76,
              42.16036781695031
            ]
          ]
        ]
      }
    },
    {
      "type": "Feature",
      "properties": {
        "id": "KOS-PRZ-000841",
        "parcelIndex": 841,
        "district": "Prizren",
        "centroid": [
          20.865,
          42.164
        ],
        "areaHa": 4009.61,
        "shapeType": "rectangular",
        "landUse": "farmland",
        "cropType": "wheat",
        "isFarmland": true,
        "farmScore": 48,
        "harvestHealth": 40,
        "soilQuality": 51,
        "waterAccess": 44,
        "slopeRisk": 82,
        "confidence": 1,
        "maskValues": {
          "farmland": 0.443,
          "density": 0.504,
          "health": 0.473,
          "cropType": 0.509
        },
        "noise": {
          "seed": 918273,
          "jitter": 0.114,
          "rotation": 5.68
        },
        "labels": [
          "synthetic",
          "demo",
          "farmland"
        ]
      },
      "geometry": {
        "type": "Polygon",
        "coordinates": [
          [
            [
              20.830000000000002,
              42.195
            ],
            [
              20.9,
              42.195
            ],
            [
              20.9,
              42.1325
            ],
            [
              20.830000000000002,
              42.1325
            ],
            [
              20.830000000000002,
              42.195
            ]
          ]
        ]
      }
    },
    {
      "type": "Feature",
      "properties": {
        "id": "KOS-PRZ-000842",
        "parcelIndex": 842,
        "district": "Prizren",
        "centroid": [
          20.935,
          42.164
        ],
        "areaHa": 4009.61,
        "shapeType": "rectangular",
        "landUse": "mixed",
        "cropType": "vineyard",
        "isFarmland": true,
        "farmScore": 48,
        "harvestHealth": 38,
        "soilQuality": 53,
        "waterAccess": 42,
        "slopeRisk": 71,
        "confidence": 1,
        "maskValues": {
          "farmland": 0.516,
          "density": 0.506,
          "health": 0.466,
          "cropType": 0.59
        },
        "noise": {
          "seed": 918273,
          "jitter": 0.123,
          "rotation": 5.06
        },
        "labels": [
          "synthetic",
          "demo",
          "farmland"
        ]
      },
      "geometry": {
        "type": "Polygon",
        "coordinates": [
          [
            [
              20.9,
              42.195
            ],
            [
              20.97,
              42.195
            ],
            [
              20.97,
              42.1325
            ],
            [
              20.9,
              42.1325
            ],
            [
              20.9,
              42.195
            ]
          ]
        ]
      }
    },
    {
      "type": "Feature",
      "properties": {
        "id": "KOS-FRZ-000843",
        "parcelIndex": 843,
        "district": "Ferizaj",
        "centroid": [
          21.005,
          42.164
        ],
        "areaHa": 4009.61,
        "shapeType": "rectangular",
        "landUse": "farmland",
        "cropType": "barley",
        "isFarmland": true,
        "farmScore": 56,
        "harvestHealth": 43,
        "soilQuality": 53,
        "waterAccess": 42,
        "slopeRisk": 67,
        "confidence": 0.992,
        "maskValues": {
          "farmland": 0.585,
          "density": 0.508,
          "health": 0.464,
          "cropType": 0.654
        },
        "noise": {
          "seed": 918273,
          "jitter": 0.032,
          "rotation": -7.36
        },
        "labels": [
          "synthetic",
          "demo",
          "farmland"
        ]
      },
      "geometry": {
        "type": "Polygon",
        "coordinates": [
          [
            [
              20.97,
              42.195
            ],
            [
              21.04,
              42.195
            ],
            [
              21.04,
              42.1325
            ],
            [
              20.97,
              42.1325
            ],
            [
              20.97,
              42.195
            ]
          ]
        ]
      }
    },
    {
      "type": "Feature",
      "properties": {
        "id": "KOS-FRZ-000844",
        "parcelIndex": 844,
        "district": "Ferizaj",
        "centroid": [
          21.075,
          42.164
        ],
        "areaHa": 4009.61,
        "shapeType": "rectangular",
        "landUse": "fallow",
        "cropType": "corn",
        "isFarmland": true,
        "farmScore": 57,
        "harvestHealth": 39,
        "soilQuality": 53,
        "waterAccess": 45,
        "slopeRisk": 72,
        "confidence": 1,
        "maskValues": {
          "farmland": 0.637,
          "density": 0.51,
          "health": 0.466,
          "cropType": 0.688
        },
        "noise": {
          "seed": 918273,
          "jitter": 0.103,
          "rotation": 2.04
        },
        "labels": [
          "synthetic",
          "demo",
          "farmland"
        ]
      },
      "geometry": {
        "type": "Polygon",
        "coordinates": [
          [
            [
              21.04,
              42.195
            ],
            [
              21.11,
              42.195
            ],
            [
              21.11,
              42.1325
            ],
            [
              21.04,
              42.1325
            ],
            [
              21.04,
              42.195
            ]
          ]
        ]
      }
    },
    {
      "type": "Feature",
      "properties": {
        "id": "KOS-FRZ-000845",
        "parcelIndex": 845,
        "district": "Ferizaj",
        "centroid": [
          21.145,
          42.164
        ],
        "areaHa": 4009.61,
        "shapeType": "rectangular",
        "landUse": "vineyard",
        "cropType": "beans",
        "isFarmland": true,
        "farmScore": 60,
        "harvestHealth": 41,
        "soilQuality": 54,
        "waterAccess": 50,
        "slopeRisk": 84,
        "confidence": 1,
        "maskValues": {
          "farmland": 0.663,
          "density": 0.51,
          "health": 0.473,
          "cropType": 0.687
        },
        "noise": {
          "seed": 918273,
          "jitter": 0.025,
          "rotation": 2.96
        },
        "labels": [
          "synthetic",
          "demo",
          "farmland"
        ]
      },
      "geometry": {
        "type": "Polygon",
        "coordinates": [
          [
            [
              21.11,
              42.195
            ],
            [
              21.18,
              42.195
            ],
            [
              21.18,
              42.1325
            ],
            [
              21.11,
              42.1325
            ],
            [
              21.11,
              42.195
            ]
          ]
        ]
      }
    },
    {
      "type": "Feature",
      "properties": {
        "id": "KOS-FRZ-000846",
        "parcelIndex": 846,
        "district": "Ferizaj",
        "centroid": [
          21.215,
          42.181
        ],
        "areaHa": 1779.63,
        "shapeType": "irregular-rect",
        "landUse": "farmland",
        "cropType": "barley",
        "isFarmland": true,
        "farmScore": 64,
        "harvestHealth": 43,
        "soilQuality": 55,
        "waterAccess": 55,
        "slopeRisk": 98,
        "confidence": 1,
        "maskValues": {
          "farmland": 0.663,
          "density": 0.517,
          "health": 0.486,
          "cropType": 0.65
        },
        "noise": {
          "seed": 918273,
          "jitter": 0.028,
          "rotation": -5.43
        },
        "labels": [
          "synthetic",
          "demo",
          "farmland"
        ]
      },
      "geometry": {
        "type": "Polygon",
        "coordinates": [
          [
            [
              21.18,
              42.195
            ],
            [
              21.25,
              42.195
            ],
            [
              21.25,
              42.167252292130726
            ],
            [
              21.18,
              42.167252292130726
            ],
            [
              21.18,
              42.195
            ]
          ]
        ]
      }
    },
    {
      "type": "Feature",
      "properties": {
        "id": "KOS-FRZ-000847",
        "parcelIndex": 847,
        "district": "Ferizaj",
        "centroid": [
          21.215,
          42.15
        ],
        "areaHa": 2229.98,
        "shapeType": "irregular-rect",
        "landUse": "farmland",
        "cropType": "beans",
        "isFarmland": true,
        "farmScore": 59,
        "harvestHealth": 40,
        "soilQuality": 57,
        "waterAccess": 54,
        "slopeRisk": 99,
        "confidence": 1,
        "maskValues": {
          "farmland": 0.653,
          "density": 0.501,
          "health": 0.485,
          "cropType": 0.654
        },
        "noise": {
          "seed": 918273,
          "jitter": 0.023,
          "rotation": -4.51
        },
        "labels": [
          "synthetic",
          "demo",
          "farmland"
        ]
      },
      "geometry": {
        "type": "Polygon",
        "coordinates": [
          [
            [
              21.18,
              42.167252292130726
            ],
            [
              21.25,
              42.167252292130726
            ],
            [
              21.25,
              42.1325
            ],
            [
              21.18,
              42.1325
            ],
            [
              21.18,
              42.167252292130726
            ]
          ]
        ]
      }
    },
    {
      "type": "Feature",
      "properties": {
        "id": "KOS-FRZ-000848",
        "parcelIndex": 848,
        "district": "Ferizaj",
        "centroid": [
          21.285,
          42.18
        ],
        "areaHa": 1906.09,
        "shapeType": "irregular-rect",
        "landUse": "forest_edge",
        "cropType": "fallow",
        "isFarmland": false,
        "farmScore": 59,
        "harvestHealth": 37,
        "soilQuality": 57,
        "waterAccess": 59,
        "slopeRisk": 100,
        "confidence": 1,
        "maskValues": {
          "farmland": 0.626,
          "density": 0.516,
          "health": 0.51,
          "cropType": 0.586
        },
        "noise": {
          "seed": 918273,
          "jitter": 0.168,
          "rotation": -1.34
        },
        "labels": [
          "synthetic",
          "demo",
          "non-farmland"
        ]
      },
      "geometry": {
        "type": "Polygon",
        "coordinates": [
          [
            [
              21.25,
              42.195
            ],
            [
              21.32,
              42.195
            ],
            [
              21.32,
              42.165281021136906
            ],
            [
              21.25,
              42.165281021136906
            ],
            [
              21.25,
              42.195
            ]
          ]
        ]
      }
    },
    {
      "type": "Feature",
      "properties": {
        "id": "KOS-FRZ-000849",
        "parcelIndex": 849,
        "district": "Ferizaj",
        "centroid": [
          21.285,
          42.149
        ],
        "areaHa": 2103.52,
        "shapeType": "irregular-rect",
        "landUse": "orchard",
        "cropType": "orchard",
        "isFarmland": true,
        "farmScore": 61,
        "harvestHealth": 35,
        "soilQuality": 59,
        "waterAccess": 56,
        "slopeRisk": 100,
        "confidence": 1,
        "maskValues": {
          "farmland": 0.624,
          "density": 0.493,
          "health": 0.494,
          "cropType": 0.595
        },
        "noise": {
          "seed": 918273,
          "jitter": 0.065,
          "rotation": -4.99
        },
        "labels": [
          "synthetic",
          "demo",
          "farmland"
        ]
      },
      "geometry": {
        "type": "Polygon",
        "coordinates": [
          [
            [
              21.25,
              42.165281021136906
            ],
            [
              21.32,
              42.165281021136906
            ],
            [
              21.32,
              42.1325
            ],
            [
              21.25,
              42.1325
            ],
            [
              21.25,
              42.165281021136906
            ]
          ]
        ]
      }
    },
    {
      "type": "Feature",
      "properties": {
        "id": "KOS-FRZ-000850",
        "parcelIndex": 850,
        "district": "Ferizaj",
        "centroid": [
          21.337,
          42.179
        ],
        "areaHa": 999.93,
        "shapeType": "rectangular",
        "landUse": "fallow",
        "cropType": "pasture",
        "isFarmland": false,
        "farmScore": 53,
        "harvestHealth": 40,
        "soilQuality": 58,
        "waterAccess": 60,
        "slopeRisk": 100,
        "confidence": 1,
        "maskValues": {
          "farmland": 0.584,
          "density": 0.512,
          "health": 0.527,
          "cropType": 0.528
        },
        "noise": {
          "seed": 918273,
          "jitter": 0.077,
          "rotation": -3.52
        },
        "labels": [
          "synthetic",
          "demo",
          "non-farmland"
        ]
      },
      "geometry": {
        "type": "Polygon",
        "coordinates": [
          [
            [
              21.32,
              42.195
            ],
            [
              21.35392448504921,
              42.195
            ],
            [
              21.35392448504921,
              42.16283112545381
            ],
            [
              21.32,
              42.16283112545381
            ],
            [
              21.32,
              42.195
            ]
          ]
        ]
      }
    },
    {
      "type": "Feature",
      "properties": {
        "id": "KOS-FRZ-000851",
        "parcelIndex": 851,
        "district": "Ferizaj",
        "centroid": [
          21.372,
          42.179
        ],
        "areaHa": 1063.33,
        "shapeType": "rectangular",
        "landUse": "orchard",
        "cropType": "corn",
        "isFarmland": true,
        "farmScore": 56,
        "harvestHealth": 44,
        "soilQuality": 57,
        "waterAccess": 59,
        "slopeRisk": 100,
        "confidence": 1,
        "maskValues": {
          "farmland": 0.551,
          "density": 0.509,
          "health": 0.539,
          "cropType": 0.488
        },
        "noise": {
          "seed": 918273,
          "jitter": 0.111,
          "rotation": 1.78
        },
        "labels": [
          "synthetic",
          "demo",
          "farmland"
        ]
      },
      "geometry": {
        "type": "Polygon",
        "coordinates": [
          [
            [
              21.35392448504921,
              42.195
            ],
            [
              21.39,
              42.195
            ],
            [
              21.39,
              42.16283112545381
            ],
            [
              21.35392448504921,
              42.16283112545381
            ],
            [
              21.35392448504921,
              42.195
            ]
          ]
        ]
      }
    },
    {
      "type": "Feature",
      "properties": {
        "id": "KOS-FRZ-000852",
        "parcelIndex": 852,
        "district": "Ferizaj",
        "centroid": [
          21.337,
          42.148
        ],
        "areaHa": 943.27,
        "shapeType": "rectangular",
        "landUse": "farmland",
        "cropType": "beans",
        "isFarmland": true,
        "farmScore": 52,
        "harvestHealth": 38,
        "soilQuality": 59,
        "waterAccess": 57,
        "slopeRisk": 100,
        "confidence": 0.995,
        "maskValues": {
          "farmland": 0.587,
          "density": 0.487,
          "health": 0.501,
          "cropType": 0.54
        },
        "noise": {
          "seed": 918273,
          "jitter": 0.176,
          "rotation": 7.17
        },
        "labels": [
          "synthetic",
          "demo",
          "farmland"
        ]
      },
      "geometry": {
        "type": "Polygon",
        "coordinates": [
          [
            [
              21.32,
              42.16283112545381
            ],
            [
              21.35392448504921,
              42.16283112545381
            ],
            [
              21.35392448504921,
              42.1325
            ],
            [
              21.32,
              42.1325
            ],
            [
              21.32,
              42.16283112545381
            ]
          ]
        ]
      }
    },
    {
      "type": "Feature",
      "properties": {
        "id": "KOS-FRZ-000853",
        "parcelIndex": 853,
        "district": "Ferizaj",
        "centroid": [
          21.372,
          42.148
        ],
        "areaHa": 1003.08,
        "shapeType": "rectangular",
        "landUse": "fallow",
        "cropType": "pasture",
        "isFarmland": false,
        "farmScore": 52,
        "harvestHealth": 36,
        "soilQuality": 58,
        "waterAccess": 56,
        "slopeRisk": 100,
        "confidence": 1,
        "maskValues": {
          "farmland": 0.557,
          "density": 0.484,
          "health": 0.508,
          "cropType": 0.501
        },
        "noise": {
          "seed": 918273,
          "jitter": 0.056,
          "rotation": 6.32
        },
        "labels": [
          "synthetic",
          "demo",
          "non-farmland"
        ]
      },
      "geometry": {
        "type": "Polygon",
        "coordinates": [
          [
            [
              21.35392448504921,
              42.16283112545381
            ],
            [
              21.39,
              42.16283112545381
            ],
            [
              21.39,
              42.1325
            ],
            [
              21.35392448504921,
              42.1325
            ],
            [
              21.35392448504921,
              42.16283112545381
            ]
          ]
        ]
      }
    },
    {
      "type": "Feature",
      "properties": {
        "id": "KOS-GJN-000854",
        "parcelIndex": 854,
        "district": "Gjilan",
        "centroid": [
          21.425,
          42.18
        ],
        "areaHa": 1864.49,
        "shapeType": "irregular-rect",
        "landUse": "farmland",
        "cropType": "corn",
        "isFarmland": true,
        "farmScore": 48,
        "harvestHealth": 38,
        "soilQuality": 56,
        "waterAccess": 58,
        "slopeRisk": 100,
        "confidence": 1,
        "maskValues": {
          "farmland": 0.496,
          "density": 0.503,
          "health": 0.557,
          "cropType": 0.428
        },
        "noise": {
          "seed": 918273,
          "jitter": 0.18,
          "rotation": 7.12
        },
        "labels": [
          "synthetic",
          "demo",
          "farmland"
        ]
      },
      "geometry": {
        "type": "Polygon",
        "coordinates": [
          [
            [
              21.39,
              42.195
            ],
            [
              21.46,
              42.195
            ],
            [
              21.46,
              42.16592947773926
            ],
            [
              21.39,
              42.16592947773926
            ],
            [
              21.39,
              42.195
            ]
          ]
        ]
      }
    },
    {
      "type": "Feature",
      "properties": {
        "id": "KOS-GJN-000855",
        "parcelIndex": 855,
        "district": "Gjilan",
        "centroid": [
          21.425,
          42.149
        ],
        "areaHa": 2145.12,
        "shapeType": "irregular-rect",
        "landUse": "pasture",
        "cropType": "pasture",
        "isFarmland": false,
        "farmScore": 53,
        "harvestHealth": 36,
        "soilQuality": 55,
        "waterAccess": 55,
        "slopeRisk": 100,
        "confidence": 1,
        "maskValues": {
          "farmland": 0.507,
          "density": 0.48,
          "health": 0.52,
          "cropType": 0.44
        },
        "noise": {
          "seed": 918273,
          "jitter": 0.122,
          "rotation": 1.69
        },
        "labels": [
          "synthetic",
          "demo",
          "non-farmland"
        ]
      },
      "geometry": {
        "type": "Polygon",
        "coordinates": [
          [
            [
              21.39,
              42.16592947773926
            ],
            [
              21.46,
              42.16592947773926
            ],
            [
              21.46,
              42.1325
            ],
            [
              21.39,
              42.1325
            ],
            [
              21.39,
              42.16592947773926
            ]
          ]
        ]
      }
    },
    {
      "type": "Feature",
      "properties": {
        "id": "KOS-GJN-000856",
        "parcelIndex": 856,
        "district": "Gjilan",
        "centroid": [
          21.495,
          42.18
        ],
        "areaHa": 1898.29,
        "shapeType": "irregular-rect",
        "landUse": "pasture",
        "cropType": "pasture",
        "isFarmland": false,
        "farmScore": 40,
        "harvestHealth": 39,
        "soilQuality": 51,
        "waterAccess": 55,
        "slopeRisk": 100,
        "confidence": 1,
        "maskValues": {
          "farmland": 0.427,
          "density": 0.492,
          "health": 0.57,
          "cropType": 0.363
        },
        "noise": {
          "seed": 918273,
          "jitter": 0.143,
          "rotation": 1.23
        },
        "labels": [
          "synthetic",
          "demo",
          "non-farmland"
        ]
      },
      "geometry": {
        "type": "Polygon",
        "coordinates": [
          [
            [
              21.46,
              42.195
            ],
            [
              21.53,
              42.195
            ],
            [
              21.53,
              42.16540262549126
            ],
            [
              21.46,
              42.16540262549126
            ],
            [
              21.46,
              42.195
            ]
          ]
        ]
      }
    },
    {
      "type": "Feature",
      "properties": {
        "id": "KOS-GJN-000857",
        "parcelIndex": 857,
        "district": "Gjilan",
        "centroid": [
          21.495,
          42.149
        ],
        "areaHa": 2111.32,
        "shapeType": "irregular-rect",
        "landUse": "farmland",
        "cropType": "barley",
        "isFarmland": true,
        "farmScore": 42,
        "harvestHealth": 43,
        "soilQuality": 49,
        "waterAccess": 52,
        "slopeRisk": 100,
        "confidence": 1,
        "maskValues": {
          "farmland": 0.441,
          "density": 0.475,
          "health": 0.533,
          "cropType": 0.373
        },
        "noise": {
          "seed": 918273,
          "jitter": 0.148,
          "rotation": 5.5
        },
        "labels": [
          "synthetic",
          "demo",
          "farmland"
        ]
      },
      "geometry": {
        "type": "Polygon",
        "coordinates": [
          [
            [
              21.46,
              42.16540262549126
            ],
            [
              21.53,
              42.16540262549126
            ],
            [
              21.53,
              42.1325
            ],
            [
              21.46,
              42.1325
            ],
            [
              21.46,
              42.16540262549126
            ]
          ]
        ]
      }
    },
    {
      "type": "Feature",
      "properties": {
        "id": "KOS-GJN-000858",
        "parcelIndex": 858,
        "district": "Gjilan",
        "centroid": [
          21.56,
          42.182
        ],
        "areaHa": 1409.37,
        "shapeType": "irregular-rect",
        "landUse": "vineyard",
        "cropType": "wheat",
        "isFarmland": true,
        "farmScore": 42,
        "harvestHealth": 44,
        "soilQuality": 46,
        "waterAccess": 52,
        "slopeRisk": 100,
        "confidence": 0.956,
        "maskValues": {
          "farmland": 0.375,
          "density": 0.483,
          "health": 0.574,
          "cropType": 0.325
        },
        "noise": {
          "seed": 918273,
          "jitter": 0.099,
          "rotation": 4.9
        },
        "labels": [
          "synthetic",
          "demo",
          "farmland"
        ]
      },
      "geometry": {
        "type": "Polygon",
        "coordinates": [
          [
            [
              21.53,
              42.195
            ],
            [
              21.5972,
              42.195
            ],
            [
              21.582848864108602,
              42.16937297162251
            ],
            [
              21.53,
              42.16937297162251
            ],
            [
              21.53,
              42.195
            ]
          ]
        ]
      }
    },
    {
      "type": "Feature",
      "properties": {
        "id": "KOS-GJN-000859",
        "parcelIndex": 859,
        "district": "Gjilan",
        "centroid": [
          21.551,
          42.151
        ],
        "areaHa": 1280.08,
        "shapeType": "irregular-rect",
        "landUse": "pasture",
        "cropType": "mixed",
        "isFarmland": false,
        "farmScore": 39,
        "harvestHealth": 44,
        "soilQuality": 44,
        "waterAccess": 51,
        "slopeRisk": 100,
        "confidence": 0.932,
        "maskValues": {
          "farmland": 0.395,
          "density": 0.473,
          "health": 0.542,
          "cropType": 0.335
        },
        "noise": {
          "seed": 918273,
          "jitter": 0.09,
          "rotation": 3.19
        },
        "labels": [
          "synthetic",
          "demo",
          "non-farmland"
        ]
      },
      "geometry": {
        "type": "Polygon",
        "coordinates": [
          [
            [
              21.53,
              42.16937297162251
            ],
            [
              21.582848864108602,
              42.16937297162251
            ],
            [
              21.572,
              42.15
            ],
            [
              21.5426,
              42.1325
            ],
            [
              21.53,
              42.1325
            ],
            [
              21.53,
              42.16937297162251
            ]
          ]
        ]
      }
    },
    {
      "type": "Feature",
      "properties": {
        "id": "KOS-GJK-000872",
        "parcelIndex": 872,
        "district": "Gjakova",
        "centroid": [
          20.247,
          42.117
        ],
        "areaHa": 1320.64,
        "shapeType": "irregular-rect",
        "landUse": "pasture",
        "cropType": "pasture",
        "isFarmland": false,
        "farmScore": 61,
        "harvestHealth": 41,
        "soilQuality": 65,
        "waterAccess": 51,
        "slopeRisk": 100,
        "confidence": 0.933,
        "maskValues": {
          "farmland": 0.633,
          "density": 0.437,
          "health": 0.515,
          "cropType": 0.621
        },
        "noise": {
          "seed": 918273,
          "jitter": 0.077,
          "rotation": 2.79
        },
        "labels": [
          "synthetic",
          "demo",
          "non-farmland"
        ]
      },
      "geometry": {
        "type": "Polygon",
        "coordinates": [
          [
            [
              20.212,
              42.1325
            ],
            [
              20.27,
              42.1325
            ],
            [
              20.27,
              42.10069949992933
            ],
            [
              20.237440400056542,
              42.10069949992933
            ],
            [
              20.212,
              42.1325
            ]
          ]
        ]
      }
    },
    {
      "type": "Feature",
      "properties": {
        "id": "KOS-GJK-000873",
        "parcelIndex": 873,
        "district": "Gjakova",
        "centroid": [
          20.26,
          42.085
        ],
        "areaHa": 571.29,
        "shapeType": "irregular-rect",
        "landUse": "mixed",
        "cropType": "pasture",
        "isFarmland": false,
        "farmScore": 62,
        "harvestHealth": 42,
        "soilQuality": 65,
        "waterAccess": 47,
        "slopeRisk": 96,
        "confidence": 0.893,
        "maskValues": {
          "farmland": 0.61,
          "density": 0.405,
          "health": 0.501,
          "cropType": 0.61
        },
        "noise": {
          "seed": 918273,
          "jitter": 0.062,
          "rotation": -0.89
        },
        "labels": [
          "synthetic",
          "demo",
          "non-farmland"
        ]
      },
      "geometry": {
        "type": "Polygon",
        "coordinates": [
          [
            [
              20.237440400056542,
              42.10069949992933
            ],
            [
              20.27,
              42.10069949992933
            ],
            [
              20.27,
              42.07
            ],
            [
              20.262,
              42.07
            ],
            [
              20.237440400056542,
              42.10069949992933
            ]
          ]
        ]
      }
    },
    {
      "type": "Feature",
      "properties": {
        "id": "KOS-GJK-000874",
        "parcelIndex": 874,
        "district": "Gjakova",
        "centroid": [
          20.305,
          42.117
        ],
        "areaHa": 1998.99,
        "shapeType": "irregular-rect",
        "landUse": "pasture",
        "cropType": "fallow",
        "isFarmland": false,
        "farmScore": 55,
        "harvestHealth": 40,
        "soilQuality": 62,
        "waterAccess": 50,
        "slopeRisk": 100,
        "confidence": 1,
        "maskValues": {
          "farmland": 0.606,
          "density": 0.442,
          "health": 0.508,
          "cropType": 0.566
        },
        "noise": {
          "seed": 918273,
          "jitter": 0.057,
          "rotation": -7.09
        },
        "labels": [
          "synthetic",
          "demo",
          "non-farmland"
        ]
      },
      "geometry": {
        "type": "Polygon",
        "coordinates": [
          [
            [
              20.27,
              42.1325
            ],
            [
              20.34,
              42.1325
            ],
            [
              20.34,
              42.10136362642981
            ],
            [
              20.27,
              42.10136362642981
            ],
            [
              20.27,
              42.1325
            ]
          ]
        ]
      }
    },
    {
      "type": "Feature",
      "properties": {
        "id": "KOS-GJK-000875",
        "parcelIndex": 875,
        "district": "Gjakova",
        "centroid": [
          20.305,
          42.086
        ],
        "areaHa": 2014.57,
        "shapeType": "irregular-rect",
        "landUse": "farmland",
        "cropType": "orchard",
        "isFarmland": true,
        "farmScore": 60,
        "harvestHealth": 34,
        "soilQuality": 62,
        "waterAccess": 46,
        "slopeRisk": 95,
        "confidence": 1,
        "maskValues": {
          "farmland": 0.598,
          "density": 0.406,
          "health": 0.491,
          "cropType": 0.576
        },
        "noise": {
          "seed": 918273,
          "jitter": 0.106,
          "rotation": -7.04
        },
        "labels": [
          "synthetic",
          "demo",
          "farmland"
        ]
      },
      "geometry": {
        "type": "Polygon",
        "coordinates": [
          [
            [
              20.27,
              42.10136362642981
            ],
            [
              20.34,
              42.10136362642981
            ],
            [
              20.34,
              42.07
            ],
            [
              20.27,
              42.07
            ],
            [
              20.27,
              42.10136362642981
            ]
          ]
        ]
      }
    },
    {
      "type": "Feature",
      "properties": {
        "id": "KOS-GJK-000876",
        "parcelIndex": 876,
        "district": "Gjakova",
        "centroid": [
          20.375,
          42.101
        ],
        "areaHa": 4013.57,
        "shapeType": "rectangular",
        "landUse": "farmland",
        "cropType": "pasture",
        "isFarmland": true,
        "farmScore": 49,
        "harvestHealth": 33,
        "soilQuality": 55,
        "waterAccess": 48,
        "slopeRisk": 98,
        "confidence": 1,
        "maskValues": {
          "farmland": 0.559,
          "density": 0.436,
          "health": 0.488,
          "cropType": 0.501
        },
        "noise": {
          "seed": 918273,
          "jitter": 0.149,
          "rotation": 0.09
        },
        "labels": [
          "synthetic",
          "demo",
          "farmland"
        ]
      },
      "geometry": {
        "type": "Polygon",
        "coordinates": [
          [
            [
              20.34,
              42.1325
            ],
            [
              20.41,
              42.1325
            ],
            [
              20.41,
              42.07
            ],
            [
              20.34,
              42.07
            ],
            [
              20.34,
              42.1325
            ]
          ]
        ]
      }
    },
    {
      "type": "Feature",
      "properties": {
        "id": "KOS-GJK-000877",
        "parcelIndex": 877,
        "district": "Gjakova",
        "centroid": [
          20.445,
          42.101
        ],
        "areaHa": 4013.57,
        "shapeType": "rectangular",
        "landUse": "mixed",
        "cropType": "pasture",
        "isFarmland": false,
        "farmScore": 49,
        "harvestHealth": 32,
        "soilQuality": 46,
        "waterAccess": 49,
        "slopeRisk": 100,
        "confidence": 1,
        "maskValues": {
          "farmland": 0.503,
          "density": 0.458,
          "health": 0.48,
          "cropType": 0.429
        },
        "noise": {
          "seed": 918273,
          "jitter": 0.074,
          "rotation": 1.24
        },
        "labels": [
          "synthetic",
          "demo",
          "non-farmland"
        ]
      },
      "geometry": {
        "type": "Polygon",
        "coordinates": [
          [
            [
              20.41,
              42.1325
            ],
            [
              20.48,
              42.1325
            ],
            [
              20.48,
              42.07
            ],
            [
              20.41,
              42.07
            ],
            [
              20.41,
              42.1325
            ]
          ]
        ]
      }
    },
    {
      "type": "Feature",
      "properties": {
        "id": "KOS-PRZ-000878",
        "parcelIndex": 878,
        "district": "Prizren",
        "centroid": [
          20.515,
          42.101
        ],
        "areaHa": 4013.57,
        "shapeType": "rectangular",
        "landUse": "orchard",
        "cropType": "wheat",
        "isFarmland": true,
        "farmScore": 44,
        "harvestHealth": 34,
        "soilQuality": 39,
        "waterAccess": 51,
        "slopeRisk": 100,
        "confidence": 0.991,
        "maskValues": {
          "farmland": 0.446,
          "density": 0.485,
          "health": 0.478,
          "cropType": 0.37
        },
        "noise": {
          "seed": 918273,
          "jitter": 0.116,
          "rotation": -5.91
        },
        "labels": [
          "synthetic",
          "demo",
          "farmland"
        ]
      },
      "geometry": {
        "type": "Polygon",
        "coordinates": [
          [
            [
              20.48,
              42.1325
            ],
            [
              20.55,
              42.1325
            ],
            [
              20.55,
              42.07
            ],
            [
              20.48,
              42.07
            ],
            [
              20.48,
              42.1325
            ]
          ]
        ]
      }
    },
    {
      "type": "Feature",
      "properties": {
        "id": "KOS-PRZ-000879",
        "parcelIndex": 879,
        "district": "Prizren",
        "centroid": [
          20.585,
          42.101
        ],
        "areaHa": 4013.57,
        "shapeType": "rectangular",
        "landUse": "pasture",
        "cropType": "pasture",
        "isFarmland": false,
        "farmScore": 38,
        "harvestHealth": 39,
        "soilQuality": 37,
        "waterAccess": 54,
        "slopeRisk": 100,
        "confidence": 1,
        "maskValues": {
          "farmland": 0.4,
          "density": 0.512,
          "health": 0.48,
          "cropType": 0.336
        },
        "noise": {
          "seed": 918273,
          "jitter": 0.172,
          "rotation": -5.77
        },
        "labels": [
          "synthetic",
          "demo",
          "non-farmland"
        ]
      },
      "geometry": {
        "type": "Polygon",
        "coordinates": [
          [
            [
              20.55,
              42.1325
            ],
            [
              20.62,
              42.1325
            ],
            [
              20.62,
              42.07
            ],
            [
              20.55,
              42.07
            ],
            [
              20.55,
              42.1325
            ]
          ]
        ]
      }
    },
    {
      "type": "Feature",
      "properties": {
        "id": "KOS-PRZ-000880",
        "parcelIndex": 880,
        "district": "Prizren",
        "centroid": [
          20.655,
          42.12
        ],
        "areaHa": 1614.4,
        "shapeType": "irregular-rect",
        "landUse": "farmland",
        "cropType": "pasture",
        "isFarmland": true,
        "farmScore": 39,
        "harvestHealth": 40,
        "soilQuality": 37,
        "waterAccess": 54,
        "slopeRisk": 100,
        "confidence": 1,
        "maskValues": {
          "farmland": 0.353,
          "density": 0.527,
          "health": 0.492,
          "cropType": 0.322
        },
        "noise": {
          "seed": 918273,
          "jitter": 0.061,
          "rotation": -4.95
        },
        "labels": [
          "synthetic",
          "demo",
          "farmland"
        ]
      },
      "geometry": {
        "type": "Polygon",
        "coordinates": [
          [
            [
              20.62,
              42.1325
            ],
            [
              20.69,
              42.1325
            ],
            [
              20.69,
              42.107352900364205
            ],
            [
              20.62,
              42.107352900364205
            ],
            [
              20.62,
              42.1325
            ]
          ]
        ]
      }
    },
    {
      "type": "Feature",
      "properties": {
        "id": "KOS-PRZ-000881",
        "parcelIndex": 881,
        "district": "Prizren",
        "centroid": [
          20.655,
          42.089
        ],
        "areaHa": 2399.17,
        "shapeType": "rectangular",
        "landUse": "farmland",
        "cropType": "vegetables",
        "isFarmland": true,
        "farmScore": 46,
        "harvestHealth": 37,
        "soilQuality": 38,
        "waterAccess": 55,
        "slopeRisk": 100,
        "confidence": 1,
        "maskValues": {
          "farmland": 0.388,
          "density": 0.541,
          "health": 0.486,
          "cropType": 0.342
        },
        "noise": {
          "seed": 918273,
          "jitter": 0.027,
          "rotation": -4.31
        },
        "labels": [
          "synthetic",
          "demo",
          "farmland"
        ]
      },
      "geometry": {
        "type": "Polygon",
        "coordinates": [
          [
            [
              20.62,
              42.107352900364205
            ],
            [
              20.69,
              42.107352900364205
            ],
            [
              20.69,
              42.07
            ],
            [
              20.62,
              42.07
            ],
            [
              20.62,
              42.107352900364205
            ]
          ]
        ]
      }
    },
    {
      "type": "Feature",
      "properties": {
        "id": "KOS-PRZ-000882",
        "parcelIndex": 882,
        "district": "Prizren",
        "centroid": [
          20.725,
          42.116
        ],
        "areaHa": 2181.97,
        "shapeType": "irregular-rect",
        "landUse": "pasture",
        "cropType": "pasture",
        "isFarmland": false,
        "farmScore": 37,
        "harvestHealth": 41,
        "soilQuality": 41,
        "waterAccess": 53,
        "slopeRisk": 100,
        "confidence": 1,
        "maskValues": {
          "farmland": 0.36,
          "density": 0.541,
          "health": 0.496,
          "cropType": 0.359
        },
        "noise": {
          "seed": 918273,
          "jitter": 0.11,
          "rotation": -0.08
        },
        "labels": [
          "synthetic",
          "demo",
          "non-farmland"
        ]
      },
      "geometry": {
        "type": "Polygon",
        "coordinates": [
          [
            [
              20.69,
              42.1325
            ],
            [
              20.76,
              42.1325
            ],
            [
              20.76,
              42.098514323395214
            ],
            [
              20.69,
              42.098514323395214
            ],
            [
              20.69,
              42.1325
            ]
          ]
        ]
      }
    },
    {
      "type": "Feature",
      "properties": {
        "id": "KOS-PRZ-000883",
        "parcelIndex": 883,
        "district": "Prizren",
        "centroid": [
          20.725,
          42.084
        ],
        "areaHa": 1831.6,
        "shapeType": "irregular-rect",
        "landUse": "orchard",
        "cropType": "orchard",
        "isFarmland": true,
        "farmScore": 37,
        "harvestHealth": 41,
        "soilQuality": 42,
        "waterAccess": 55,
        "slopeRisk": 100,
        "confidence": 1,
        "maskValues": {
          "farmland": 0.386,
          "density": 0.566,
          "health": 0.501,
          "cropType": 0.368
        },
        "noise": {
          "seed": 918273,
          "jitter": 0.162,
          "rotation": 6.87
        },
        "labels": [
          "synthetic",
          "demo",
          "farmland"
        ]
      },
      "geometry": {
        "type": "Polygon",
        "coordinates": [
          [
            [
              20.69,
              42.098514323395214
            ],
            [
              20.76,
              42.098514323395214
            ],
            [
              20.76,
              42.07
            ],
            [
              20.69,
              42.07
            ],
            [
              20.69,
              42.098514323395214
            ]
          ]
        ]
      }
    },
    {
      "type": "Feature",
      "properties": {
        "id": "KOS-PRZ-000884",
        "parcelIndex": 884,
        "district": "Prizren",
        "centroid": [
          20.795,
          42.116
        ],
        "areaHa": 2081.79,
        "shapeType": "irregular-rect",
        "landUse": "vineyard",
        "cropType": "vegetables",
        "isFarmland": true,
        "farmScore": 38,
        "harvestHealth": 38,
        "soilQuality": 46,
        "waterAccess": 50,
        "slopeRisk": 94,
        "confidence": 1,
        "maskValues": {
          "farmland": 0.39,
          "density": 0.545,
          "health": 0.501,
          "cropType": 0.421
        },
        "noise": {
          "seed": 918273,
          "jitter": 0.053,
          "rotation": 4.04
        },
        "labels": [
          "synthetic",
          "demo",
          "farmland"
        ]
      },
      "geometry": {
        "type": "Polygon",
        "coordinates": [
          [
            [
              20.76,
              42.1325
            ],
            [
              20.830000000000002,
              42.1325
            ],
            [
              20.830000000000002,
              42.10007429013378
            ],
            [
              20.76,
              42.10007429013378
            ],
            [
              20.76,
              42.1325
            ]
          ]
        ]
      }
    },
    {
      "type": "Feature",
      "properties": {
        "id": "KOS-PRZ-000885",
        "parcelIndex": 885,
        "district": "Prizren",
        "centroid": [
          20.795,
          42.085
        ],
        "areaHa": 1931.78,
        "shapeType": "irregular-rect",
        "landUse": "farmland",
        "cropType": "vineyard",
        "isFarmland": true,
        "farmScore": 41,
        "harvestHealth": 42,
        "soilQuality": 45,
        "waterAccess": 52,
        "slopeRisk": 93,
        "confidence": 1,
        "maskValues": {
          "farmland": 0.4,
          "density": 0.578,
          "health": 0.517,
          "cropType": 0.415
        },
        "noise": {
          "seed": 918273,
          "jitter": 0.091,
          "rotation": -2.79
        },
        "labels": [
          "synthetic",
          "demo",
          "farmland"
        ]
      },
      "geometry": {
        "type": "Polygon",
        "coordinates": [
          [
            [
              20.76,
              42.10007429013378
            ],
            [
              20.830000000000002,
              42.10007429013378
            ],
            [
              20.830000000000002,
              42.07
            ],
            [
              20.76,
              42.07
            ],
            [
              20.76,
              42.10007429013378
            ]
          ]
        ]
      }
    },
    {
      "type": "Feature",
      "properties": {
        "id": "KOS-PRZ-000886",
        "parcelIndex": 886,
        "district": "Prizren",
        "centroid": [
          20.865,
          42.101
        ],
        "areaHa": 4013.57,
        "shapeType": "rectangular",
        "landUse": "mixed",
        "cropType": "pasture",
        "isFarmland": false,
        "farmScore": 42,
        "harvestHealth": 46,
        "soilQuality": 49,
        "waterAccess": 48,
        "slopeRisk": 81,
        "confidence": 1,
        "maskValues": {
          "farmland": 0.437,
          "density": 0.559,
          "health": 0.517,
          "cropType": 0.488
        },
        "noise": {
          "seed": 918273,
          "jitter": 0.133,
          "rotation": -3.71
        },
        "labels": [
          "synthetic",
          "demo",
          "non-farmland"
        ]
      },
      "geometry": {
        "type": "Polygon",
        "coordinates": [
          [
            [
              20.830000000000002,
              42.1325
            ],
            [
              20.9,
              42.1325
            ],
            [
              20.9,
              42.07
            ],
            [
              20.830000000000002,
              42.07
            ],
            [
              20.830000000000002,
              42.1325
            ]
          ]
        ]
      }
    },
    {
      "type": "Feature",
      "properties": {
        "id": "KOS-PRZ-000887",
        "parcelIndex": 887,
        "district": "Prizren",
        "centroid": [
          20.935,
          42.101
        ],
        "areaHa": 4013.57,
        "shapeType": "rectangular",
        "landUse": "farmland",
        "cropType": "vegetables",
        "isFarmland": true,
        "farmScore": 53,
        "harvestHealth": 40,
        "soilQuality": 50,
        "waterAccess": 46,
        "slopeRisk": 73,
        "confidence": 1,
        "maskValues": {
          "farmland": 0.492,
          "density": 0.549,
          "health": 0.522,
          "cropType": 0.56
        },
        "noise": {
          "seed": 918273,
          "jitter": 0.023,
          "rotation": 1.68
        },
        "labels": [
          "synthetic",
          "demo",
          "farmland"
        ]
      },
      "geometry": {
        "type": "Polygon",
        "coordinates": [
          [
            [
              20.9,
              42.1325
            ],
            [
              20.97,
              42.1325
            ],
            [
              20.97,
              42.07
            ],
            [
              20.9,
              42.07
            ],
            [
              20.9,
              42.1325
            ]
          ]
        ]
      }
    },
    {
      "type": "Feature",
      "properties": {
        "id": "KOS-PRZ-000888",
        "parcelIndex": 888,
        "district": "Prizren",
        "centroid": [
          21.005,
          42.101
        ],
        "areaHa": 4013.57,
        "shapeType": "rectangular",
        "landUse": "vineyard",
        "cropType": "potato",
        "isFarmland": true,
        "farmScore": 50,
        "harvestHealth": 46,
        "soilQuality": 52,
        "waterAccess": 46,
        "slopeRisk": 72,
        "confidence": 1,
        "maskValues": {
          "farmland": 0.548,
          "density": 0.532,
          "health": 0.52,
          "cropType": 0.621
        },
        "noise": {
          "seed": 918273,
          "jitter": 0.047,
          "rotation": -5.45
        },
        "labels": [
          "synthetic",
          "demo",
          "farmland"
        ]
      },
      "geometry": {
        "type": "Polygon",
        "coordinates": [
          [
            [
              20.97,
              42.1325
            ],
            [
              21.04,
              42.1325
            ],
            [
              21.04,
              42.07
            ],
            [
              20.97,
              42.07
            ],
            [
              20.97,
              42.1325
            ]
          ]
        ]
      }
    },
    {
      "type": "Feature",
      "properties": {
        "id": "KOS-FRZ-000889",
        "parcelIndex": 889,
        "district": "Ferizaj",
        "centroid": [
          21.075,
          42.101
        ],
        "areaHa": 4013.57,
        "shapeType": "rectangular",
        "landUse": "fallow",
        "cropType": "fallow",
        "isFarmland": false,
        "farmScore": 54,
        "harvestHealth": 44,
        "soilQuality": 54,
        "waterAccess": 47,
        "slopeRisk": 79,
        "confidence": 1,
        "maskValues": {
          "farmland": 0.595,
          "density": 0.511,
          "health": 0.512,
          "cropType": 0.659
        },
        "noise": {
          "seed": 918273,
          "jitter": 0.058,
          "rotation": -6.69
        },
        "labels": [
          "synthetic",
          "demo",
          "non-farmland"
        ]
      },
      "geometry": {
        "type": "Polygon",
        "coordinates": [
          [
            [
              21.04,
              42.1325
            ],
            [
              21.11,
              42.1325
            ],
            [
              21.11,
              42.07
            ],
            [
              21.04,
              42.07
            ],
            [
              21.04,
              42.1325
            ]
          ]
        ]
      }
    },
    {
      "type": "Feature",
      "properties": {
        "id": "KOS-FRZ-000890",
        "parcelIndex": 890,
        "district": "Ferizaj",
        "centroid": [
          21.145,
          42.118
        ],
        "areaHa": 1819.35,
        "shapeType": "irregular-rect",
        "landUse": "farmland",
        "cropType": "vegetables",
        "isFarmland": true,
        "farmScore": 62,
        "harvestHealth": 42,
        "soilQuality": 57,
        "waterAccess": 50,
        "slopeRisk": 88,
        "confidence": 1,
        "maskValues": {
          "farmland": 0.64,
          "density": 0.494,
          "health": 0.494,
          "cropType": 0.677
        },
        "noise": {
          "seed": 918273,
          "jitter": 0.1,
          "rotation": 6.59
        },
        "labels": [
          "synthetic",
          "demo",
          "farmland"
        ]
      },
      "geometry": {
        "type": "Polygon",
        "coordinates": [
          [
            [
              21.11,
              42.1325
            ],
            [
              21.18,
              42.1325
            ],
            [
              21.18,
              42.10416108531528
            ],
            [
              21.11,
              42.10416108531528
            ],
            [
              21.11,
              42.1325
            ]
          ]
        ]
      }
    },
    {
      "type": "Feature",
      "properties": {
        "id": "KOS-FRZ-000891",
        "parcelIndex": 891,
        "district": "Ferizaj",
        "centroid": [
          21.145,
          42.087
        ],
        "areaHa": 2194.21,
        "shapeType": "irregular-rect",
        "landUse": "pasture",
        "cropType": "pasture",
        "isFarmland": false,
        "farmScore": 63,
        "harvestHealth": 43,
        "soilQuality": 58,
        "waterAccess": 50,
        "slopeRisk": 91,
        "confidence": 1,
        "maskValues": {
          "farmland": 0.608,
          "density": 0.485,
          "health": 0.506,
          "cropType": 0.657
        },
        "noise": {
          "seed": 918273,
          "jitter": 0.155,
          "rotation": -0.55
        },
        "labels": [
          "synthetic",
          "demo",
          "non-farmland"
        ]
      },
      "geometry": {
        "type": "Polygon",
        "coordinates": [
          [
            [
              21.11,
              42.10416108531528
            ],
            [
              21.18,
              42.10416108531528
            ],
            [
              21.18,
              42.07
            ],
            [
              21.11,
              42.07
            ],
            [
              21.11,
              42.10416108531528
            ]
          ]
        ]
      }
    },
    {
      "type": "Feature",
      "properties": {
        "id": "KOS-FRZ-000892",
        "parcelIndex": 892,
        "district": "Ferizaj",
        "centroid": [
          21.215,
          42.119
        ],
        "areaHa": 1743.38,
        "shapeType": "irregular-rect",
        "landUse": "fallow",
        "cropType": "pasture",
        "isFarmland": false,
        "farmScore": 65,
        "harvestHealth": 33,
        "soilQuality": 60,
        "waterAccess": 53,
        "slopeRisk": 99,
        "confidence": 1,
        "maskValues": {
          "farmland": 0.641,
          "density": 0.482,
          "health": 0.489,
          "cropType": 0.648
        },
        "noise": {
          "seed": 918273,
          "jitter": 0.096,
          "rotation": -3.29
        },
        "labels": [
          "synthetic",
          "demo",
          "non-farmland"
        ]
      },
      "geometry": {
        "type": "Polygon",
        "coordinates": [
          [
            [
              21.18,
              42.1325
            ],
            [
              21.25,
              42.1325
            ],
            [
              21.25,
              42.10534415534814
            ],
            [
              21.18,
              42.10534415534814
            ],
            [
              21.18,
              42.1325
            ]
          ]
        ]
      }
    },
    {
      "type": "Feature",
      "properties": {
        "id": "KOS-FRZ-000893",
        "parcelIndex": 893,
        "district": "Ferizaj",
        "centroid": [
          21.215,
          42.088
        ],
        "areaHa": 2270.18,
        "shapeType": "irregular-rect",
        "landUse": "farmland",
        "cropType": "wheat",
        "isFarmland": true,
        "farmScore": 57,
        "harvestHealth": 36,
        "soilQuality": 61,
        "waterAccess": 51,
        "slopeRisk": 99,
        "confidence": 1,
        "maskValues": {
          "farmland": 0.619,
          "density": 0.462,
          "health": 0.488,
          "cropType": 0.64
        },
        "noise": {
          "seed": 918273,
          "jitter": 0.031,
          "rotation": 3.8
        },
        "labels": [
          "synthetic",
          "demo",
          "farmland"
        ]
      },
      "geometry": {
        "type": "Polygon",
        "coordinates": [
          [
            [
              21.18,
              42.10534415534814
            ],
            [
              21.25,
              42.10534415534814
            ],
            [
              21.25,
              42.07
            ],
            [
              21.18,
              42.07
            ],
            [
              21.18,
              42.10534415534814
            ]
          ]
        ]
      }
    },
    {
      "type": "Feature",
      "properties": {
        "id": "KOS-FRZ-000894",
        "parcelIndex": 894,
        "district": "Ferizaj",
        "centroid": [
          21.285,
          42.118
        ],
        "areaHa": 1884.98,
        "shapeType": "irregular-rect",
        "landUse": "orchard",
        "cropType": "barley",
        "isFarmland": true,
        "farmScore": 56,
        "harvestHealth": 39,
        "soilQuality": 61,
        "waterAccess": 54,
        "slopeRisk": 100,
        "confidence": 0.998,
        "maskValues": {
          "farmland": 0.616,
          "density": 0.471,
          "health": 0.486,
          "cropType": 0.593
        },
        "noise": {
          "seed": 918273,
          "jitter": 0.062,
          "rotation": 7.26
        },
        "labels": [
          "synthetic",
          "demo",
          "farmland"
        ]
      },
      "geometry": {
        "type": "Polygon",
        "coordinates": [
          [
            [
              21.25,
              42.1325
            ],
            [
              21.32,
              42.1325
            ],
            [
              21.32,
              42.10313907603733
            ],
            [
              21.25,
              42.10313907603733
            ],
            [
              21.25,
              42.1325
            ]
          ]
        ]
      }
    },
    {
      "type": "Feature",
      "properties": {
        "id": "KOS-FRZ-000895",
        "parcelIndex": 895,
        "district": "Ferizaj",
        "centroid": [
          21.285,
          42.087
        ],
        "areaHa": 2128.59,
        "shapeType": "irregular-rect",
        "landUse": "forest_edge",
        "cropType": "mixed",
        "isFarmland": false,
        "farmScore": 60,
        "harvestHealth": 36,
        "soilQuality": 62,
        "waterAccess": 51,
        "slopeRisk": 100,
        "confidence": 1,
        "maskValues": {
          "farmland": 0.604,
          "density": 0.445,
          "health": 0.472,
          "cropType": 0.596
        },
        "noise": {
          "seed": 918273,
          "jitter": 0.115,
          "rotation": 7.04
        },
        "labels": [
          "synthetic",
          "demo",
          "non-farmland"
        ]
      },
      "geometry": {
        "type": "Polygon",
        "coordinates": [
          [
            [
              21.25,
              42.10313907603733
            ],
            [
              21.32,
              42.10313907603733
            ],
            [
              21.32,
              42.07
            ],
            [
              21.25,
              42.07
            ],
            [
              21.25,
              42.10313907603733
            ]
          ]
        ]
      }
    },
    {
      "type": "Feature",
      "properties": {
        "id": "KOS-FRZ-000896",
        "parcelIndex": 896,
        "district": "Ferizaj",
        "centroid": [
          21.355,
          42.114
        ],
        "areaHa": 2358.1,
        "shapeType": "irregular-rect",
        "landUse": "farmland",
        "cropType": "vegetables",
        "isFarmland": true,
        "farmScore": 52,
        "harvestHealth": 37,
        "soilQuality": 59,
        "waterAccess": 53,
        "slopeRisk": 100,
        "confidence": 1,
        "maskValues": {
          "farmland": 0.569,
          "density": 0.462,
          "health": 0.485,
          "cropType": 0.522
        },
        "noise": {
          "seed": 918273,
          "jitter": 0.059,
          "rotation": 4.99
        },
        "labels": [
          "synthetic",
          "demo",
          "farmland"
        ]
      },
      "geometry": {
        "type": "Polygon",
        "coordinates": [
          [
            [
              21.32,
              42.1325
            ],
            [
              21.39,
              42.1325
            ],
            [
              21.39,
              42.09577169703727
            ],
            [
              21.32,
              42.09577169703727
            ],
            [
              21.32,
              42.1325
            ]
          ]
        ]
      }
    },
    {
      "type": "Feature",
      "properties": {
        "id": "KOS-FRZ-000897",
        "parcelIndex": 897,
        "district": "Ferizaj",
        "centroid": [
          21.355,
          42.083
        ],
        "areaHa": 1655.46,
        "shapeType": "irregular-rect",
        "landUse": "fallow",
        "cropType": "pasture",
        "isFarmland": false,
        "farmScore": 55,
        "harvestHealth": 34,
        "soilQuality": 59,
        "waterAccess": 49,
        "slopeRisk": 100,
        "confidence": 1,
        "maskValues": {
          "farmland": 0.57,
          "density": 0.434,
          "health": 0.46,
          "cropType": 0.535
        },
        "noise": {
          "seed": 918273,
          "jitter": 0.156,
          "rotation": -0.64
        },
        "labels": [
          "synthetic",
          "demo",
          "non-farmland"
        ]
      },
      "geometry": {
        "type": "Polygon",
        "coordinates": [
          [
            [
              21.32,
              42.09577169703727
            ],
            [
              21.39,
              42.09577169703727
            ],
            [
              21.39,
              42.07
            ],
            [
              21.32,
              42.07
            ],
            [
              21.32,
              42.09577169703727
            ]
          ]
        ]
      }
    },
    {
      "type": "Feature",
      "properties": {
        "id": "KOS-GJN-000898",
        "parcelIndex": 898,
        "district": "Gjilan",
        "centroid": [
          21.425,
          42.119
        ],
        "areaHa": 1772.58,
        "shapeType": "irregular-rect",
        "landUse": "farmland",
        "cropType": "orchard",
        "isFarmland": true,
        "farmScore": 49,
        "harvestHealth": 37,
        "soilQuality": 54,
        "waterAccess": 52,
        "slopeRisk": 100,
        "confidence": 1,
        "maskValues": {
          "farmland": 0.508,
          "density": 0.465,
          "health": 0.496,
          "cropType": 0.443
        },
        "noise": {
          "seed": 918273,
          "jitter": 0.045,
          "rotation": -2.99
        },
        "labels": [
          "synthetic",
          "demo",
          "farmland"
        ]
      },
      "geometry": {
        "type": "Polygon",
        "coordinates": [
          [
            [
              21.39,
              42.1325
            ],
            [
              21.46,
              42.1325
            ],
            [
              21.46,
              42.104889437429954
            ],
            [
              21.39,
              42.104889437429954
            ],
            [
              21.39,
              42.1325
            ]
          ]
        ]
      }
    },
    {
      "type": "Feature",
      "properties": {
        "id": "KOS-GJN-000899",
        "parcelIndex": 899,
        "district": "Gjilan",
        "centroid": [
          21.428,
          42.087
        ],
        "areaHa": 2103.94,
        "shapeType": "irregular-rect",
        "landUse": "vineyard",
        "cropType": "pasture",
        "isFarmland": true,
        "farmScore": 52,
        "harvestHealth": 34,
        "soilQuality": 53,
        "waterAccess": 48,
        "slopeRisk": 100,
        "confidence": 1,
        "maskValues": {
          "farmland": 0.52,
          "density": 0.439,
          "health": 0.463,
          "cropType": 0.462
        },
        "noise": {
          "seed": 918273,
          "jitter": 0.021,
          "rotation": -0.05
        },
        "labels": [
          "synthetic",
          "demo",
          "farmland"
        ]
      },
      "geometry": {
        "type": "Polygon",
        "coordinates": [
          [
            [
              21.39,
              42.104889437429954
            ],
            [
              21.46,
              42.104889437429954
            ],
            [
              21.46,
              42.083333333333336
            ],
            [
              21.4376,
              42.07
            ],
            [
              21.39,
              42.07
            ],
            [
              21.39,
              42.104889437429954
            ]
          ]
        ]
      }
    },
    {
      "type": "Feature",
      "properties": {
        "id": "KOS-GJN-000900",
        "parcelIndex": 900,
        "district": "Gjilan",
        "centroid": [
          21.495,
          42.118
        ],
        "areaHa": 1819.21,
        "shapeType": "irregular-rect",
        "landUse": "farmland",
        "cropType": "orchard",
        "isFarmland": true,
        "farmScore": 40,
        "harvestHealth": 36,
        "soilQuality": 47,
        "waterAccess": 50,
        "slopeRisk": 100,
        "confidence": 0.852,
        "maskValues": {
          "farmland": 0.447,
          "density": 0.466,
          "health": 0.506,
          "cropType": 0.377
        },
        "noise": {
          "seed": 918273,
          "jitter": 0.097,
          "rotation": 1.91
        },
        "labels": [
          "synthetic",
          "demo",
          "farmland"
        ]
      },
      "geometry": {
        "type": "Polygon",
        "coordinates": [
          [
            [
              21.46,
              42.1325
            ],
            [
              21.53,
              42.1325
            ],
            [
              21.53,
              42.125
            ],
            [
              21.46,
              42.083333333333336
            ],
            [
              21.46,
              42.1325
            ]
          ]
        ]
      }
    },
    {
      "type": "Feature",
      "properties": {
        "id": "KOS-GJN-000901",
        "parcelIndex": 901,
        "district": "Gjilan",
        "centroid": [
          21.534,
          42.13
        ],
        "areaHa": 43.33,
        "shapeType": "irregular-rect",
        "landUse": "mixed",
        "cropType": "barley",
        "isFarmland": true,
        "farmScore": 39,
        "harvestHealth": 43,
        "soilQuality": 44,
        "waterAccess": 51,
        "slopeRisk": 100,
        "confidence": 0.863,
        "maskValues": {
          "farmland": 0.408,
          "density": 0.473,
          "health": 0.524,
          "cropType": 0.343
        },
        "noise": {
          "seed": 918273,
          "jitter": 0.152,
          "rotation": 0.11
        },
        "labels": [
          "synthetic",
          "demo",
          "farmland"
        ]
      },
      "geometry": {
        "type": "Polygon",
        "coordinates": [
          [
            [
              21.53,
              42.1325
            ],
            [
              21.5426,
              42.1325
            ],
            [
              21.53,
              42.125
            ],
            [
              21.53,
              42.1325
            ]
          ]
        ]
      }
    },
    {
      "type": "Feature",
      "properties": {
        "id": "KOS-GJK-000920",
        "parcelIndex": 920,
        "district": "Gjakova",
        "centroid": [
          20.267,
          42.067
        ],
        "areaHa": 36.72,
        "shapeType": "irregular-rect",
        "landUse": "farmland",
        "cropType": "corn",
        "isFarmland": true,
        "farmScore": 59,
        "harvestHealth": 39,
        "soilQuality": 65,
        "waterAccess": 45,
        "slopeRisk": 93,
        "confidence": 0.833,
        "maskValues": {
          "farmland": 0.601,
          "density": 0.39,
          "health": 0.496,
          "cropType": 0.598
        },
        "noise": {
          "seed": 918273,
          "jitter": 0.102,
          "rotation": -2.76
        },
        "labels": [
          "synthetic",
          "demo",
          "farmland"
        ]
      },
      "geometry": {
        "type": "Polygon",
        "coordinates": [
          [
            [
              20.262,
              42.07
            ],
            [
              20.27,
              42.07
            ],
            [
              20.27,
              42.06
            ],
            [
              20.262,
              42.07
            ]
          ]
        ]
      }
    },
    {
      "type": "Feature",
      "properties": {
        "id": "KOS-GJK-000922",
        "parcelIndex": 922,
        "district": "Gjakova",
        "centroid": [
          20.305,
          42.057
        ],
        "areaHa": 1665.09,
        "shapeType": "irregular-rect",
        "landUse": "orchard",
        "cropType": "pasture",
        "isFarmland": true,
        "farmScore": 51,
        "harvestHealth": 34,
        "soilQuality": 61,
        "waterAccess": 43,
        "slopeRisk": 91,
        "confidence": 0.909,
        "maskValues": {
          "farmland": 0.589,
          "density": 0.381,
          "health": 0.482,
          "cropType": 0.573
        },
        "noise": {
          "seed": 918273,
          "jitter": 0.164,
          "rotation": -2.02
        },
        "labels": [
          "synthetic",
          "demo",
          "farmland"
        ]
      },
      "geometry": {
        "type": "Polygon",
        "coordinates": [
          [
            [
              20.27,
              42.07
            ],
            [
              20.34,
              42.07
            ],
            [
              20.34,
              42.02818181818182
            ],
            [
              20.27,
              42.06
            ],
            [
              20.27,
              42.07
            ]
          ]
        ]
      }
    },
    {
      "type": "Feature",
      "properties": {
        "id": "KOS-GJK-000923",
        "parcelIndex": 923,
        "district": "Gjakova",
        "centroid": [
          20.377,
          42.037
        ],
        "areaHa": 3585.31,
        "shapeType": "irregular-rect",
        "landUse": "orchard",
        "cropType": "beans",
        "isFarmland": true,
        "farmScore": 53,
        "harvestHealth": 38,
        "soilQuality": 53,
        "waterAccess": 41,
        "slopeRisk": 89,
        "confidence": 0.999,
        "maskValues": {
          "farmland": 0.567,
          "density": 0.377,
          "health": 0.454,
          "cropType": 0.532
        },
        "noise": {
          "seed": 918273,
          "jitter": 0.072,
          "rotation": -7.25
        },
        "labels": [
          "synthetic",
          "demo",
          "farmland"
        ]
      },
      "geometry": {
        "type": "Polygon",
        "coordinates": [
          [
            [
              20.34,
              42.07
            ],
            [
              20.41,
              42.07
            ],
            [
              20.41,
              42.0075
            ],
            [
              20.3855,
              42.0075
            ],
            [
              20.34,
              42.02818181818182
            ],
            [
              20.34,
              42.07
            ]
          ]
        ]
      }
    },
    {
      "type": "Feature",
      "properties": {
        "id": "KOS-PRZ-000924",
        "parcelIndex": 924,
        "district": "Prizren",
        "centroid": [
          20.445,
          42.039
        ],
        "areaHa": 4017.52,
        "shapeType": "rectangular",
        "landUse": "farmland",
        "cropType": "potato",
        "isFarmland": true,
        "farmScore": 53,
        "harvestHealth": 31,
        "soilQuality": 46,
        "waterAccess": 45,
        "slopeRisk": 96,
        "confidence": 1,
        "maskValues": {
          "farmland": 0.541,
          "density": 0.415,
          "health": 0.447,
          "cropType": 0.481
        },
        "noise": {
          "seed": 918273,
          "jitter": 0.054,
          "rotation": -2.7
        },
        "labels": [
          "synthetic",
          "demo",
          "farmland"
        ]
      },
      "geometry": {
        "type": "Polygon",
        "coordinates": [
          [
            [
              20.41,
              42.07
            ],
            [
              20.48,
              42.07
            ],
            [
              20.48,
              42.0075
            ],
            [
              20.41,
              42.0075
            ],
            [
              20.41,
              42.07
            ]
          ]
        ]
      }
    },
    {
      "type": "Feature",
      "properties": {
        "id": "KOS-PRZ-000925",
        "parcelIndex": 925,
        "district": "Prizren",
        "centroid": [
          20.515,
          42.039
        ],
        "areaHa": 4017.52,
        "shapeType": "rectangular",
        "landUse": "farmland",
        "cropType": "corn",
        "isFarmland": true,
        "farmScore": 45,
        "harvestHealth": 30,
        "soilQuality": 41,
        "waterAccess": 50,
        "slopeRisk": 100,
        "confidence": 1,
        "maskValues": {
          "farmland": 0.506,
          "density": 0.464,
          "health": 0.449,
          "cropType": 0.433
        },
        "noise": {
          "seed": 918273,
          "jitter": 0.053,
          "rotation": -3.71
        },
        "labels": [
          "synthetic",
          "demo",
          "farmland"
        ]
      },
      "geometry": {
        "type": "Polygon",
        "coordinates": [
          [
            [
              20.48,
              42.07
            ],
            [
              20.55,
              42.07
            ],
            [
              20.55,
              42.0075
            ],
            [
              20.48,
              42.0075
            ],
            [
              20.48,
              42.07
            ]
          ]
        ]
      }
    },
    {
      "type": "Feature",
      "properties": {
        "id": "KOS-PRZ-000926",
        "parcelIndex": 926,
        "district": "Prizren",
        "centroid": [
          20.585,
          42.039
        ],
        "areaHa": 4017.52,
        "shapeType": "rectangular",
        "landUse": "orchard",
        "cropType": "potato",
        "isFarmland": true,
        "farmScore": 51,
        "harvestHealth": 34,
        "soilQuality": 40,
        "waterAccess": 54,
        "slopeRisk": 100,
        "confidence": 1,
        "maskValues": {
          "farmland": 0.471,
          "density": 0.517,
          "health": 0.461,
          "cropType": 0.398
        },
        "noise": {
          "seed": 918273,
          "jitter": 0.024,
          "rotation": -6.02
        },
        "labels": [
          "synthetic",
          "demo",
          "farmland"
        ]
      },
      "geometry": {
        "type": "Polygon",
        "coordinates": [
          [
            [
              20.55,
              42.07
            ],
            [
              20.62,
              42.07
            ],
            [
              20.62,
              42.0075
            ],
            [
              20.55,
              42.0075
            ],
            [
              20.55,
              42.07
            ]
          ]
        ]
      }
    },
    {
      "type": "Feature",
      "properties": {
        "id": "KOS-PRZ-000927",
        "parcelIndex": 927,
        "district": "Prizren",
        "centroid": [
          20.655,
          42.055
        ],
        "areaHa": 1874.96,
        "shapeType": "irregular-rect",
        "landUse": "orchard",
        "cropType": "wheat",
        "isFarmland": true,
        "farmScore": 45,
        "harvestHealth": 40,
        "soilQuality": 40,
        "waterAccess": 57,
        "slopeRisk": 100,
        "confidence": 1,
        "maskValues": {
          "farmland": 0.418,
          "density": 0.56,
          "health": 0.482,
          "cropType": 0.365
        },
        "noise": {
          "seed": 918273,
          "jitter": 0.114,
          "rotation": -7.25
        },
        "labels": [
          "synthetic",
          "demo",
          "farmland"
        ]
      },
      "geometry": {
        "type": "Polygon",
        "coordinates": [
          [
            [
              20.62,
              42.07
            ],
            [
              20.69,
              42.07
            ],
            [
              20.69,
              42.04082388081471
            ],
            [
              20.62,
              42.04082388081471
            ],
            [
              20.62,
              42.07
            ]
          ]
        ]
      }
    },
    {
      "type": "Feature",
      "properties": {
        "id": "KOS-PRZ-000928",
        "parcelIndex": 928,
        "district": "Prizren",
        "centroid": [
          20.655,
          42.024
        ],
        "areaHa": 2142.56,
        "shapeType": "irregular-rect",
        "landUse": "forest_edge",
        "cropType": "pasture",
        "isFarmland": false,
        "farmScore": 48,
        "harvestHealth": 36,
        "soilQuality": 42,
        "waterAccess": 57,
        "slopeRisk": 100,
        "confidence": 1,
        "maskValues": {
          "farmland": 0.463,
          "density": 0.57,
          "health": 0.483,
          "cropType": 0.4
        },
        "noise": {
          "seed": 918273,
          "jitter": 0.03,
          "rotation": 5.16
        },
        "labels": [
          "synthetic",
          "demo",
          "non-farmland"
        ]
      },
      "geometry": {
        "type": "Polygon",
        "coordinates": [
          [
            [
              20.62,
              42.04082388081471
            ],
            [
              20.69,
              42.04082388081471
            ],
            [
              20.69,
              42.0075
            ],
            [
              20.62,
              42.0075
            ],
            [
              20.62,
              42.04082388081471
            ]
          ]
        ]
      }
    },
    {
      "type": "Feature",
      "properties": {
        "id": "KOS-PRZ-000929",
        "parcelIndex": 929,
        "district": "Prizren",
        "centroid": [
          20.725,
          42.051
        ],
        "areaHa": 2393.51,
        "shapeType": "rectangular",
        "landUse": "farmland",
        "cropType": "corn",
        "isFarmland": true,
        "farmScore": 41,
        "harvestHealth": 42,
        "soilQuality": 43,
        "waterAccess": 57,
        "slopeRisk": 100,
        "confidence": 1,
        "maskValues": {
          "farmland": 0.41,
          "density": 0.593,
          "health": 0.505,
          "cropType": 0.383
        },
        "noise": {
          "seed": 918273,
          "jitter": 0.095,
          "rotation": 4.73
        },
        "labels": [
          "synthetic",
          "demo",
          "farmland"
        ]
      },
      "geometry": {
        "type": "Polygon",
        "coordinates": [
          [
            [
              20.69,
              42.07
            ],
            [
              20.76,
              42.07
            ],
            [
              20.76,
              42.03275704386353
            ],
            [
              20.69,
              42.03275704386353
            ],
            [
              20.69,
              42.07
            ]
          ]
        ]
      }
    },
    {
      "type": "Feature",
      "properties": {
        "id": "KOS-PRZ-000930",
        "parcelIndex": 930,
        "district": "Prizren",
        "centroid": [
          20.729,
          42.018
        ],
        "areaHa": 1473,
        "shapeType": "irregular-rect",
        "landUse": "forest_edge",
        "cropType": "fallow",
        "isFarmland": false,
        "farmScore": 43,
        "harvestHealth": 35,
        "soilQuality": 44,
        "waterAccess": 58,
        "slopeRisk": 100,
        "confidence": 0.99,
        "maskValues": {
          "farmland": 0.447,
          "density": 0.617,
          "health": 0.516,
          "cropType": 0.404
        },
        "noise": {
          "seed": 918273,
          "jitter": 0.18,
          "rotation": -1.79
        },
        "labels": [
          "synthetic",
          "demo",
          "non-farmland"
        ]
      },
      "geometry": {
        "type": "Polygon",
        "coordinates": [
          [
            [
              20.69,
              42.03275704386353
            ],
            [
              20.76,
              42.03275704386353
            ],
            [
              20.76,
              42.013214285714284
            ],
            [
              20.753,
              42.015
            ],
            [
              20.7215,
              42.0075
            ],
            [
              20.69,
              42.0075
            ],
            [
              20.69,
              42.03275704386353
            ]
          ]
        ]
      }
    },
    {
      "type": "Feature",
      "properties": {
        "id": "KOS-PRZ-000931",
        "parcelIndex": 931,
        "district": "Prizren",
        "centroid": [
          20.795,
          42.054
        ],
        "areaHa": 2106.82,
        "shapeType": "irregular-rect",
        "landUse": "pasture",
        "cropType": "pasture",
        "isFarmland": false,
        "farmScore": 44,
        "harvestHealth": 38,
        "soilQuality": 45,
        "waterAccess": 54,
        "slopeRisk": 93,
        "confidence": 1,
        "maskValues": {
          "farmland": 0.413,
          "density": 0.605,
          "health": 0.527,
          "cropType": 0.419
        },
        "noise": {
          "seed": 918273,
          "jitter": 0.131,
          "rotation": 0.7
        },
        "labels": [
          "synthetic",
          "demo",
          "non-farmland"
        ]
      },
      "geometry": {
        "type": "Polygon",
        "coordinates": [
          [
            [
              20.76,
              42.07
            ],
            [
              20.830000000000002,
              42.07
            ],
            [
              20.830000000000002,
              42.03721681977506
            ],
            [
              20.76,
              42.03721681977506
            ],
            [
              20.76,
              42.07
            ]
          ]
        ]
      }
    },
    {
      "type": "Feature",
      "properties": {
        "id": "KOS-PRZ-000932",
        "parcelIndex": 932,
        "district": "Prizren",
        "centroid": [
          20.792,
          42.021
        ],
        "areaHa": 1851.9,
        "shapeType": "irregular-rect",
        "landUse": "farmland",
        "cropType": "wheat",
        "isFarmland": true,
        "farmScore": 44,
        "harvestHealth": 38,
        "soilQuality": 44,
        "waterAccess": 57,
        "slopeRisk": 92,
        "confidence": 1,
        "maskValues": {
          "farmland": 0.433,
          "density": 0.635,
          "health": 0.542,
          "cropType": 0.418
        },
        "noise": {
          "seed": 918273,
          "jitter": 0.023,
          "rotation": 0.59
        },
        "labels": [
          "synthetic",
          "demo",
          "farmland"
        ]
      },
      "geometry": {
        "type": "Polygon",
        "coordinates": [
          [
            [
              20.76,
              42.03721681977506
            ],
            [
              20.830000000000002,
              42.03721681977506
            ],
            [
              20.830000000000002,
              42.0075
            ],
            [
              20.7824,
              42.0075
            ],
            [
              20.76,
              42.013214285714284
            ],
            [
              20.76,
              42.03721681977506
            ]
          ]
        ]
      }
    },
    {
      "type": "Feature",
      "properties": {
        "id": "KOS-PRZ-000933",
        "parcelIndex": 933,
        "district": "Prizren",
        "centroid": [
          20.865,
          42.053
        ],
        "areaHa": 2245.71,
        "shapeType": "irregular-rect",
        "landUse": "vineyard",
        "cropType": "vegetables",
        "isFarmland": true,
        "farmScore": 46,
        "harvestHealth": 41,
        "soilQuality": 46,
        "waterAccess": 52,
        "slopeRisk": 83,
        "confidence": 1,
        "maskValues": {
          "farmland": 0.435,
          "density": 0.601,
          "health": 0.545,
          "cropType": 0.471
        },
        "noise": {
          "seed": 918273,
          "jitter": 0.164,
          "rotation": 3.05
        },
        "labels": [
          "synthetic",
          "demo",
          "farmland"
        ]
      },
      "geometry": {
        "type": "Polygon",
        "coordinates": [
          [
            [
              20.830000000000002,
              42.07
            ],
            [
              20.9,
              42.07
            ],
            [
              20.9,
              42.035056212688794
            ],
            [
              20.830000000000002,
              42.035056212688794
            ],
            [
              20.830000000000002,
              42.07
            ]
          ]
        ]
      }
    },
    {
      "type": "Feature",
      "properties": {
        "id": "KOS-PRZ-000934",
        "parcelIndex": 934,
        "district": "Prizren",
        "centroid": [
          20.865,
          42.021
        ],
        "areaHa": 1771.81,
        "shapeType": "irregular-rect",
        "landUse": "fallow",
        "cropType": "pasture",
        "isFarmland": false,
        "farmScore": 43,
        "harvestHealth": 44,
        "soilQuality": 44,
        "waterAccess": 55,
        "slopeRisk": 86,
        "confidence": 1,
        "maskValues": {
          "farmland": 0.434,
          "density": 0.631,
          "health": 0.565,
          "cropType": 0.453
        },
        "noise": {
          "seed": 918273,
          "jitter": 0.047,
          "rotation": 4.42
        },
        "labels": [
          "synthetic",
          "demo",
          "non-farmland"
        ]
      },
      "geometry": {
        "type": "Polygon",
        "coordinates": [
          [
            [
              20.830000000000002,
              42.035056212688794
            ],
            [
              20.9,
              42.035056212688794
            ],
            [
              20.9,
              42.0075
            ],
            [
              20.830000000000002,
              42.0075
            ],
            [
              20.830000000000002,
              42.035056212688794
            ]
          ]
        ]
      }
    },
    {
      "type": "Feature",
      "properties": {
        "id": "KOS-PRZ-000935",
        "parcelIndex": 935,
        "district": "Prizren",
        "centroid": [
          20.935,
          42.039
        ],
        "areaHa": 4017.52,
        "shapeType": "rectangular",
        "landUse": "orchard",
        "cropType": "wheat",
        "isFarmland": true,
        "farmScore": 45,
        "harvestHealth": 49,
        "soilQuality": 47,
        "waterAccess": 52,
        "slopeRisk": 81,
        "confidence": 1,
        "maskValues": {
          "farmland": 0.461,
          "density": 0.591,
          "health": 0.564,
          "cropType": 0.515
        },
        "noise": {
          "seed": 918273,
          "jitter": 0.047,
          "rotation": -4.93
        },
        "labels": [
          "synthetic",
          "demo",
          "farmland"
        ]
      },
      "geometry": {
        "type": "Polygon",
        "coordinates": [
          [
            [
              20.9,
              42.07
            ],
            [
              20.97,
              42.07
            ],
            [
              20.97,
              42.0075
            ],
            [
              20.9,
              42.0075
            ],
            [
              20.9,
              42.07
            ]
          ]
        ]
      }
    },
    {
      "type": "Feature",
      "properties": {
        "id": "KOS-PRZ-000936",
        "parcelIndex": 936,
        "district": "Prizren",
        "centroid": [
          21.005,
          42.039
        ],
        "areaHa": 4017.52,
        "shapeType": "rectangular",
        "landUse": "mixed",
        "cropType": "pasture",
        "isFarmland": false,
        "farmScore": 48,
        "harvestHealth": 45,
        "soilQuality": 50,
        "waterAccess": 51,
        "slopeRisk": 84,
        "confidence": 1,
        "maskValues": {
          "farmland": 0.496,
          "density": 0.553,
          "health": 0.561,
          "cropType": 0.565
        },
        "noise": {
          "seed": 918273,
          "jitter": 0.109,
          "rotation": 0.04
        },
        "labels": [
          "synthetic",
          "demo",
          "non-farmland"
        ]
      },
      "geometry": {
        "type": "Polygon",
        "coordinates": [
          [
            [
              20.97,
              42.07
            ],
            [
              21.04,
              42.07
            ],
            [
              21.04,
              42.0075
            ],
            [
              20.97,
              42.0075
            ],
            [
              20.97,
              42.07
            ]
          ]
        ]
      }
    },
    {
      "type": "Feature",
      "properties": {
        "id": "KOS-FRZ-000937",
        "parcelIndex": 937,
        "district": "Ferizaj",
        "centroid": [
          21.075,
          42.039
        ],
        "areaHa": 4017.52,
        "shapeType": "rectangular",
        "landUse": "farmland",
        "cropType": "corn",
        "isFarmland": true,
        "farmScore": 55,
        "harvestHealth": 44,
        "soilQuality": 54,
        "waterAccess": 50,
        "slopeRisk": 90,
        "confidence": 1,
        "maskValues": {
          "farmland": 0.532,
          "density": 0.508,
          "health": 0.544,
          "cropType": 0.603
        },
        "noise": {
          "seed": 918273,
          "jitter": 0.175,
          "rotation": 7.03
        },
        "labels": [
          "synthetic",
          "demo",
          "farmland"
        ]
      },
      "geometry": {
        "type": "Polygon",
        "coordinates": [
          [
            [
              21.04,
              42.07
            ],
            [
              21.11,
              42.07
            ],
            [
              21.11,
              42.0075
            ],
            [
              21.04,
              42.0075
            ],
            [
              21.04,
              42.07
            ]
          ]
        ]
      }
    },
    {
      "type": "Feature",
      "properties": {
        "id": "KOS-FRZ-000938",
        "parcelIndex": 938,
        "district": "Ferizaj",
        "centroid": [
          21.145,
          42.057
        ],
        "areaHa": 1646.59,
        "shapeType": "irregular-rect",
        "landUse": "forest_edge",
        "cropType": "pasture",
        "isFarmland": false,
        "farmScore": 57,
        "harvestHealth": 45,
        "soilQuality": 59,
        "waterAccess": 50,
        "slopeRisk": 94,
        "confidence": 1,
        "maskValues": {
          "farmland": 0.586,
          "density": 0.469,
          "health": 0.513,
          "cropType": 0.64
        },
        "noise": {
          "seed": 918273,
          "jitter": 0.03,
          "rotation": -6.54
        },
        "labels": [
          "synthetic",
          "demo",
          "non-farmland"
        ]
      },
      "geometry": {
        "type": "Polygon",
        "coordinates": [
          [
            [
              21.11,
              42.07
            ],
            [
              21.18,
              42.07
            ],
            [
              21.18,
              42.04437676918344
            ],
            [
              21.11,
              42.04437676918344
            ],
            [
              21.11,
              42.07
            ]
          ]
        ]
      }
    },
    {
      "type": "Feature",
      "properties": {
        "id": "KOS-FRZ-000939",
        "parcelIndex": 939,
        "district": "Ferizaj",
        "centroid": [
          21.145,
          42.026
        ],
        "areaHa": 2370.93,
        "shapeType": "irregular-rect",
        "landUse": "farmland",
        "cropType": "corn",
        "isFarmland": true,
        "farmScore": 53,
        "harvestHealth": 44,
        "soilQuality": 60,
        "waterAccess": 49,
        "slopeRisk": 97,
        "confidence": 1,
        "maskValues": {
          "farmland": 0.545,
          "density": 0.46,
          "health": 0.52,
          "cropType": 0.608
        },
        "noise": {
          "seed": 918273,
          "jitter": 0.102,
          "rotation": -5.98
        },
        "labels": [
          "synthetic",
          "demo",
          "farmland"
        ]
      },
      "geometry": {
        "type": "Polygon",
        "coordinates": [
          [
            [
              21.11,
              42.04437676918344
            ],
            [
              21.18,
              42.04437676918344
            ],
            [
              21.18,
              42.0075
            ],
            [
              21.11,
              42.0075
            ],
            [
              21.11,
              42.04437676918344
            ]
          ]
        ]
      }
    },
    {
      "type": "Feature",
      "properties": {
        "id": "KOS-FRZ-000940",
        "parcelIndex": 940,
        "district": "Ferizaj",
        "centroid": [
          21.215,
          42.053
        ],
        "areaHa": 2169.37,
        "shapeType": "irregular-rect",
        "landUse": "mixed",
        "cropType": "potato",
        "isFarmland": true,
        "farmScore": 57,
        "harvestHealth": 33,
        "soilQuality": 63,
        "waterAccess": 49,
        "slopeRisk": 98,
        "confidence": 1,
        "maskValues": {
          "farmland": 0.595,
          "density": 0.437,
          "health": 0.487,
          "cropType": 0.626
        },
        "noise": {
          "seed": 918273,
          "jitter": 0.178,
          "rotation": 6.54
        },
        "labels": [
          "synthetic",
          "demo",
          "farmland"
        ]
      },
      "geometry": {
        "type": "Polygon",
        "coordinates": [
          [
            [
              21.18,
              42.07
            ],
            [
              21.25,
              42.07
            ],
            [
              21.25,
              42.03624383871968
            ],
            [
              21.18,
              42.03624383871968
            ],
            [
              21.18,
              42.07
            ]
          ]
        ]
      }
    },
    {
      "type": "Feature",
      "properties": {
        "id": "KOS-FRZ-000941",
        "parcelIndex": 941,
        "district": "Ferizaj",
        "centroid": [
          21.215,
          42.022
        ],
        "areaHa": 1848.15,
        "shapeType": "irregular-rect",
        "landUse": "farmland",
        "cropType": "barley",
        "isFarmland": true,
        "farmScore": 50,
        "harvestHealth": 42,
        "soilQuality": 63,
        "waterAccess": 47,
        "slopeRisk": 97,
        "confidence": 0.995,
        "maskValues": {
          "farmland": 0.561,
          "density": 0.419,
          "health": 0.485,
          "cropType": 0.606
        },
        "noise": {
          "seed": 918273,
          "jitter": 0.176,
          "rotation": -1.57
        },
        "labels": [
          "synthetic",
          "demo",
          "farmland"
        ]
      },
      "geometry": {
        "type": "Polygon",
        "coordinates": [
          [
            [
              21.18,
              42.03624383871968
            ],
            [
              21.25,
              42.03624383871968
            ],
            [
              21.25,
              42.0075
            ],
            [
              21.18,
              42.0075
            ],
            [
              21.18,
              42.03624383871968
            ]
          ]
        ]
      }
    },
    {
      "type": "Feature",
      "properties": {
        "id": "KOS-FRZ-000942",
        "parcelIndex": 942,
        "district": "Ferizaj",
        "centroid": [
          21.285,
          42.053
        ],
        "areaHa": 2154.17,
        "shapeType": "irregular-rect",
        "landUse": "farmland",
        "cropType": "pasture",
        "isFarmland": true,
        "farmScore": 58,
        "harvestHealth": 31,
        "soilQuality": 63,
        "waterAccess": 47,
        "slopeRisk": 98,
        "confidence": 1,
        "maskValues": {
          "farmland": 0.59,
          "density": 0.418,
          "health": 0.463,
          "cropType": 0.591
        },
        "noise": {
          "seed": 918273,
          "jitter": 0.134,
          "rotation": 7.44
        },
        "labels": [
          "synthetic",
          "demo",
          "farmland"
        ]
      },
      "geometry": {
        "type": "Polygon",
        "coordinates": [
          [
            [
              21.25,
              42.07
            ],
            [
              21.32,
              42.07
            ],
            [
              21.32,
              42.03648023399757
            ],
            [
              21.25,
              42.03648023399757
            ],
            [
              21.25,
              42.07
            ]
          ]
        ]
      }
    },
    {
      "type": "Feature",
      "properties": {
        "id": "KOS-FRZ-000943",
        "parcelIndex": 943,
        "district": "Ferizaj",
        "centroid": [
          21.285,
          42.022
        ],
        "areaHa": 1863.35,
        "shapeType": "irregular-rect",
        "landUse": "orchard",
        "cropType": "vineyard",
        "isFarmland": true,
        "farmScore": 53,
        "harvestHealth": 39,
        "soilQuality": 63,
        "waterAccess": 43,
        "slopeRisk": 94,
        "confidence": 0.997,
        "maskValues": {
          "farmland": 0.57,
          "density": 0.393,
          "health": 0.452,
          "cropType": 0.587
        },
        "noise": {
          "seed": 918273,
          "jitter": 0.036,
          "rotation": 5.85
        },
        "labels": [
          "synthetic",
          "demo",
          "farmland"
        ]
      },
      "geometry": {
        "type": "Polygon",
        "coordinates": [
          [
            [
              21.25,
              42.03648023399757
            ],
            [
              21.32,
              42.03648023399757
            ],
            [
              21.32,
              42.0075
            ],
            [
              21.25,
              42.0075
            ],
            [
              21.25,
              42.03648023399757
            ]
          ]
        ]
      }
    },
    {
      "type": "Feature",
      "properties": {
        "id": "KOS-FRZ-000944",
        "parcelIndex": 944,
        "district": "Ferizaj",
        "centroid": [
          21.355,
          42.056
        ],
        "areaHa": 1806.43,
        "shapeType": "irregular-rect",
        "landUse": "forest_edge",
        "cropType": "pasture",
        "isFarmland": false,
        "farmScore": 58,
        "harvestHealth": 33,
        "soilQuality": 59,
        "waterAccess": 46,
        "slopeRisk": 97,
        "confidence": 1,
        "maskValues": {
          "farmland": 0.567,
          "density": 0.415,
          "health": 0.449,
          "cropType": 0.537
        },
        "noise": {
          "seed": 918273,
          "jitter": 0.134,
          "rotation": 2.86
        },
        "labels": [
          "synthetic",
          "demo",
          "non-farmland"
        ]
      },
      "geometry": {
        "type": "Polygon",
        "coordinates": [
          [
            [
              21.32,
              42.07
            ],
            [
              21.39,
              42.07
            ],
            [
              21.39,
              42.0418900277745
            ],
            [
              21.32,
              42.0418900277745
            ],
            [
              21.32,
              42.07
            ]
          ]
        ]
      }
    },
    {
      "type": "Feature",
      "properties": {
        "id": "KOS-FRZ-000945",
        "parcelIndex": 945,
        "district": "Ferizaj",
        "centroid": [
          21.351,
          42.028
        ],
        "areaHa": 1310.43,
        "shapeType": "irregular-rect",
        "landUse": "fallow",
        "cropType": "wheat",
        "isFarmland": true,
        "farmScore": 51,
        "harvestHealth": 36,
        "soilQuality": 59,
        "waterAccess": 42,
        "slopeRisk": 92,
        "confidence": 0.878,
        "maskValues": {
          "farmland": 0.566,
          "density": 0.391,
          "health": 0.432,
          "cropType": 0.551
        },
        "noise": {
          "seed": 918273,
          "jitter": 0.041,
          "rotation": 0.65
        },
        "labels": [
          "synthetic",
          "demo",
          "farmland"
        ]
      },
      "geometry": {
        "type": "Polygon",
        "coordinates": [
          [
            [
              21.32,
              42.0418900277745
            ],
            [
              21.39,
              42.0418900277745
            ],
            [
              21.39,
              42.041666666666664
            ],
            [
              21.3326,
              42.0075
            ],
            [
              21.32,
              42.0075
            ],
            [
              21.32,
              42.0418900277745
            ]
          ]
        ]
      }
    },
    {
      "type": "Feature",
      "properties": {
        "id": "KOS-FRZ-000946",
        "parcelIndex": 946,
        "district": "Ferizaj",
        "centroid": [
          21.406,
          42.061
        ],
        "areaHa": 619.07,
        "shapeType": "irregular-rect",
        "landUse": "farmland",
        "cropType": "corn",
        "isFarmland": true,
        "farmScore": 54,
        "harvestHealth": 36,
        "soilQuality": 54,
        "waterAccess": 46,
        "slopeRisk": 97,
        "confidence": 0.832,
        "maskValues": {
          "farmland": 0.538,
          "density": 0.424,
          "health": 0.448,
          "cropType": 0.488
        },
        "noise": {
          "seed": 918273,
          "jitter": 0.082,
          "rotation": -2.44
        },
        "labels": [
          "synthetic",
          "demo",
          "farmland"
        ]
      },
      "geometry": {
        "type": "Polygon",
        "coordinates": [
          [
            [
              21.39,
              42.07
            ],
            [
              21.4376,
              42.07
            ],
            [
              21.39,
              42.041666666666664
            ],
            [
              21.39,
              42.07
            ]
          ]
        ]
      }
    },
    {
      "type": "Feature",
      "properties": {
        "id": "KOS-GJK-000968",
        "parcelIndex": 968,
        "district": "Gjakova",
        "centroid": [
          20.402,
          42.004
        ],
        "areaHa": 125.35,
        "shapeType": "irregular-rect",
        "landUse": "vineyard",
        "cropType": "orchard",
        "isFarmland": true,
        "farmScore": 54,
        "harvestHealth": 39,
        "soilQuality": 50,
        "waterAccess": 40,
        "slopeRisk": 88,
        "confidence": 0.827,
        "maskValues": {
          "farmland": 0.569,
          "density": 0.369,
          "health": 0.441,
          "cropType": 0.533
        },
        "noise": {
          "seed": 918273,
          "jitter": 0.134,
          "rotation": 0.49
        },
        "labels": [
          "synthetic",
          "demo",
          "farmland"
        ]
      },
      "geometry": {
        "type": "Polygon",
        "coordinates": [
          [
            [
              20.3855,
              42.0075
            ],
            [
              20.41,
              42.0075
            ],
            [
              20.41,
              41.99636363636364
            ],
            [
              20.3855,
              42.0075
            ]
          ]
        ]
      }
    },
    {
      "type": "Feature",
      "properties": {
        "id": "KOS-PRZ-000969",
        "parcelIndex": 969,
        "district": "Prizren",
        "centroid": [
          20.445,
          41.994
        ],
        "areaHa": 1739.84,
        "shapeType": "irregular-rect",
        "landUse": "fallow",
        "cropType": "orchard",
        "isFarmland": true,
        "farmScore": 55,
        "harvestHealth": 31,
        "soilQuality": 48,
        "waterAccess": 42,
        "slopeRisk": 93,
        "confidence": 0.899,
        "maskValues": {
          "farmland": 0.568,
          "density": 0.39,
          "health": 0.435,
          "cropType": 0.521
        },
        "noise": {
          "seed": 918273,
          "jitter": 0.173,
          "rotation": 0.63
        },
        "labels": [
          "synthetic",
          "demo",
          "farmland"
        ]
      },
      "geometry": {
        "type": "Polygon",
        "coordinates": [
          [
            [
              20.41,
              42.0075
            ],
            [
              20.48,
              42.0075
            ],
            [
              20.48,
              41.96454545454546
            ],
            [
              20.41,
              41.99636363636364
            ],
            [
              20.41,
              42.0075
            ]
          ]
        ]
      }
    },
    {
      "type": "Feature",
      "properties": {
        "id": "KOS-PRZ-000970",
        "parcelIndex": 970,
        "district": "Prizren",
        "centroid": [
          20.512,
          41.98
        ],
        "areaHa": 3022.82,
        "shapeType": "irregular-rect",
        "landUse": "fallow",
        "cropType": "fallow",
        "isFarmland": false,
        "farmScore": 51,
        "harvestHealth": 36,
        "soilQuality": 46,
        "waterAccess": 48,
        "slopeRisk": 99,
        "confidence": 0.972,
        "maskValues": {
          "farmland": 0.569,
          "density": 0.442,
          "health": 0.439,
          "cropType": 0.507
        },
        "noise": {
          "seed": 918273,
          "jitter": 0.118,
          "rotation": -1.02
        },
        "labels": [
          "synthetic",
          "demo",
          "non-farmland"
        ]
      },
      "geometry": {
        "type": "Polygon",
        "coordinates": [
          [
            [
              20.48,
              42.0075
            ],
            [
              20.55,
              42.0075
            ],
            [
              20.55,
              41.96666666666667
            ],
            [
              20.501,
              41.955
            ],
            [
              20.48,
              41.96454545454546
            ],
            [
              20.48,
              42.0075
            ]
          ]
        ]
      }
    },
    {
      "type": "Feature",
      "properties": {
        "id": "KOS-PRZ-000971",
        "parcelIndex": 971,
        "district": "Prizren",
        "centroid": [
          20.59,
          41.992
        ],
        "areaHa": 1698.39,
        "shapeType": "irregular-rect",
        "landUse": "mixed",
        "cropType": "pasture",
        "isFarmland": false,
        "farmScore": 50,
        "harvestHealth": 36,
        "soilQuality": 44,
        "waterAccess": 55,
        "slopeRisk": 100,
        "confidence": 1,
        "maskValues": {
          "farmland": 0.526,
          "density": 0.527,
          "health": 0.463,
          "cropType": 0.452
        },
        "noise": {
          "seed": 918273,
          "jitter": 0.025,
          "rotation": -4.19
        },
        "labels": [
          "synthetic",
          "demo",
          "non-farmland"
        ]
      },
      "geometry": {
        "type": "Polygon",
        "coordinates": [
          [
            [
              20.55,
              42.0075
            ],
            [
              20.62,
              42.0075
            ],
            [
              20.62,
              41.983333333333334
            ],
            [
              20.609874271146605,
              41.9809224455111
            ],
            [
              20.55,
              41.9809224455111
            ],
            [
              20.55,
              42.0075
            ]
          ]
        ]
      }
    },
    {
      "type": "Feature",
      "properties": {
        "id": "KOS-PRZ-000972",
        "parcelIndex": 972,
        "district": "Prizren",
        "centroid": [
          20.57,
          41.976
        ],
        "areaHa": 392.31,
        "shapeType": "irregular-rect",
        "landUse": "pasture",
        "cropType": "pasture",
        "isFarmland": false,
        "farmScore": 49,
        "harvestHealth": 38,
        "soilQuality": 46,
        "waterAccess": 53,
        "slopeRisk": 100,
        "confidence": 0.842,
        "maskValues": {
          "farmland": 0.557,
          "density": 0.502,
          "health": 0.456,
          "cropType": 0.485
        },
        "noise": {
          "seed": 918273,
          "jitter": 0.074,
          "rotation": 0.29
        },
        "labels": [
          "synthetic",
          "demo",
          "non-farmland"
        ]
      },
      "geometry": {
        "type": "Polygon",
        "coordinates": [
          [
            [
              20.55,
              41.9809224455111
            ],
            [
              20.609874271146605,
              41.9809224455111
            ],
            [
              20.55,
              41.96666666666667
            ],
            [
              20.55,
              41.9809224455111
            ]
          ]
        ]
      }
    },
    {
      "type": "Feature",
      "properties": {
        "id": "KOS-PRZ-000973",
        "parcelIndex": 973,
        "district": "Prizren",
        "centroid": [
          20.655,
          42
        ],
        "areaHa": 1018.43,
        "shapeType": "irregular-rect",
        "landUse": "pasture",
        "cropType": "mixed",
        "isFarmland": false,
        "farmScore": 52,
        "harvestHealth": 38,
        "soilQuality": 44,
        "waterAccess": 58,
        "slopeRisk": 100,
        "confidence": 0.89,
        "maskValues": {
          "farmland": 0.485,
          "density": 0.585,
          "health": 0.488,
          "cropType": 0.419
        },
        "noise": {
          "seed": 918273,
          "jitter": 0.023,
          "rotation": 3.74
        },
        "labels": [
          "synthetic",
          "demo",
          "non-farmland"
        ]
      },
      "geometry": {
        "type": "Polygon",
        "coordinates": [
          [
            [
              20.62,
              42.0075
            ],
            [
              20.69,
              42.0075
            ],
            [
              20.69,
              42
            ],
            [
              20.62,
              41.983333333333334
            ],
            [
              20.62,
              42.0075
            ]
          ]
        ]
      }
    },
    {
      "type": "Feature",
      "properties": {
        "id": "KOS-PRZ-000975",
        "parcelIndex": 975,
        "district": "Prizren",
        "centroid": [
          20.701,
          42.005
        ],
        "areaHa": 108.53,
        "shapeType": "irregular-rect",
        "landUse": "farmland",
        "cropType": "pasture",
        "isFarmland": true,
        "farmScore": 44,
        "harvestHealth": 35,
        "soilQuality": 44,
        "waterAccess": 59,
        "slopeRisk": 100,
        "confidence": 0.822,
        "maskValues": {
          "farmland": 0.459,
          "density": 0.615,
          "health": 0.506,
          "cropType": 0.408
        },
        "noise": {
          "seed": 918273,
          "jitter": 0.057,
          "rotation": 2.28
        },
        "labels": [
          "synthetic",
          "demo",
          "farmland"
        ]
      },
      "geometry": {
        "type": "Polygon",
        "coordinates": [
          [
            [
              20.69,
              42.0075
            ],
            [
              20.7215,
              42.0075
            ],
            [
              20.69,
              42
            ],
            [
              20.69,
              42.0075
            ]
          ]
        ]
      }
    },
    {
      "type": "Feature",
      "properties": {
        "id": "KOS-PRZ-000976",
        "parcelIndex": 976,
        "district": "Prizren",
        "centroid": [
          20.814,
          42.003
        ],
        "areaHa": 265.54,
        "shapeType": "irregular-rect",
        "landUse": "farmland",
        "cropType": "orchard",
        "isFarmland": true,
        "farmScore": 43,
        "harvestHealth": 45,
        "soilQuality": 43,
        "waterAccess": 57,
        "slopeRisk": 91,
        "confidence": 0.825,
        "maskValues": {
          "farmland": 0.435,
          "density": 0.648,
          "health": 0.554,
          "cropType": 0.429
        },
        "noise": {
          "seed": 918273,
          "jitter": 0.145,
          "rotation": 0.89
        },
        "labels": [
          "synthetic",
          "demo",
          "farmland"
        ]
      },
      "geometry": {
        "type": "Polygon",
        "coordinates": [
          [
            [
              20.7824,
              42.0075
            ],
            [
              20.830000000000002,
              42.0075
            ],
            [
              20.830000000000002,
              41.995357142857145
            ],
            [
              20.7824,
              42.0075
            ]
          ]
        ]
      }
    },
    {
      "type": "Feature",
      "properties": {
        "id": "KOS-PRZ-000978",
        "parcelIndex": 978,
        "district": "Prizren",
        "centroid": [
          20.865,
          41.997
        ],
        "areaHa": 1355.41,
        "shapeType": "irregular-rect",
        "landUse": "pasture",
        "cropType": "pasture",
        "isFarmland": false,
        "farmScore": 50,
        "harvestHealth": 44,
        "soilQuality": 43,
        "waterAccess": 57,
        "slopeRisk": 88,
        "confidence": 0.914,
        "maskValues": {
          "farmland": 0.434,
          "density": 0.646,
          "health": 0.572,
          "cropType": 0.447
        },
        "noise": {
          "seed": 918273,
          "jitter": 0.177,
          "rotation": -0.32
        },
        "labels": [
          "synthetic",
          "demo",
          "non-farmland"
        ]
      },
      "geometry": {
        "type": "Polygon",
        "coordinates": [
          [
            [
              20.830000000000002,
              42.0075
            ],
            [
              20.9,
              42.0075
            ],
            [
              20.9,
              41.9775
            ],
            [
              20.830000000000002,
              41.995357142857145
            ],
            [
              20.830000000000002,
              42.0075
            ]
          ]
        ]
      }
    },
    {
      "type": "Feature",
      "properties": {
        "id": "KOS-PRZ-000979",
        "parcelIndex": 979,
        "district": "Prizren",
        "centroid": [
          20.935,
          41.994
        ],
        "areaHa": 1761.04,
        "shapeType": "irregular-rect",
        "landUse": "fallow",
        "cropType": "pasture",
        "isFarmland": false,
        "farmScore": 46,
        "harvestHealth": 48,
        "soilQuality": 44,
        "waterAccess": 56,
        "slopeRisk": 90,
        "confidence": 1,
        "maskValues": {
          "farmland": 0.438,
          "density": 0.615,
          "health": 0.583,
          "cropType": 0.479
        },
        "noise": {
          "seed": 918273,
          "jitter": 0.104,
          "rotation": 7.1
        },
        "labels": [
          "synthetic",
          "demo",
          "non-farmland"
        ]
      },
      "geometry": {
        "type": "Polygon",
        "coordinates": [
          [
            [
              20.9,
              42.0075
            ],
            [
              20.97,
              42.0075
            ],
            [
              20.97,
              41.98012306418852
            ],
            [
              20.9,
              41.98012306418852
            ],
            [
              20.9,
              42.0075
            ]
          ]
        ]
      }
    },
    {
      "type": "Feature",
      "properties": {
        "id": "KOS-PRZ-000980",
        "parcelIndex": 980,
        "district": "Prizren",
        "centroid": [
          20.935,
          41.974
        ],
        "areaHa": 743.34,
        "shapeType": "irregular-rect",
        "landUse": "pasture",
        "cropType": "pasture",
        "isFarmland": false,
        "farmScore": 45,
        "harvestHealth": 49,
        "soilQuality": 43,
        "waterAccess": 58,
        "slopeRisk": 94,
        "confidence": 0.87,
        "maskValues": {
          "farmland": 0.428,
          "density": 0.629,
          "health": 0.591,
          "cropType": 0.458
        },
        "noise": {
          "seed": 918273,
          "jitter": 0.146,
          "rotation": -1.3
        },
        "labels": [
          "synthetic",
          "demo",
          "non-farmland"
        ]
      },
      "geometry": {
        "type": "Polygon",
        "coordinates": [
          [
            [
              20.9,
              41.98012306418852
            ],
            [
              20.97,
              41.98012306418852
            ],
            [
              20.97,
              41.95964285714286
            ],
            [
              20.9,
              41.9775
            ],
            [
              20.9,
              41.98012306418852
            ]
          ]
        ]
      }
    },
    {
      "type": "Feature",
      "properties": {
        "id": "KOS-PRZ-000981",
        "parcelIndex": 981,
        "district": "Prizren",
        "centroid": [
          21.009,
          41.973
        ],
        "areaHa": 3635.03,
        "shapeType": "rectangular",
        "landUse": "orchard",
        "cropType": "wheat",
        "isFarmland": true,
        "farmScore": 50,
        "harvestHealth": 47,
        "soilQuality": 48,
        "waterAccess": 56,
        "slopeRisk": 100,
        "confidence": 0.981,
        "maskValues": {
          "farmland": 0.433,
          "density": 0.57,
          "health": 0.581,
          "cropType": 0.49
        },
        "noise": {
          "seed": 918273,
          "jitter": 0.059,
          "rotation": -1.32
        },
        "labels": [
          "synthetic",
          "demo",
          "farmland"
        ]
      },
      "geometry": {
        "type": "Polygon",
        "coordinates": [
          [
            [
              20.97,
              42.0075
            ],
            [
              21.04,
              42.0075
            ],
            [
              21.04,
              41.945
            ],
            [
              21.0274,
              41.945
            ],
            [
              20.97,
              41.95964285714286
            ],
            [
              20.97,
              42.0075
            ]
          ]
        ]
      }
    },
    {
      "type": "Feature",
      "properties": {
        "id": "KOS-FRZ-000982",
        "parcelIndex": 982,
        "district": "Ferizaj",
        "centroid": [
          21.075,
          41.994
        ],
        "areaHa": 1790.45,
        "shapeType": "irregular-rect",
        "landUse": "vineyard",
        "cropType": "vineyard",
        "isFarmland": true,
        "farmScore": 54,
        "harvestHealth": 41,
        "soilQuality": 54,
        "waterAccess": 52,
        "slopeRisk": 98,
        "confidence": 1,
        "maskValues": {
          "farmland": 0.482,
          "density": 0.503,
          "health": 0.553,
          "cropType": 0.554
        },
        "noise": {
          "seed": 918273,
          "jitter": 0.148,
          "rotation": -4.54
        },
        "labels": [
          "synthetic",
          "demo",
          "farmland"
        ]
      },
      "geometry": {
        "type": "Polygon",
        "coordinates": [
          [
            [
              21.04,
              42.0075
            ],
            [
              21.11,
              42.0075
            ],
            [
              21.11,
              41.97966594852216
            ],
            [
              21.04,
              41.97966594852216
            ],
            [
              21.04,
              42.0075
            ]
          ]
        ]
      }
    },
    {
      "type": "Feature",
      "properties": {
        "id": "KOS-FRZ-000983",
        "parcelIndex": 983,
        "district": "Ferizaj",
        "centroid": [
          21.074,
          41.961
        ],
        "areaHa": 2067.3,
        "shapeType": "irregular-rect",
        "landUse": "mixed",
        "cropType": "fallow",
        "isFarmland": false,
        "farmScore": 49,
        "harvestHealth": 46,
        "soilQuality": 53,
        "waterAccess": 54,
        "slopeRisk": 100,
        "confidence": 1,
        "maskValues": {
          "farmland": 0.435,
          "density": 0.512,
          "health": 0.558,
          "cropType": 0.503
        },
        "noise": {
          "seed": 918273,
          "jitter": 0.113,
          "rotation": 3.95
        },
        "labels": [
          "synthetic",
          "demo",
          "non-farmland"
        ]
      },
      "geometry": {
        "type": "Polygon",
        "coordinates": [
          [
            [
              21.04,
              41.97966594852216
            ],
            [
              21.11,
              41.97966594852216
            ],
            [
              21.11,
              41.95384615384616
            ],
            [
              21.06975,
              41.945
            ],
            [
              21.04,
              41.945
            ],
            [
              21.04,
              41.97966594852216
            ]
          ]
        ]
      }
    },
    {
      "type": "Feature",
      "properties": {
        "id": "KOS-FRZ-000984",
        "parcelIndex": 984,
        "district": "Ferizaj",
        "centroid": [
          21.145,
          41.994
        ],
        "areaHa": 1709.71,
        "shapeType": "irregular-rect",
        "landUse": "fallow",
        "cropType": "pasture",
        "isFarmland": false,
        "farmScore": 51,
        "harvestHealth": 40,
        "soilQuality": 60,
        "waterAccess": 49,
        "slopeRisk": 99,
        "confidence": 1,
        "maskValues": {
          "farmland": 0.512,
          "density": 0.445,
          "health": 0.519,
          "cropType": 0.58
        },
        "noise": {
          "seed": 918273,
          "jitter": 0.027,
          "rotation": 6.32
        },
        "labels": [
          "synthetic",
          "demo",
          "non-farmland"
        ]
      },
      "geometry": {
        "type": "Polygon",
        "coordinates": [
          [
            [
              21.11,
              42.0075
            ],
            [
              21.18,
              42.0075
            ],
            [
              21.18,
              41.980920870531115
            ],
            [
              21.11,
              41.980920870531115
            ],
            [
              21.11,
              42.0075
            ]
          ]
        ]
      }
    },
    {
      "type": "Feature",
      "properties": {
        "id": "KOS-FRZ-000985",
        "parcelIndex": 985,
        "district": "Ferizaj",
        "centroid": [
          21.145,
          41.971
        ],
        "areaHa": 1247.26,
        "shapeType": "irregular-rect",
        "landUse": "mixed",
        "cropType": "pasture",
        "isFarmland": true,
        "farmScore": 47,
        "harvestHealth": 36,
        "soilQuality": 60,
        "waterAccess": 48,
        "slopeRisk": 100,
        "confidence": 0.914,
        "maskValues": {
          "farmland": 0.478,
          "density": 0.443,
          "health": 0.519,
          "cropType": 0.55
        },
        "noise": {
          "seed": 918273,
          "jitter": 0.095,
          "rotation": 3.29
        },
        "labels": [
          "synthetic",
          "demo",
          "farmland"
        ]
      },
      "geometry": {
        "type": "Polygon",
        "coordinates": [
          [
            [
              21.11,
              41.980920870531115
            ],
            [
              21.18,
              41.980920870531115
            ],
            [
              21.18,
              41.96923076923077
            ],
            [
              21.11,
              41.95384615384616
            ],
            [
              21.11,
              41.980920870531115
            ]
          ]
        ]
      }
    },
    {
      "type": "Feature",
      "properties": {
        "id": "KOS-FRZ-000986",
        "parcelIndex": 986,
        "district": "Ferizaj",
        "centroid": [
          21.21,
          41.989
        ],
        "areaHa": 1952.94,
        "shapeType": "irregular-rect",
        "landUse": "vineyard",
        "cropType": "wheat",
        "isFarmland": true,
        "farmScore": 48,
        "harvestHealth": 39,
        "soilQuality": 63,
        "waterAccess": 44,
        "slopeRisk": 95,
        "confidence": 0.97,
        "maskValues": {
          "farmland": 0.53,
          "density": 0.399,
          "health": 0.481,
          "cropType": 0.585
        },
        "noise": {
          "seed": 918273,
          "jitter": 0.131,
          "rotation": 5.64
        },
        "labels": [
          "synthetic",
          "demo",
          "farmland"
        ]
      },
      "geometry": {
        "type": "Polygon",
        "coordinates": [
          [
            [
              21.18,
              42.0075
            ],
            [
              21.25,
              42.0075
            ],
            [
              21.25,
              41.98461538461539
            ],
            [
              21.191780518693502,
              41.97181989421835
            ],
            [
              21.18,
              41.97181989421835
            ],
            [
              21.18,
              42.0075
            ]
          ]
        ]
      }
    },
    {
      "type": "Feature",
      "properties": {
        "id": "KOS-FRZ-000987",
        "parcelIndex": 987,
        "district": "Ferizaj",
        "centroid": [
          21.184,
          41.971
        ],
        "areaHa": 14.02,
        "shapeType": "irregular-rect",
        "landUse": "mixed",
        "cropType": "pasture",
        "isFarmland": false,
        "farmScore": 52,
        "harvestHealth": 40,
        "soilQuality": 62,
        "waterAccess": 45,
        "slopeRisk": 97,
        "confidence": 0.817,
        "maskValues": {
          "farmland": 0.496,
          "density": 0.411,
          "health": 0.495,
          "cropType": 0.563
        },
        "noise": {
          "seed": 918273,
          "jitter": 0.116,
          "rotation": 5.78
        },
        "labels": [
          "synthetic",
          "demo",
          "non-farmland"
        ]
      },
      "geometry": {
        "type": "Polygon",
        "coordinates": [
          [
            [
              21.18,
              41.97181989421835
            ],
            [
              21.191780518693502,
              41.97181989421835
            ],
            [
              21.18,
              41.96923076923077
            ],
            [
              21.18,
              41.97181989421835
            ]
          ]
        ]
      }
    },
    {
      "type": "Feature",
      "properties": {
        "id": "KOS-FRZ-000988",
        "parcelIndex": 988,
        "district": "Ferizaj",
        "centroid": [
          21.285,
          42
        ],
        "areaHa": 977.19,
        "shapeType": "irregular-rect",
        "landUse": "mixed",
        "cropType": "pasture",
        "isFarmland": false,
        "farmScore": 54,
        "harvestHealth": 39,
        "soilQuality": 63,
        "waterAccess": 41,
        "slopeRisk": 90,
        "confidence": 0.923,
        "maskValues": {
          "farmland": 0.561,
          "density": 0.376,
          "health": 0.446,
          "cropType": 0.582
        },
        "noise": {
          "seed": 918273,
          "jitter": 0.119,
          "rotation": -2.95
        },
        "labels": [
          "synthetic",
          "demo",
          "non-farmland"
        ]
      },
      "geometry": {
        "type": "Polygon",
        "coordinates": [
          [
            [
              21.25,
              42.0075
            ],
            [
              21.32,
              42.0075
            ],
            [
              21.32,
              42
            ],
            [
              21.25,
              41.98461538461539
            ],
            [
              21.25,
              42.0075
            ]
          ]
        ]
      }
    },
    {
      "type": "Feature",
      "properties": {
        "id": "KOS-FRZ-000990",
        "parcelIndex": 990,
        "district": "Ferizaj",
        "centroid": [
          21.324,
          42.005
        ],
        "areaHa": 43.41,
        "shapeType": "irregular-rect",
        "landUse": "fallow",
        "cropType": "pasture",
        "isFarmland": false,
        "farmScore": 50,
        "harvestHealth": 39,
        "soilQuality": 61,
        "waterAccess": 40,
        "slopeRisk": 89,
        "confidence": 0.847,
        "maskValues": {
          "farmland": 0.566,
          "density": 0.375,
          "health": 0.433,
          "cropType": 0.566
        },
        "noise": {
          "seed": 918273,
          "jitter": 0.163,
          "rotation": 2.96
        },
        "labels": [
          "synthetic",
          "demo",
          "non-farmland"
        ]
      },
      "geometry": {
        "type": "Polygon",
        "coordinates": [
          [
            [
              21.32,
              42.0075
            ],
            [
              21.3326,
              42.0075
            ],
            [
              21.32,
              42
            ],
            [
              21.32,
              42.0075
            ]
          ]
        ]
      }
    },
    {
      "type": "Feature",
      "properties": {
        "id": "KOS-PRZ-001027",
        "parcelIndex": 1027,
        "district": "Prizren",
        "centroid": [
          21.036,
          41.944
        ],
        "areaHa": 18.62,
        "shapeType": "irregular-rect",
        "landUse": "vineyard",
        "cropType": "potato",
        "isFarmland": true,
        "farmScore": 44,
        "harvestHealth": 47,
        "soilQuality": 49,
        "waterAccess": 57,
        "slopeRisk": 100,
        "confidence": 0.854,
        "maskValues": {
          "farmland": 0.414,
          "density": 0.543,
          "health": 0.568,
          "cropType": 0.473
        },
        "noise": {
          "seed": 918273,
          "jitter": 0.028,
          "rotation": -0.42
        },
        "labels": [
          "synthetic",
          "demo",
          "farmland"
        ]
      },
      "geometry": {
        "type": "Polygon",
        "coordinates": [
          [
            [
              21.0274,
              41.945
            ],
            [
              21.04,
              41.945
            ],
            [
              21.04,
              41.941785714285714
            ],
            [
              21.0274,
              41.945
            ]
          ]
        ]
      }
    },
    {
      "type": "Feature",
      "properties": {
        "id": "KOS-PRZ-001029",
        "parcelIndex": 1029,
        "district": "Prizren",
        "centroid": [
          21.049,
          41.943
        ],
        "areaHa": 78.75,
        "shapeType": "irregular-rect",
        "landUse": "farmland",
        "cropType": "orchard",
        "isFarmland": true,
        "farmScore": 40,
        "harvestHealth": 37,
        "soilQuality": 51,
        "waterAccess": 56,
        "slopeRisk": 100,
        "confidence": 0.851,
        "maskValues": {
          "farmland": 0.416,
          "density": 0.529,
          "health": 0.562,
          "cropType": 0.479
        },
        "noise": {
          "seed": 918273,
          "jitter": 0.171,
          "rotation": -7.35
        },
        "labels": [
          "synthetic",
          "demo",
          "farmland"
        ]
      },
      "geometry": {
        "type": "Polygon",
        "coordinates": [
          [
            [
              21.04,
              41.945
            ],
            [
              21.06975,
              41.945
            ],
            [
              21.047,
              41.94
            ],
            [
              21.04,
              41.941785714285714
            ],
            [
              21.04,
              41.945
            ]
          ]
        ]
      }
    }
  ]
}
