{
  "type": "FeatureCollection",
  "features": [
    {
      "type": "Feature",
      "properties": {
        "id": "HEX-0005",
        "parcelCount": 2,
        "avgHealth": 50,
        "avgFarmScore": 50,
        "avgRisk": 57,
        "dominantCrop": "Pasture",
        "status": "Watch",
        "color": "#d4a84f",
        "detailId": "KOS-PEJ-000746"
      },
      "geometry": {
        "type": "Polygon",
        "coordinates": [
          [
            [
              20.255310951945226,
              42.4642728293973
            ],
            [
              20.218655573941803,
              42.51100288626487
            ],
            [
              20.145344817934955,
              42.51100288626487
            ],
            [
              20.10868943993153,
              42.4642728293973
            ],
            [
              20.145344817934955,
              42.417542772529735
            ],
            [
              20.218655573941803,
              42.417542772529735
            ],
            [
              20.255310951945226,
              42.4642728293973
            ]
          ]
        ]
      }
    },
    {
      "type": "Feature",
      "properties": {
        "id": "HEX-0016",
        "parcelCount": 4,
        "avgHealth": 49,
        "avgFarmScore": 54,
        "avgRisk": 58,
        "dominantCrop": "Fallow",
        "status": "Critical Alert",
        "color": "#c6473c",
        "detailId": "KOS-GJK-000760"
      },
      "geometry": {
        "type": "Polygon",
        "coordinates": [
          [
            [
              20.365277085955498,
              42.417542772529735
            ],
            [
              20.328621707952074,
              42.4642728293973
            ],
            [
              20.255310951945226,
              42.4642728293973
            ],
            [
              20.218655573941803,
              42.417542772529735
            ],
            [
              20.255310951945226,
              42.37081271566217
            ],
            [
              20.328621707952074,
              42.37081271566217
            ],
            [
              20.365277085955498,
              42.417542772529735
            ]
          ]
        ]
      }
    },
    {
      "type": "Feature",
      "properties": {
        "id": "HEX-0017",
        "parcelCount": 3,
        "avgHealth": 47,
        "avgFarmScore": 50,
        "avgRisk": 55,
        "dominantCrop": "Pasture",
        "status": "Critical Alert",
        "color": "#c6473c",
        "detailId": "KOS-PEJ-000679"
      },
      "geometry": {
        "type": "Polygon",
        "coordinates": [
          [
            [
              20.365277085955498,
              42.51100288626487
            ],
            [
              20.328621707952074,
              42.557732943132436
            ],
            [
              20.255310951945226,
              42.557732943132436
            ],
            [
              20.218655573941803,
              42.51100288626487
            ],
            [
              20.255310951945226,
              42.4642728293973
            ],
            [
              20.328621707952074,
              42.4642728293973
            ],
            [
              20.365277085955498,
              42.51100288626487
            ]
          ]
        ]
      }
    },
    {
      "type": "Feature",
      "properties": {
        "id": "HEX-0018",
        "parcelCount": 1,
        "avgHealth": 45,
        "avgFarmScore": 52,
        "avgRisk": 61,
        "dominantCrop": "Barley",
        "status": "Critical Alert",
        "color": "#c6473c",
        "detailId": "KOS-PEJ-001417"
      },
      "geometry": {
        "type": "Polygon",
        "coordinates": [
          [
            [
              20.365277085955498,
              42.604463
            ],
            [
              20.328621707952074,
              42.65119305686757
            ],
            [
              20.255310951945226,
              42.65119305686757
            ],
            [
              20.218655573941803,
              42.604463
            ],
            [
              20.255310951945226,
              42.557732943132436
            ],
            [
              20.328621707952074,
              42.557732943132436
            ],
            [
              20.365277085955498,
              42.604463
            ]
          ]
        ]
      }
    },
    {
      "type": "Feature",
      "properties": {
        "id": "HEX-0019",
        "parcelCount": 5,
        "avgHealth": 44,
        "avgFarmScore": 47,
        "avgRisk": 57,
        "dominantCrop": "Pasture",
        "status": "Critical Alert",
        "color": "#c6473c",
        "detailId": "KOS-PEJ-000516"
      },
      "geometry": {
        "type": "Polygon",
        "coordinates": [
          [
            [
              20.365277085955498,
              42.697923113735136
            ],
            [
              20.328621707952074,
              42.7446531706027
            ],
            [
              20.255310951945226,
              42.7446531706027
            ],
            [
              20.218655573941803,
              42.697923113735136
            ],
            [
              20.255310951945226,
              42.65119305686757
            ],
            [
              20.328621707952074,
              42.65119305686757
            ],
            [
              20.365277085955498,
              42.697923113735136
            ]
          ]
        ]
      }
    },
    {
      "type": "Feature",
      "properties": {
        "id": "HEX-0020",
        "parcelCount": 1,
        "avgHealth": 41,
        "avgFarmScore": 53,
        "avgRisk": 64,
        "dominantCrop": "Potato",
        "status": "Critical Alert",
        "color": "#c6473c",
        "detailId": "KOS-PEJ-001935"
      },
      "geometry": {
        "type": "Polygon",
        "coordinates": [
          [
            [
              20.365277085955498,
              42.79138322747027
            ],
            [
              20.328621707952074,
              42.83811328433784
            ],
            [
              20.255310951945226,
              42.83811328433784
            ],
            [
              20.218655573941803,
              42.79138322747027
            ],
            [
              20.255310951945226,
              42.7446531706027
            ],
            [
              20.328621707952074,
              42.7446531706027
            ],
            [
              20.365277085955498,
              42.79138322747027
            ]
          ]
        ]
      }
    },
    {
      "type": "Feature",
      "properties": {
        "id": "HEX-0026",
        "parcelCount": 4,
        "avgHealth": 48,
        "avgFarmScore": 50,
        "avgRisk": 56,
        "dominantCrop": "Pasture",
        "status": "Critical Alert",
        "color": "#c6473c",
        "detailId": "KOS-GJK-000868"
      },
      "geometry": {
        "type": "Polygon",
        "coordinates": [
          [
            [
              20.475243219965765,
              42.277352601927035
            ],
            [
              20.43858784196234,
              42.3240826587946
            ],
            [
              20.365277085955494,
              42.3240826587946
            ],
            [
              20.32862170795207,
              42.277352601927035
            ],
            [
              20.365277085955494,
              42.23062254505947
            ],
            [
              20.43858784196234,
              42.23062254505947
            ],
            [
              20.475243219965765,
              42.277352601927035
            ]
          ]
        ]
      }
    },
    {
      "type": "Feature",
      "properties": {
        "id": "HEX-0027",
        "parcelCount": 1,
        "avgHealth": 49,
        "avgFarmScore": 51,
        "avgRisk": 57,
        "dominantCrop": "Potato",
        "status": "Critical Alert",
        "color": "#c6473c",
        "detailId": "KOS-GJK-000805"
      },
      "geometry": {
        "type": "Polygon",
        "coordinates": [
          [
            [
              20.475243219965765,
              42.37081271566217
            ],
            [
              20.43858784196234,
              42.417542772529735
            ],
            [
              20.365277085955494,
              42.417542772529735
            ],
            [
              20.32862170795207,
              42.37081271566217
            ],
            [
              20.365277085955494,
              42.3240826587946
            ],
            [
              20.43858784196234,
              42.3240826587946
            ],
            [
              20.475243219965765,
              42.37081271566217
            ]
          ]
        ]
      }
    },
    {
      "type": "Feature",
      "properties": {
        "id": "HEX-0028",
        "parcelCount": 2,
        "avgHealth": 44,
        "avgFarmScore": 54,
        "avgRisk": 58,
        "dominantCrop": "Pasture",
        "status": "Critical Alert",
        "color": "#c6473c",
        "detailId": "KOS-GJK-000747"
      },
      "geometry": {
        "type": "Polygon",
        "coordinates": [
          [
            [
              20.475243219965765,
              42.4642728293973
            ],
            [
              20.43858784196234,
              42.51100288626487
            ],
            [
              20.365277085955494,
              42.51100288626487
            ],
            [
              20.32862170795207,
              42.4642728293973
            ],
            [
              20.365277085955494,
              42.417542772529735
            ],
            [
              20.43858784196234,
              42.417542772529735
            ],
            [
              20.475243219965765,
              42.4642728293973
            ]
          ]
        ]
      }
    },
    {
      "type": "Feature",
      "properties": {
        "id": "HEX-0029",
        "parcelCount": 3,
        "avgHealth": 48,
        "avgFarmScore": 53,
        "avgRisk": 55,
        "dominantCrop": "Barley",
        "status": "Critical Alert",
        "color": "#c6473c",
        "detailId": "KOS-GJK-000680"
      },
      "geometry": {
        "type": "Polygon",
        "coordinates": [
          [
            [
              20.475243219965765,
              42.557732943132436
            ],
            [
              20.43858784196234,
              42.604463
            ],
            [
              20.365277085955494,
              42.604463
            ],
            [
              20.32862170795207,
              42.557732943132436
            ],
            [
              20.365277085955494,
              42.51100288626487
            ],
            [
              20.43858784196234,
              42.51100288626487
            ],
            [
              20.475243219965765,
              42.557732943132436
            ]
          ]
        ]
      }
    },
    {
      "type": "Feature",
      "properties": {
        "id": "HEX-0030",
        "parcelCount": 2,
        "avgHealth": 45,
        "avgFarmScore": 46,
        "avgRisk": 50,
        "dominantCrop": "Wheat",
        "status": "Critical Alert",
        "color": "#c6473c",
        "detailId": "KOS-PEJ-000535"
      },
      "geometry": {
        "type": "Polygon",
        "coordinates": [
          [
            [
              20.475243219965765,
              42.65119305686757
            ],
            [
              20.43858784196234,
              42.697923113735136
            ],
            [
              20.365277085955494,
              42.697923113735136
            ],
            [
              20.32862170795207,
              42.65119305686757
            ],
            [
              20.365277085955494,
              42.604463
            ],
            [
              20.43858784196234,
              42.604463
            ],
            [
              20.475243219965765,
              42.65119305686757
            ]
          ]
        ]
      }
    },
    {
      "type": "Feature",
      "properties": {
        "id": "HEX-0031",
        "parcelCount": 4,
        "avgHealth": 43,
        "avgFarmScore": 46,
        "avgRisk": 58,
        "dominantCrop": "Wheat",
        "status": "Critical Alert",
        "color": "#c6473c",
        "detailId": "KOS-PEJ-000474"
      },
      "geometry": {
        "type": "Polygon",
        "coordinates": [
          [
            [
              20.475243219965765,
              42.7446531706027
            ],
            [
              20.43858784196234,
              42.79138322747027
            ],
            [
              20.365277085955494,
              42.79138322747027
            ],
            [
              20.32862170795207,
              42.7446531706027
            ],
            [
              20.365277085955494,
              42.697923113735136
            ],
            [
              20.43858784196234,
              42.697923113735136
            ],
            [
              20.475243219965765,
              42.7446531706027
            ]
          ]
        ]
      }
    },
    {
      "type": "Feature",
      "properties": {
        "id": "HEX-0037",
        "parcelCount": 1,
        "avgHealth": 41,
        "avgFarmScore": 31,
        "avgRisk": 53,
        "dominantCrop": "Corn",
        "status": "Critical Alert",
        "color": "#c6473c",
        "detailId": "KOS-PRZ-000967"
      },
      "geometry": {
        "type": "Polygon",
        "coordinates": [
          [
            [
              20.585209353976037,
              42.23062254505947
            ],
            [
              20.548553975972613,
              42.277352601927035
            ],
            [
              20.475243219965765,
              42.277352601927035
            ],
            [
              20.43858784196234,
              42.23062254505947
            ],
            [
              20.475243219965765,
              42.1838924881919
            ],
            [
              20.548553975972613,
              42.1838924881919
            ],
            [
              20.585209353976037,
              42.23062254505947
            ]
          ]
        ]
      }
    },
    {
      "type": "Feature",
      "properties": {
        "id": "HEX-0038",
        "parcelCount": 3,
        "avgHealth": 44,
        "avgFarmScore": 41,
        "avgRisk": 53,
        "dominantCrop": "Pasture",
        "status": "Critical Alert",
        "color": "#c6473c",
        "detailId": "KOS-GJK-000826"
      },
      "geometry": {
        "type": "Polygon",
        "coordinates": [
          [
            [
              20.585209353976037,
              42.3240826587946
            ],
            [
              20.548553975972613,
              42.37081271566217
            ],
            [
              20.475243219965765,
              42.37081271566217
            ],
            [
              20.43858784196234,
              42.3240826587946
            ],
            [
              20.475243219965765,
              42.277352601927035
            ],
            [
              20.548553975972613,
              42.277352601927035
            ],
            [
              20.585209353976037,
              42.3240826587946
            ]
          ]
        ]
      }
    },
    {
      "type": "Feature",
      "properties": {
        "id": "HEX-0039",
        "parcelCount": 6,
        "avgHealth": 44,
        "avgFarmScore": 48,
        "avgRisk": 54,
        "dominantCrop": "Pasture",
        "status": "Critical Alert",
        "color": "#c6473c",
        "detailId": "KOS-GJK-000749"
      },
      "geometry": {
        "type": "Polygon",
        "coordinates": [
          [
            [
              20.585209353976037,
              42.417542772529735
            ],
            [
              20.548553975972613,
              42.4642728293973
            ],
            [
              20.475243219965765,
              42.4642728293973
            ],
            [
              20.43858784196234,
              42.417542772529735
            ],
            [
              20.475243219965765,
              42.37081271566217
            ],
            [
              20.548553975972613,
              42.37081271566217
            ],
            [
              20.585209353976037,
              42.417542772529735
            ]
          ]
        ]
      }
    },
    {
      "type": "Feature",
      "properties": {
        "id": "HEX-0040",
        "parcelCount": 3,
        "avgHealth": 47,
        "avgFarmScore": 49,
        "avgRisk": 55,
        "dominantCrop": "Pasture",
        "status": "Critical Alert",
        "color": "#c6473c",
        "detailId": "KOS-GJK-000663"
      },
      "geometry": {
        "type": "Polygon",
        "coordinates": [
          [
            [
              20.585209353976037,
              42.51100288626487
            ],
            [
              20.548553975972613,
              42.557732943132436
            ],
            [
              20.475243219965765,
              42.557732943132436
            ],
            [
              20.43858784196234,
              42.51100288626487
            ],
            [
              20.475243219965765,
              42.4642728293973
            ],
            [
              20.548553975972613,
              42.4642728293973
            ],
            [
              20.585209353976037,
              42.51100288626487
            ]
          ]
        ]
      }
    },
    {
      "type": "Feature",
      "properties": {
        "id": "HEX-0041",
        "parcelCount": 7,
        "avgHealth": 46,
        "avgFarmScore": 48,
        "avgRisk": 53,
        "dominantCrop": "Pasture",
        "status": "Critical Alert",
        "color": "#c6473c",
        "detailId": "KOS-PEJ-000592"
      },
      "geometry": {
        "type": "Polygon",
        "coordinates": [
          [
            [
              20.585209353976037,
              42.604463
            ],
            [
              20.548553975972613,
              42.65119305686757
            ],
            [
              20.475243219965765,
              42.65119305686757
            ],
            [
              20.43858784196234,
              42.604463
            ],
            [
              20.475243219965765,
              42.557732943132436
            ],
            [
              20.548553975972613,
              42.557732943132436
            ],
            [
              20.585209353976037,
              42.604463
            ]
          ]
        ]
      }
    },
    {
      "type": "Feature",
      "properties": {
        "id": "HEX-0042",
        "parcelCount": 1,
        "avgHealth": 43,
        "avgFarmScore": 51,
        "avgRisk": 50,
        "dominantCrop": "Vineyard",
        "status": "Critical Alert",
        "color": "#c6473c",
        "detailId": "KOS-PEJ-000537"
      },
      "geometry": {
        "type": "Polygon",
        "coordinates": [
          [
            [
              20.585209353976037,
              42.697923113735136
            ],
            [
              20.548553975972613,
              42.7446531706027
            ],
            [
              20.475243219965765,
              42.7446531706027
            ],
            [
              20.43858784196234,
              42.697923113735136
            ],
            [
              20.475243219965765,
              42.65119305686757
            ],
            [
              20.548553975972613,
              42.65119305686757
            ],
            [
              20.585209353976037,
              42.697923113735136
            ]
          ]
        ]
      }
    },
    {
      "type": "Feature",
      "properties": {
        "id": "HEX-0043",
        "parcelCount": 3,
        "avgHealth": 40,
        "avgFarmScore": 46,
        "avgRisk": 58,
        "dominantCrop": "Pasture",
        "status": "Critical Alert",
        "color": "#c6473c",
        "detailId": "KOS-PEJ-000462"
      },
      "geometry": {
        "type": "Polygon",
        "coordinates": [
          [
            [
              20.585209353976037,
              42.79138322747027
            ],
            [
              20.548553975972613,
              42.83811328433784
            ],
            [
              20.475243219965765,
              42.83811328433784
            ],
            [
              20.43858784196234,
              42.79138322747027
            ],
            [
              20.475243219965765,
              42.7446531706027
            ],
            [
              20.548553975972613,
              42.7446531706027
            ],
            [
              20.585209353976037,
              42.79138322747027
            ]
          ]
        ]
      }
    },
    {
      "type": "Feature",
      "properties": {
        "id": "HEX-0047",
        "parcelCount": 1,
        "avgHealth": 35,
        "avgFarmScore": 46,
        "avgRisk": 54,
        "dominantCrop": "Potato",
        "status": "Critical Alert",
        "color": "#c6473c",
        "detailId": "KOS-PRZ-001066"
      },
      "geometry": {
        "type": "Polygon",
        "coordinates": [
          [
            [
              20.695175487986308,
              42.09043237445677
            ],
            [
              20.658520109982884,
              42.137162431324334
            ],
            [
              20.585209353976037,
              42.137162431324334
            ],
            [
              20.548553975972613,
              42.09043237445677
            ],
            [
              20.585209353976037,
              42.0437023175892
            ],
            [
              20.658520109982884,
              42.0437023175892
            ],
            [
              20.695175487986308,
              42.09043237445677
            ]
          ]
        ]
      }
    },
    {
      "type": "Feature",
      "properties": {
        "id": "HEX-0048",
        "parcelCount": 1,
        "avgHealth": 38,
        "avgFarmScore": 41,
        "avgRisk": 61,
        "dominantCrop": "Fallow",
        "status": "Critical Alert",
        "color": "#c6473c",
        "detailId": "KOS-PRZ-000925"
      },
      "geometry": {
        "type": "Polygon",
        "coordinates": [
          [
            [
              20.695175487986308,
              42.1838924881919
            ],
            [
              20.658520109982884,
              42.23062254505947
            ],
            [
              20.585209353976037,
              42.23062254505947
            ],
            [
              20.548553975972613,
              42.1838924881919
            ],
            [
              20.585209353976037,
              42.137162431324334
            ],
            [
              20.658520109982884,
              42.137162431324334
            ],
            [
              20.695175487986308,
              42.1838924881919
            ]
          ]
        ]
      }
    },
    {
      "type": "Feature",
      "properties": {
        "id": "HEX-0049",
        "parcelCount": 3,
        "avgHealth": 46,
        "avgFarmScore": 38,
        "avgRisk": 51,
        "dominantCrop": "Corn",
        "status": "Critical Alert",
        "color": "#c6473c",
        "detailId": "KOS-RAH-000856"
      },
      "geometry": {
        "type": "Polygon",
        "coordinates": [
          [
            [
              20.695175487986308,
              42.277352601927035
            ],
            [
              20.658520109982884,
              42.3240826587946
            ],
            [
              20.585209353976037,
              42.3240826587946
            ],
            [
              20.548553975972613,
              42.277352601927035
            ],
            [
              20.585209353976037,
              42.23062254505947
            ],
            [
              20.658520109982884,
              42.23062254505947
            ],
            [
              20.695175487986308,
              42.277352601927035
            ]
          ]
        ]
      }
    },
    {
      "type": "Feature",
      "properties": {
        "id": "HEX-0050",
        "parcelCount": 12,
        "avgHealth": 43,
        "avgFarmScore": 46,
        "avgRisk": 55,
        "dominantCrop": "Barley",
        "status": "Critical Alert",
        "color": "#c6473c",
        "detailId": "KOS-RAH-000763"
      },
      "geometry": {
        "type": "Polygon",
        "coordinates": [
          [
            [
              20.695175487986308,
              42.37081271566217
            ],
            [
              20.658520109982884,
              42.417542772529735
            ],
            [
              20.585209353976037,
              42.417542772529735
            ],
            [
              20.548553975972613,
              42.37081271566217
            ],
            [
              20.585209353976037,
              42.3240826587946
            ],
            [
              20.658520109982884,
              42.3240826587946
            ],
            [
              20.695175487986308,
              42.37081271566217
            ]
          ]
        ]
      }
    },
    {
      "type": "Feature",
      "properties": {
        "id": "HEX-0051",
        "parcelCount": 4,
        "avgHealth": 46,
        "avgFarmScore": 49,
        "avgRisk": 57,
        "dominantCrop": "Vineyard",
        "status": "Critical Alert",
        "color": "#c6473c",
        "detailId": "KOS-RAH-000712"
      },
      "geometry": {
        "type": "Polygon",
        "coordinates": [
          [
            [
              20.695175487986308,
              42.4642728293973
            ],
            [
              20.658520109982884,
              42.51100288626487
            ],
            [
              20.585209353976037,
              42.51100288626487
            ],
            [
              20.548553975972613,
              42.4642728293973
            ],
            [
              20.585209353976037,
              42.417542772529735
            ],
            [
              20.658520109982884,
              42.417542772529735
            ],
            [
              20.695175487986308,
              42.4642728293973
            ]
          ]
        ]
      }
    },
    {
      "type": "Feature",
      "properties": {
        "id": "HEX-0052",
        "parcelCount": 3,
        "avgHealth": 49,
        "avgFarmScore": 55,
        "avgRisk": 50,
        "dominantCrop": "Barley",
        "status": "Critical Alert",
        "color": "#c6473c",
        "detailId": "KOS-MLS-000681"
      },
      "geometry": {
        "type": "Polygon",
        "coordinates": [
          [
            [
              20.695175487986308,
              42.557732943132436
            ],
            [
              20.658520109982884,
              42.604463
            ],
            [
              20.585209353976037,
              42.604463
            ],
            [
              20.548553975972613,
              42.557732943132436
            ],
            [
              20.585209353976037,
              42.51100288626487
            ],
            [
              20.658520109982884,
              42.51100288626487
            ],
            [
              20.695175487986308,
              42.557732943132436
            ]
          ]
        ]
      }
    },
    {
      "type": "Feature",
      "properties": {
        "id": "HEX-0053",
        "parcelCount": 3,
        "avgHealth": 45,
        "avgFarmScore": 55,
        "avgRisk": 57,
        "dominantCrop": "Fallow",
        "status": "Critical Alert",
        "color": "#c6473c",
        "detailId": "KOS-MLS-000518"
      },
      "geometry": {
        "type": "Polygon",
        "coordinates": [
          [
            [
              20.695175487986308,
              42.65119305686757
            ],
            [
              20.658520109982884,
              42.697923113735136
            ],
            [
              20.585209353976037,
              42.697923113735136
            ],
            [
              20.548553975972613,
              42.65119305686757
            ],
            [
              20.585209353976037,
              42.604463
            ],
            [
              20.658520109982884,
              42.604463
            ],
            [
              20.695175487986308,
              42.65119305686757
            ]
          ]
        ]
      }
    },
    {
      "type": "Feature",
      "properties": {
        "id": "HEX-0055",
        "parcelCount": 1,
        "avgHealth": 49,
        "avgFarmScore": 47,
        "avgRisk": 55,
        "dominantCrop": "Vegetables",
        "status": "Critical Alert",
        "color": "#c6473c",
        "detailId": "KOS-MIT-001870"
      },
      "geometry": {
        "type": "Polygon",
        "coordinates": [
          [
            [
              20.695175487986308,
              42.83811328433784
            ],
            [
              20.658520109982884,
              42.8848433412054
            ],
            [
              20.585209353976037,
              42.8848433412054
            ],
            [
              20.548553975972613,
              42.83811328433784
            ],
            [
              20.585209353976037,
              42.79138322747027
            ],
            [
              20.658520109982884,
              42.79138322747027
            ],
            [
              20.695175487986308,
              42.83811328433784
            ]
          ]
        ]
      }
    },
    {
      "type": "Feature",
      "properties": {
        "id": "HEX-0056",
        "parcelCount": 1,
        "avgHealth": 38,
        "avgFarmScore": 52,
        "avgRisk": 54,
        "dominantCrop": "Pasture",
        "status": "Critical Alert",
        "color": "#c6473c",
        "detailId": "KOS-MIT-000341"
      },
      "geometry": {
        "type": "Polygon",
        "coordinates": [
          [
            [
              20.695175487986308,
              42.93157339807297
            ],
            [
              20.658520109982884,
              42.97830345494054
            ],
            [
              20.585209353976037,
              42.97830345494054
            ],
            [
              20.548553975972613,
              42.93157339807297
            ],
            [
              20.585209353976037,
              42.8848433412054
            ],
            [
              20.658520109982884,
              42.8848433412054
            ],
            [
              20.695175487986308,
              42.93157339807297
            ]
          ]
        ]
      }
    },
    {
      "type": "Feature",
      "properties": {
        "id": "HEX-0059",
        "parcelCount": 3,
        "avgHealth": 40,
        "avgFarmScore": 40,
        "avgRisk": 53,
        "dominantCrop": "Pasture",
        "status": "Critical Alert",
        "color": "#c6473c",
        "detailId": "KOS-PRZ-001027"
      },
      "geometry": {
        "type": "Polygon",
        "coordinates": [
          [
            [
              20.80514162199658,
              42.137162431324334
            ],
            [
              20.768486243993156,
              42.1838924881919
            ],
            [
              20.695175487986308,
              42.1838924881919
            ],
            [
              20.658520109982884,
              42.137162431324334
            ],
            [
              20.695175487986308,
              42.09043237445677
            ],
            [
              20.768486243993156,
              42.09043237445677
            ],
            [
              20.80514162199658,
              42.137162431324334
            ]
          ]
        ]
      }
    },
    {
      "type": "Feature",
      "properties": {
        "id": "HEX-0060",
        "parcelCount": 5,
        "avgHealth": 35,
        "avgFarmScore": 41,
        "avgRisk": 58,
        "dominantCrop": "Pasture",
        "status": "Critical Alert",
        "color": "#c6473c",
        "detailId": "KOS-PRZ-000910"
      },
      "geometry": {
        "type": "Polygon",
        "coordinates": [
          [
            [
              20.80514162199658,
              42.23062254505947
            ],
            [
              20.768486243993156,
              42.277352601927035
            ],
            [
              20.695175487986308,
              42.277352601927035
            ],
            [
              20.658520109982884,
              42.23062254505947
            ],
            [
              20.695175487986308,
              42.1838924881919
            ],
            [
              20.768486243993156,
              42.1838924881919
            ],
            [
              20.80514162199658,
              42.23062254505947
            ]
          ]
        ]
      }
    },
    {
      "type": "Feature",
      "properties": {
        "id": "HEX-0061",
        "parcelCount": 9,
        "avgHealth": 42,
        "avgFarmScore": 42,
        "avgRisk": 54,
        "dominantCrop": "Potato",
        "status": "Critical Alert",
        "color": "#c6473c",
        "detailId": "KOS-RAH-000778"
      },
      "geometry": {
        "type": "Polygon",
        "coordinates": [
          [
            [
              20.80514162199658,
              42.3240826587946
            ],
            [
              20.768486243993156,
              42.37081271566217
            ],
            [
              20.695175487986308,
              42.37081271566217
            ],
            [
              20.658520109982884,
              42.3240826587946
            ],
            [
              20.695175487986308,
              42.277352601927035
            ],
            [
              20.768486243993156,
              42.277352601927035
            ],
            [
              20.80514162199658,
              42.3240826587946
            ]
          ]
        ]
      }
    },
    {
      "type": "Feature",
      "properties": {
        "id": "HEX-0062",
        "parcelCount": 5,
        "avgHealth": 43,
        "avgFarmScore": 41,
        "avgRisk": 52,
        "dominantCrop": "Pasture",
        "status": "Critical Alert",
        "color": "#c6473c",
        "detailId": "KOS-MLS-000765"
      },
      "geometry": {
        "type": "Polygon",
        "coordinates": [
          [
            [
              20.80514162199658,
              42.417542772529735
            ],
            [
              20.768486243993156,
              42.4642728293973
            ],
            [
              20.695175487986308,
              42.4642728293973
            ],
            [
              20.658520109982884,
              42.417542772529735
            ],
            [
              20.695175487986308,
              42.37081271566217
            ],
            [
              20.768486243993156,
              42.37081271566217
            ],
            [
              20.80514162199658,
              42.417542772529735
            ]
          ]
        ]
      }
    },
    {
      "type": "Feature",
      "properties": {
        "id": "HEX-0063",
        "parcelCount": 4,
        "avgHealth": 45,
        "avgFarmScore": 40,
        "avgRisk": 56,
        "dominantCrop": "Pasture",
        "status": "Critical Alert",
        "color": "#c6473c",
        "detailId": "KOS-MLS-000683"
      },
      "geometry": {
        "type": "Polygon",
        "coordinates": [
          [
            [
              20.80514162199658,
              42.51100288626487
            ],
            [
              20.768486243993156,
              42.557732943132436
            ],
            [
              20.695175487986308,
              42.557732943132436
            ],
            [
              20.658520109982884,
              42.51100288626487
            ],
            [
              20.695175487986308,
              42.4642728293973
            ],
            [
              20.768486243993156,
              42.4642728293973
            ],
            [
              20.80514162199658,
              42.51100288626487
            ]
          ]
        ]
      }
    },
    {
      "type": "Feature",
      "properties": {
        "id": "HEX-0064",
        "parcelCount": 3,
        "avgHealth": 42,
        "avgFarmScore": 54,
        "avgRisk": 61,
        "dominantCrop": "Pasture",
        "status": "Critical Alert",
        "color": "#c6473c",
        "detailId": "KOS-MLS-000610"
      },
      "geometry": {
        "type": "Polygon",
        "coordinates": [
          [
            [
              20.80514162199658,
              42.604463
            ],
            [
              20.768486243993156,
              42.65119305686757
            ],
            [
              20.695175487986308,
              42.65119305686757
            ],
            [
              20.658520109982884,
              42.604463
            ],
            [
              20.695175487986308,
              42.557732943132436
            ],
            [
              20.768486243993156,
              42.557732943132436
            ],
            [
              20.80514162199658,
              42.604463
            ]
          ]
        ]
      }
    },
    {
      "type": "Feature",
      "properties": {
        "id": "HEX-0067",
        "parcelCount": 2,
        "avgHealth": 41,
        "avgFarmScore": 47,
        "avgRisk": 54,
        "dominantCrop": "Vegetables",
        "status": "Critical Alert",
        "color": "#c6473c",
        "detailId": "KOS-MIT-000371"
      },
      "geometry": {
        "type": "Polygon",
        "coordinates": [
          [
            [
              20.80514162199658,
              42.8848433412054
            ],
            [
              20.768486243993156,
              42.93157339807297
            ],
            [
              20.695175487986308,
              42.93157339807297
            ],
            [
              20.658520109982884,
              42.8848433412054
            ],
            [
              20.695175487986308,
              42.83811328433784
            ],
            [
              20.768486243993156,
              42.83811328433784
            ],
            [
              20.80514162199658,
              42.8848433412054
            ]
          ]
        ]
      }
    },
    {
      "type": "Feature",
      "properties": {
        "id": "HEX-0070",
        "parcelCount": 1,
        "avgHealth": 38,
        "avgFarmScore": 49,
        "avgRisk": 61,
        "dominantCrop": "Vineyard",
        "status": "Critical Alert",
        "color": "#c6473c",
        "detailId": "KOS-PRZ-001488"
      },
      "geometry": {
        "type": "Polygon",
        "coordinates": [
          [
            [
              20.915107756006847,
              42.09043237445677
            ],
            [
              20.878452378003423,
              42.137162431324334
            ],
            [
              20.805141621996576,
              42.137162431324334
            ],
            [
              20.768486243993152,
              42.09043237445677
            ],
            [
              20.805141621996576,
              42.0437023175892
            ],
            [
              20.878452378003423,
              42.0437023175892
            ],
            [
              20.915107756006847,
              42.09043237445677
            ]
          ]
        ]
      }
    },
    {
      "type": "Feature",
      "properties": {
        "id": "HEX-0071",
        "parcelCount": 2,
        "avgHealth": 40,
        "avgFarmScore": 48,
        "avgRisk": 61,
        "dominantCrop": "Mixed",
        "status": "Critical Alert",
        "color": "#c6473c",
        "detailId": "KOS-PRZ-000928"
      },
      "geometry": {
        "type": "Polygon",
        "coordinates": [
          [
            [
              20.915107756006847,
              42.1838924881919
            ],
            [
              20.878452378003423,
              42.23062254505947
            ],
            [
              20.805141621996576,
              42.23062254505947
            ],
            [
              20.768486243993152,
              42.1838924881919
            ],
            [
              20.805141621996576,
              42.137162431324334
            ],
            [
              20.878452378003423,
              42.137162431324334
            ],
            [
              20.915107756006847,
              42.1838924881919
            ]
          ]
        ]
      }
    },
    {
      "type": "Feature",
      "properties": {
        "id": "HEX-0072",
        "parcelCount": 5,
        "avgHealth": 36,
        "avgFarmScore": 44,
        "avgRisk": 59,
        "dominantCrop": "Pasture",
        "status": "Critical Alert",
        "color": "#c6473c",
        "detailId": "KOS-SUH-000841"
      },
      "geometry": {
        "type": "Polygon",
        "coordinates": [
          [
            [
              20.915107756006847,
              42.277352601927035
            ],
            [
              20.878452378003423,
              42.3240826587946
            ],
            [
              20.805141621996576,
              42.3240826587946
            ],
            [
              20.768486243993152,
              42.277352601927035
            ],
            [
              20.805141621996576,
              42.23062254505947
            ],
            [
              20.878452378003423,
              42.23062254505947
            ],
            [
              20.915107756006847,
              42.277352601927035
            ]
          ]
        ]
      }
    },
    {
      "type": "Feature",
      "properties": {
        "id": "HEX-0073",
        "parcelCount": 4,
        "avgHealth": 38,
        "avgFarmScore": 44,
        "avgRisk": 57,
        "dominantCrop": "Pasture",
        "status": "Critical Alert",
        "color": "#c6473c",
        "detailId": "KOS-SUH-000809"
      },
      "geometry": {
        "type": "Polygon",
        "coordinates": [
          [
            [
              20.915107756006847,
              42.37081271566217
            ],
            [
              20.878452378003423,
              42.417542772529735
            ],
            [
              20.805141621996576,
              42.417542772529735
            ],
            [
              20.768486243993152,
              42.37081271566217
            ],
            [
              20.805141621996576,
              42.3240826587946
            ],
            [
              20.878452378003423,
              42.3240826587946
            ],
            [
              20.915107756006847,
              42.37081271566217
            ]
          ]
        ]
      }
    },
    {
      "type": "Feature",
      "properties": {
        "id": "HEX-0074",
        "parcelCount": 1,
        "avgHealth": 31,
        "avgFarmScore": 49,
        "avgRisk": 62,
        "dominantCrop": "Corn",
        "status": "Critical Alert",
        "color": "#c6473c",
        "detailId": "KOS-MLS-000726"
      },
      "geometry": {
        "type": "Polygon",
        "coordinates": [
          [
            [
              20.915107756006847,
              42.4642728293973
            ],
            [
              20.878452378003423,
              42.51100288626487
            ],
            [
              20.805141621996576,
              42.51100288626487
            ],
            [
              20.768486243993152,
              42.4642728293973
            ],
            [
              20.805141621996576,
              42.417542772529735
            ],
            [
              20.878452378003423,
              42.417542772529735
            ],
            [
              20.915107756006847,
              42.4642728293973
            ]
          ]
        ]
      }
    },
    {
      "type": "Feature",
      "properties": {
        "id": "HEX-0075",
        "parcelCount": 3,
        "avgHealth": 39,
        "avgFarmScore": 48,
        "avgRisk": 52,
        "dominantCrop": "Wheat",
        "status": "Critical Alert",
        "color": "#c6473c",
        "detailId": "KOS-MLS-000648"
      },
      "geometry": {
        "type": "Polygon",
        "coordinates": [
          [
            [
              20.915107756006847,
              42.557732943132436
            ],
            [
              20.878452378003423,
              42.604463
            ],
            [
              20.805141621996576,
              42.604463
            ],
            [
              20.768486243993152,
              42.557732943132436
            ],
            [
              20.805141621996576,
              42.51100288626487
            ],
            [
              20.878452378003423,
              42.51100288626487
            ],
            [
              20.915107756006847,
              42.557732943132436
            ]
          ]
        ]
      }
    },
    {
      "type": "Feature",
      "properties": {
        "id": "HEX-0077",
        "parcelCount": 1,
        "avgHealth": 42,
        "avgFarmScore": 57,
        "avgRisk": 55,
        "dominantCrop": "Pasture",
        "status": "Critical Alert",
        "color": "#c6473c",
        "detailId": "KOS-MIT-000489"
      },
      "geometry": {
        "type": "Polygon",
        "coordinates": [
          [
            [
              20.915107756006847,
              42.7446531706027
            ],
            [
              20.878452378003423,
              42.79138322747027
            ],
            [
              20.805141621996576,
              42.79138322747027
            ],
            [
              20.768486243993152,
              42.7446531706027
            ],
            [
              20.805141621996576,
              42.697923113735136
            ],
            [
              20.878452378003423,
              42.697923113735136
            ],
            [
              20.915107756006847,
              42.7446531706027
            ]
          ]
        ]
      }
    },
    {
      "type": "Feature",
      "properties": {
        "id": "HEX-0078",
        "parcelCount": 3,
        "avgHealth": 44,
        "avgFarmScore": 56,
        "avgRisk": 53,
        "dominantCrop": "Corn",
        "status": "Critical Alert",
        "color": "#c6473c",
        "detailId": "KOS-MIT-000390"
      },
      "geometry": {
        "type": "Polygon",
        "coordinates": [
          [
            [
              20.915107756006847,
              42.83811328433784
            ],
            [
              20.878452378003423,
              42.8848433412054
            ],
            [
              20.805141621996576,
              42.8848433412054
            ],
            [
              20.768486243993152,
              42.83811328433784
            ],
            [
              20.805141621996576,
              42.79138322747027
            ],
            [
              20.878452378003423,
              42.79138322747027
            ],
            [
              20.915107756006847,
              42.83811328433784
            ]
          ]
        ]
      }
    },
    {
      "type": "Feature",
      "properties": {
        "id": "HEX-0079",
        "parcelCount": 3,
        "avgHealth": 46,
        "avgFarmScore": 56,
        "avgRisk": 54,
        "dominantCrop": "Pasture",
        "status": "Critical Alert",
        "color": "#c6473c",
        "detailId": "KOS-MIT-000328"
      },
      "geometry": {
        "type": "Polygon",
        "coordinates": [
          [
            [
              20.915107756006847,
              42.93157339807297
            ],
            [
              20.878452378003423,
              42.97830345494054
            ],
            [
              20.805141621996576,
              42.97830345494054
            ],
            [
              20.768486243993152,
              42.93157339807297
            ],
            [
              20.805141621996576,
              42.8848433412054
            ],
            [
              20.878452378003423,
              42.8848433412054
            ],
            [
              20.915107756006847,
              42.93157339807297
            ]
          ]
        ]
      }
    },
    {
      "type": "Feature",
      "properties": {
        "id": "HEX-0081",
        "parcelCount": 3,
        "avgHealth": 47,
        "avgFarmScore": 46,
        "avgRisk": 51,
        "dominantCrop": "Pasture",
        "status": "Critical Alert",
        "color": "#c6473c",
        "detailId": "KOS-MIT-000174"
      },
      "geometry": {
        "type": "Polygon",
        "coordinates": [
          [
            [
              20.915107756006847,
              43.11849362554324
            ],
            [
              20.878452378003423,
              43.165223682410804
            ],
            [
              20.805141621996576,
              43.165223682410804
            ],
            [
              20.768486243993152,
              43.11849362554324
            ],
            [
              20.805141621996576,
              43.07176356867567
            ],
            [
              20.878452378003423,
              43.07176356867567
            ],
            [
              20.915107756006847,
              43.11849362554324
            ]
          ]
        ]
      }
    },
    {
      "type": "Feature",
      "properties": {
        "id": "HEX-0083",
        "parcelCount": 2,
        "avgHealth": 40,
        "avgFarmScore": 47,
        "avgRisk": 56,
        "dominantCrop": "Fallow",
        "status": "Critical Alert",
        "color": "#c6473c",
        "detailId": "KOS-SUH-000948"
      },
      "geometry": {
        "type": "Polygon",
        "coordinates": [
          [
            [
              21.02507389001712,
              42.23062254505947
            ],
            [
              20.988418512013695,
              42.277352601927035
            ],
            [
              20.915107756006847,
              42.277352601927035
            ],
            [
              20.878452378003423,
              42.23062254505947
            ],
            [
              20.915107756006847,
              42.1838924881919
            ],
            [
              20.988418512013695,
              42.1838924881919
            ],
            [
              21.02507389001712,
              42.23062254505947
            ]
          ]
        ]
      }
    },
    {
      "type": "Feature",
      "properties": {
        "id": "HEX-0086",
        "parcelCount": 1,
        "avgHealth": 31,
        "avgFarmScore": 51,
        "avgRisk": 62,
        "dominantCrop": "Fallow",
        "status": "Critical Alert",
        "color": "#c6473c",
        "detailId": "KOS-LPJ-000699"
      },
      "geometry": {
        "type": "Polygon",
        "coordinates": [
          [
            [
              21.02507389001712,
              42.51100288626487
            ],
            [
              20.988418512013695,
              42.557732943132436
            ],
            [
              20.915107756006847,
              42.557732943132436
            ],
            [
              20.878452378003423,
              42.51100288626487
            ],
            [
              20.915107756006847,
              42.4642728293973
            ],
            [
              20.988418512013695,
              42.4642728293973
            ],
            [
              21.02507389001712,
              42.51100288626487
            ]
          ]
        ]
      }
    },
    {
      "type": "Feature",
      "properties": {
        "id": "HEX-0087",
        "parcelCount": 6,
        "avgHealth": 38,
        "avgFarmScore": 45,
        "avgRisk": 57,
        "dominantCrop": "Pasture",
        "status": "Critical Alert",
        "color": "#c6473c",
        "detailId": "KOS-MLS-000596"
      },
      "geometry": {
        "type": "Polygon",
        "coordinates": [
          [
            [
              21.02507389001712,
              42.604463
            ],
            [
              20.988418512013695,
              42.65119305686757
            ],
            [
              20.915107756006847,
              42.65119305686757
            ],
            [
              20.878452378003423,
              42.604463
            ],
            [
              20.915107756006847,
              42.557732943132436
            ],
            [
              20.988418512013695,
              42.557732943132436
            ],
            [
              21.02507389001712,
              42.604463
            ]
          ]
        ]
      }
    },
    {
      "type": "Feature",
      "properties": {
        "id": "HEX-0088",
        "parcelCount": 10,
        "avgHealth": 42,
        "avgFarmScore": 44,
        "avgRisk": 51,
        "dominantCrop": "Pasture",
        "status": "Critical Alert",
        "color": "#c6473c",
        "detailId": "KOS-MIT-000522"
      },
      "geometry": {
        "type": "Polygon",
        "coordinates": [
          [
            [
              21.02507389001712,
              42.697923113735136
            ],
            [
              20.988418512013695,
              42.7446531706027
            ],
            [
              20.915107756006847,
              42.7446531706027
            ],
            [
              20.878452378003423,
              42.697923113735136
            ],
            [
              20.915107756006847,
              42.65119305686757
            ],
            [
              20.988418512013695,
              42.65119305686757
            ],
            [
              21.02507389001712,
              42.697923113735136
            ]
          ]
        ]
      }
    },
    {
      "type": "Feature",
      "properties": {
        "id": "HEX-0089",
        "parcelCount": 13,
        "avgHealth": 47,
        "avgFarmScore": 49,
        "avgRisk": 53,
        "dominantCrop": "Pasture",
        "status": "Critical Alert",
        "color": "#c6473c",
        "detailId": "KOS-MIT-000437"
      },
      "geometry": {
        "type": "Polygon",
        "coordinates": [
          [
            [
              21.02507389001712,
              42.79138322747027
            ],
            [
              20.988418512013695,
              42.83811328433784
            ],
            [
              20.915107756006847,
              42.83811328433784
            ],
            [
              20.878452378003423,
              42.79138322747027
            ],
            [
              20.915107756006847,
              42.7446531706027
            ],
            [
              20.988418512013695,
              42.7446531706027
            ],
            [
              21.02507389001712,
              42.79138322747027
            ]
          ]
        ]
      }
    },
    {
      "type": "Feature",
      "properties": {
        "id": "HEX-0090",
        "parcelCount": 5,
        "avgHealth": 47,
        "avgFarmScore": 52,
        "avgRisk": 55,
        "dominantCrop": "Pasture",
        "status": "Critical Alert",
        "color": "#c6473c",
        "detailId": "KOS-MIT-000393"
      },
      "geometry": {
        "type": "Polygon",
        "coordinates": [
          [
            [
              21.02507389001712,
              42.8848433412054
            ],
            [
              20.988418512013695,
              42.93157339807297
            ],
            [
              20.915107756006847,
              42.93157339807297
            ],
            [
              20.878452378003423,
              42.8848433412054
            ],
            [
              20.915107756006847,
              42.83811328433784
            ],
            [
              20.988418512013695,
              42.83811328433784
            ],
            [
              21.02507389001712,
              42.8848433412054
            ]
          ]
        ]
      }
    },
    {
      "type": "Feature",
      "properties": {
        "id": "HEX-0095",
        "parcelCount": 1,
        "avgHealth": 36,
        "avgFarmScore": 54,
        "avgRisk": 60,
        "dominantCrop": "Vegetables",
        "status": "Critical Alert",
        "color": "#c6473c",
        "detailId": "KOS-FRZ-000899"
      },
      "geometry": {
        "type": "Polygon",
        "coordinates": [
          [
            [
              21.13504002402739,
              42.277352601927035
            ],
            [
              21.098384646023966,
              42.3240826587946
            ],
            [
              21.02507389001712,
              42.3240826587946
            ],
            [
              20.988418512013695,
              42.277352601927035
            ],
            [
              21.02507389001712,
              42.23062254505947
            ],
            [
              21.098384646023966,
              42.23062254505947
            ],
            [
              21.13504002402739,
              42.277352601927035
            ]
          ]
        ]
      }
    },
    {
      "type": "Feature",
      "properties": {
        "id": "HEX-0096",
        "parcelCount": 1,
        "avgHealth": 31,
        "avgFarmScore": 51,
        "avgRisk": 56,
        "dominantCrop": "Fallow",
        "status": "Critical Alert",
        "color": "#c6473c",
        "detailId": "KOS-FRZ-000798"
      },
      "geometry": {
        "type": "Polygon",
        "coordinates": [
          [
            [
              21.13504002402739,
              42.37081271566217
            ],
            [
              21.098384646023966,
              42.417542772529735
            ],
            [
              21.02507389001712,
              42.417542772529735
            ],
            [
              20.988418512013695,
              42.37081271566217
            ],
            [
              21.02507389001712,
              42.3240826587946
            ],
            [
              21.098384646023966,
              42.3240826587946
            ],
            [
              21.13504002402739,
              42.37081271566217
            ]
          ]
        ]
      }
    },
    {
      "type": "Feature",
      "properties": {
        "id": "HEX-0097",
        "parcelCount": 8,
        "avgHealth": 33,
        "avgFarmScore": 48,
        "avgRisk": 57,
        "dominantCrop": "Fallow",
        "status": "Critical Alert",
        "color": "#c6473c",
        "detailId": "KOS-LPJ-000684"
      },
      "geometry": {
        "type": "Polygon",
        "coordinates": [
          [
            [
              21.13504002402739,
              42.4642728293973
            ],
            [
              21.098384646023966,
              42.51100288626487
            ],
            [
              21.02507389001712,
              42.51100288626487
            ],
            [
              20.988418512013695,
              42.4642728293973
            ],
            [
              21.02507389001712,
              42.417542772529735
            ],
            [
              21.098384646023966,
              42.417542772529735
            ],
            [
              21.13504002402739,
              42.4642728293973
            ]
          ]
        ]
      }
    },
    {
      "type": "Feature",
      "properties": {
        "id": "HEX-0098",
        "parcelCount": 10,
        "avgHealth": 39,
        "avgFarmScore": 43,
        "avgRisk": 51,
        "dominantCrop": "Pasture",
        "status": "Critical Alert",
        "color": "#c6473c",
        "detailId": "KOS-LPJ-000631"
      },
      "geometry": {
        "type": "Polygon",
        "coordinates": [
          [
            [
              21.13504002402739,
              42.557732943132436
            ],
            [
              21.098384646023966,
              42.604463
            ],
            [
              21.02507389001712,
              42.604463
            ],
            [
              20.988418512013695,
              42.557732943132436
            ],
            [
              21.02507389001712,
              42.51100288626487
            ],
            [
              21.098384646023966,
              42.51100288626487
            ],
            [
              21.13504002402739,
              42.557732943132436
            ]
          ]
        ]
      }
    },
    {
      "type": "Feature",
      "properties": {
        "id": "HEX-0099",
        "parcelCount": 6,
        "avgHealth": 38,
        "avgFarmScore": 45,
        "avgRisk": 56,
        "dominantCrop": "Pasture",
        "status": "Critical Alert",
        "color": "#c6473c",
        "detailId": "KOS-PRT-000555"
      },
      "geometry": {
        "type": "Polygon",
        "coordinates": [
          [
            [
              21.13504002402739,
              42.65119305686757
            ],
            [
              21.098384646023966,
              42.697923113735136
            ],
            [
              21.02507389001712,
              42.697923113735136
            ],
            [
              20.988418512013695,
              42.65119305686757
            ],
            [
              21.02507389001712,
              42.604463
            ],
            [
              21.098384646023966,
              42.604463
            ],
            [
              21.13504002402739,
              42.65119305686757
            ]
          ]
        ]
      }
    },
    {
      "type": "Feature",
      "properties": {
        "id": "HEX-0100",
        "parcelCount": 9,
        "avgHealth": 38,
        "avgFarmScore": 45,
        "avgRisk": 58,
        "dominantCrop": "Corn",
        "status": "Critical Alert",
        "color": "#c6473c",
        "detailId": "KOS-PRT-000468"
      },
      "geometry": {
        "type": "Polygon",
        "coordinates": [
          [
            [
              21.13504002402739,
              42.7446531706027
            ],
            [
              21.098384646023966,
              42.79138322747027
            ],
            [
              21.02507389001712,
              42.79138322747027
            ],
            [
              20.988418512013695,
              42.7446531706027
            ],
            [
              21.02507389001712,
              42.697923113735136
            ],
            [
              21.098384646023966,
              42.697923113735136
            ],
            [
              21.13504002402739,
              42.7446531706027
            ]
          ]
        ]
      }
    },
    {
      "type": "Feature",
      "properties": {
        "id": "HEX-0101",
        "parcelCount": 7,
        "avgHealth": 45,
        "avgFarmScore": 48,
        "avgRisk": 51,
        "dominantCrop": "Pasture",
        "status": "Critical Alert",
        "color": "#c6473c",
        "detailId": "KOS-PDJ-000373"
      },
      "geometry": {
        "type": "Polygon",
        "coordinates": [
          [
            [
              21.13504002402739,
              42.83811328433784
            ],
            [
              21.098384646023966,
              42.8848433412054
            ],
            [
              21.02507389001712,
              42.8848433412054
            ],
            [
              20.988418512013695,
              42.83811328433784
            ],
            [
              21.02507389001712,
              42.79138322747027
            ],
            [
              21.098384646023966,
              42.79138322747027
            ],
            [
              21.13504002402739,
              42.83811328433784
            ]
          ]
        ]
      }
    },
    {
      "type": "Feature",
      "properties": {
        "id": "HEX-0102",
        "parcelCount": 1,
        "avgHealth": 47,
        "avgFarmScore": 53,
        "avgRisk": 53,
        "dominantCrop": "Corn",
        "status": "Critical Alert",
        "color": "#c6473c",
        "detailId": "KOS-PDJ-000342"
      },
      "geometry": {
        "type": "Polygon",
        "coordinates": [
          [
            [
              21.13504002402739,
              42.93157339807297
            ],
            [
              21.098384646023966,
              42.97830345494054
            ],
            [
              21.02507389001712,
              42.97830345494054
            ],
            [
              20.988418512013695,
              42.93157339807297
            ],
            [
              21.02507389001712,
              42.8848433412054
            ],
            [
              21.098384646023966,
              42.8848433412054
            ],
            [
              21.13504002402739,
              42.93157339807297
            ]
          ]
        ]
      }
    },
    {
      "type": "Feature",
      "properties": {
        "id": "HEX-0103",
        "parcelCount": 1,
        "avgHealth": 44,
        "avgFarmScore": 50,
        "avgRisk": 57,
        "dominantCrop": "Fallow",
        "status": "Critical Alert",
        "color": "#c6473c",
        "detailId": "KOS-PDJ-000251"
      },
      "geometry": {
        "type": "Polygon",
        "coordinates": [
          [
            [
              21.13504002402739,
              43.025033511808104
            ],
            [
              21.098384646023966,
              43.07176356867567
            ],
            [
              21.02507389001712,
              43.07176356867567
            ],
            [
              20.988418512013695,
              43.025033511808104
            ],
            [
              21.02507389001712,
              42.97830345494054
            ],
            [
              21.098384646023966,
              42.97830345494054
            ],
            [
              21.13504002402739,
              43.025033511808104
            ]
          ]
        ]
      }
    },
    {
      "type": "Feature",
      "properties": {
        "id": "HEX-0105",
        "parcelCount": 1,
        "avgHealth": 53,
        "avgFarmScore": 64,
        "avgRisk": 53,
        "dominantCrop": "Pasture",
        "status": "Watch",
        "color": "#d4a84f",
        "detailId": "KOS-FRZ-000971"
      },
      "geometry": {
        "type": "Polygon",
        "coordinates": [
          [
            [
              21.24500615803766,
              42.137162431324334
            ],
            [
              21.208350780034237,
              42.1838924881919
            ],
            [
              21.13504002402739,
              42.1838924881919
            ],
            [
              21.098384646023966,
              42.137162431324334
            ],
            [
              21.13504002402739,
              42.09043237445677
            ],
            [
              21.208350780034237,
              42.09043237445677
            ],
            [
              21.24500615803766,
              42.137162431324334
            ]
          ]
        ]
      }
    },
    {
      "type": "Feature",
      "properties": {
        "id": "HEX-0106",
        "parcelCount": 1,
        "avgHealth": 40,
        "avgFarmScore": 60,
        "avgRisk": 57,
        "dominantCrop": "Fallow",
        "status": "Critical Alert",
        "color": "#c6473c",
        "detailId": "KOS-FRZ-000930"
      },
      "geometry": {
        "type": "Polygon",
        "coordinates": [
          [
            [
              21.24500615803766,
              42.23062254505947
            ],
            [
              21.208350780034237,
              42.277352601927035
            ],
            [
              21.13504002402739,
              42.277352601927035
            ],
            [
              21.098384646023966,
              42.23062254505947
            ],
            [
              21.13504002402739,
              42.1838924881919
            ],
            [
              21.208350780034237,
              42.1838924881919
            ],
            [
              21.24500615803766,
              42.23062254505947
            ]
          ]
        ]
      }
    },
    {
      "type": "Feature",
      "properties": {
        "id": "HEX-0107",
        "parcelCount": 4,
        "avgHealth": 41,
        "avgFarmScore": 48,
        "avgRisk": 56,
        "dominantCrop": "Orchard",
        "status": "Critical Alert",
        "color": "#c6473c",
        "detailId": "KOS-FRZ-000845"
      },
      "geometry": {
        "type": "Polygon",
        "coordinates": [
          [
            [
              21.24500615803766,
              42.3240826587946
            ],
            [
              21.208350780034237,
              42.37081271566217
            ],
            [
              21.13504002402739,
              42.37081271566217
            ],
            [
              21.098384646023966,
              42.3240826587946
            ],
            [
              21.13504002402739,
              42.277352601927035
            ],
            [
              21.208350780034237,
              42.277352601927035
            ],
            [
              21.24500615803766,
              42.3240826587946
            ]
          ]
        ]
      }
    },
    {
      "type": "Feature",
      "properties": {
        "id": "HEX-0108",
        "parcelCount": 10,
        "avgHealth": 40,
        "avgFarmScore": 52,
        "avgRisk": 58,
        "dominantCrop": "Beans",
        "status": "Critical Alert",
        "color": "#c6473c",
        "detailId": "KOS-FRZ-000782"
      },
      "geometry": {
        "type": "Polygon",
        "coordinates": [
          [
            [
              21.24500615803766,
              42.417542772529735
            ],
            [
              21.208350780034237,
              42.4642728293973
            ],
            [
              21.13504002402739,
              42.4642728293973
            ],
            [
              21.098384646023966,
              42.417542772529735
            ],
            [
              21.13504002402739,
              42.37081271566217
            ],
            [
              21.208350780034237,
              42.37081271566217
            ],
            [
              21.24500615803766,
              42.417542772529735
            ]
          ]
        ]
      }
    },
    {
      "type": "Feature",
      "properties": {
        "id": "HEX-0109",
        "parcelCount": 8,
        "avgHealth": 40,
        "avgFarmScore": 48,
        "avgRisk": 57,
        "dominantCrop": "Fallow",
        "status": "Critical Alert",
        "color": "#c6473c",
        "detailId": "KOS-LPJ-000667"
      },
      "geometry": {
        "type": "Polygon",
        "coordinates": [
          [
            [
              21.24500615803766,
              42.51100288626487
            ],
            [
              21.208350780034237,
              42.557732943132436
            ],
            [
              21.13504002402739,
              42.557732943132436
            ],
            [
              21.098384646023966,
              42.51100288626487
            ],
            [
              21.13504002402739,
              42.4642728293973
            ],
            [
              21.208350780034237,
              42.4642728293973
            ],
            [
              21.24500615803766,
              42.51100288626487
            ]
          ]
        ]
      }
    },
    {
      "type": "Feature",
      "properties": {
        "id": "HEX-0110",
        "parcelCount": 9,
        "avgHealth": 36,
        "avgFarmScore": 49,
        "avgRisk": 57,
        "dominantCrop": "Pasture",
        "status": "Critical Alert",
        "color": "#c6473c",
        "detailId": "KOS-PRT-000598"
      },
      "geometry": {
        "type": "Polygon",
        "coordinates": [
          [
            [
              21.24500615803766,
              42.604463
            ],
            [
              21.208350780034237,
              42.65119305686757
            ],
            [
              21.13504002402739,
              42.65119305686757
            ],
            [
              21.098384646023966,
              42.604463
            ],
            [
              21.13504002402739,
              42.557732943132436
            ],
            [
              21.208350780034237,
              42.557732943132436
            ],
            [
              21.24500615803766,
              42.604463
            ]
          ]
        ]
      }
    },
    {
      "type": "Feature",
      "properties": {
        "id": "HEX-0111",
        "parcelCount": 7,
        "avgHealth": 41,
        "avgFarmScore": 45,
        "avgRisk": 55,
        "dominantCrop": "Pasture",
        "status": "Critical Alert",
        "color": "#c6473c",
        "detailId": "KOS-PRT-000469"
      },
      "geometry": {
        "type": "Polygon",
        "coordinates": [
          [
            [
              21.24500615803766,
              42.697923113735136
            ],
            [
              21.208350780034237,
              42.7446531706027
            ],
            [
              21.13504002402739,
              42.7446531706027
            ],
            [
              21.098384646023966,
              42.697923113735136
            ],
            [
              21.13504002402739,
              42.65119305686757
            ],
            [
              21.208350780034237,
              42.65119305686757
            ],
            [
              21.24500615803766,
              42.697923113735136
            ]
          ]
        ]
      }
    },
    {
      "type": "Feature",
      "properties": {
        "id": "HEX-0112",
        "parcelCount": 8,
        "avgHealth": 38,
        "avgFarmScore": 42,
        "avgRisk": 57,
        "dominantCrop": "Fallow",
        "status": "Critical Alert",
        "color": "#c6473c",
        "detailId": "KOS-PDJ-000418"
      },
      "geometry": {
        "type": "Polygon",
        "coordinates": [
          [
            [
              21.24500615803766,
              42.79138322747027
            ],
            [
              21.208350780034237,
              42.83811328433784
            ],
            [
              21.13504002402739,
              42.83811328433784
            ],
            [
              21.098384646023966,
              42.79138322747027
            ],
            [
              21.13504002402739,
              42.7446531706027
            ],
            [
              21.208350780034237,
              42.7446531706027
            ],
            [
              21.24500615803766,
              42.79138322747027
            ]
          ]
        ]
      }
    },
    {
      "type": "Feature",
      "properties": {
        "id": "HEX-0113",
        "parcelCount": 8,
        "avgHealth": 43,
        "avgFarmScore": 47,
        "avgRisk": 51,
        "dominantCrop": "Pasture",
        "status": "Critical Alert",
        "color": "#c6473c",
        "detailId": "KOS-PDJ-000360"
      },
      "geometry": {
        "type": "Polygon",
        "coordinates": [
          [
            [
              21.24500615803766,
              42.8848433412054
            ],
            [
              21.208350780034237,
              42.93157339807297
            ],
            [
              21.13504002402739,
              42.93157339807297
            ],
            [
              21.098384646023966,
              42.8848433412054
            ],
            [
              21.13504002402739,
              42.83811328433784
            ],
            [
              21.208350780034237,
              42.83811328433784
            ],
            [
              21.24500615803766,
              42.8848433412054
            ]
          ]
        ]
      }
    },
    {
      "type": "Feature",
      "properties": {
        "id": "HEX-0114",
        "parcelCount": 5,
        "avgHealth": 48,
        "avgFarmScore": 45,
        "avgRisk": 55,
        "dominantCrop": "Pasture",
        "status": "Critical Alert",
        "color": "#c6473c",
        "detailId": "KOS-PDJ-000312"
      },
      "geometry": {
        "type": "Polygon",
        "coordinates": [
          [
            [
              21.24500615803766,
              42.97830345494054
            ],
            [
              21.208350780034237,
              43.025033511808104
            ],
            [
              21.13504002402739,
              43.025033511808104
            ],
            [
              21.098384646023966,
              42.97830345494054
            ],
            [
              21.13504002402739,
              42.93157339807297
            ],
            [
              21.208350780034237,
              42.93157339807297
            ],
            [
              21.24500615803766,
              42.97830345494054
            ]
          ]
        ]
      }
    },
    {
      "type": "Feature",
      "properties": {
        "id": "HEX-0115",
        "parcelCount": 3,
        "avgHealth": 56,
        "avgFarmScore": 56,
        "avgRisk": 54,
        "dominantCrop": "Pasture",
        "status": "Watch",
        "color": "#d4a84f",
        "detailId": "KOS-PDJ-000221"
      },
      "geometry": {
        "type": "Polygon",
        "coordinates": [
          [
            [
              21.24500615803766,
              43.07176356867567
            ],
            [
              21.208350780034237,
              43.11849362554324
            ],
            [
              21.13504002402739,
              43.11849362554324
            ],
            [
              21.098384646023966,
              43.07176356867567
            ],
            [
              21.13504002402739,
              43.025033511808104
            ],
            [
              21.208350780034237,
              43.025033511808104
            ],
            [
              21.24500615803766,
              43.07176356867567
            ]
          ]
        ]
      }
    },
    {
      "type": "Feature",
      "properties": {
        "id": "HEX-0117",
        "parcelCount": 4,
        "avgHealth": 46,
        "avgFarmScore": 57,
        "avgRisk": 59,
        "dominantCrop": "Potato",
        "status": "Critical Alert",
        "color": "#c6473c",
        "detailId": "KOS-FRZ-000931"
      },
      "geometry": {
        "type": "Polygon",
        "coordinates": [
          [
            [
              21.35497229204793,
              42.1838924881919
            ],
            [
              21.318316914044505,
              42.23062254505947
            ],
            [
              21.245006158037658,
              42.23062254505947
            ],
            [
              21.208350780034234,
              42.1838924881919
            ],
            [
              21.245006158037658,
              42.137162431324334
            ],
            [
              21.318316914044505,
              42.137162431324334
            ],
            [
              21.35497229204793,
              42.1838924881919
            ]
          ]
        ]
      }
    },
    {
      "type": "Feature",
      "properties": {
        "id": "HEX-0118",
        "parcelCount": 1,
        "avgHealth": 53,
        "avgFarmScore": 55,
        "avgRisk": 60,
        "dominantCrop": "Corn",
        "status": "Watch",
        "color": "#d4a84f",
        "detailId": "KOS-FRZ-000887"
      },
      "geometry": {
        "type": "Polygon",
        "coordinates": [
          [
            [
              21.35497229204793,
              42.277352601927035
            ],
            [
              21.318316914044505,
              42.3240826587946
            ],
            [
              21.245006158037658,
              42.3240826587946
            ],
            [
              21.208350780034234,
              42.277352601927035
            ],
            [
              21.245006158037658,
              42.23062254505947
            ],
            [
              21.318316914044505,
              42.23062254505947
            ],
            [
              21.35497229204793,
              42.277352601927035
            ]
          ]
        ]
      }
    },
    {
      "type": "Feature",
      "properties": {
        "id": "HEX-0119",
        "parcelCount": 13,
        "avgHealth": 44,
        "avgFarmScore": 51,
        "avgRisk": 53,
        "dominantCrop": "Wheat",
        "status": "Critical Alert",
        "color": "#c6473c",
        "detailId": "KOS-FRZ-000783"
      },
      "geometry": {
        "type": "Polygon",
        "coordinates": [
          [
            [
              21.35497229204793,
              42.37081271566217
            ],
            [
              21.318316914044505,
              42.417542772529735
            ],
            [
              21.245006158037658,
              42.417542772529735
            ],
            [
              21.208350780034234,
              42.37081271566217
            ],
            [
              21.245006158037658,
              42.3240826587946
            ],
            [
              21.318316914044505,
              42.3240826587946
            ],
            [
              21.35497229204793,
              42.37081271566217
            ]
          ]
        ]
      }
    },
    {
      "type": "Feature",
      "properties": {
        "id": "HEX-0120",
        "parcelCount": 4,
        "avgHealth": 44,
        "avgFarmScore": 56,
        "avgRisk": 57,
        "dominantCrop": "Pasture",
        "status": "Critical Alert",
        "color": "#c6473c",
        "detailId": "KOS-LPJ-000730"
      },
      "geometry": {
        "type": "Polygon",
        "coordinates": [
          [
            [
              21.35497229204793,
              42.4642728293973
            ],
            [
              21.318316914044505,
              42.51100288626487
            ],
            [
              21.245006158037658,
              42.51100288626487
            ],
            [
              21.208350780034234,
              42.4642728293973
            ],
            [
              21.245006158037658,
              42.417542772529735
            ],
            [
              21.318316914044505,
              42.417542772529735
            ],
            [
              21.35497229204793,
              42.4642728293973
            ]
          ]
        ]
      }
    },
    {
      "type": "Feature",
      "properties": {
        "id": "HEX-0121",
        "parcelCount": 6,
        "avgHealth": 46,
        "avgFarmScore": 47,
        "avgRisk": 55,
        "dominantCrop": "Vegetables",
        "status": "Critical Alert",
        "color": "#c6473c",
        "detailId": "KOS-PRT-000616"
      },
      "geometry": {
        "type": "Polygon",
        "coordinates": [
          [
            [
              21.35497229204793,
              42.557732943132436
            ],
            [
              21.318316914044505,
              42.604463
            ],
            [
              21.245006158037658,
              42.604463
            ],
            [
              21.208350780034234,
              42.557732943132436
            ],
            [
              21.245006158037658,
              42.51100288626487
            ],
            [
              21.318316914044505,
              42.51100288626487
            ],
            [
              21.35497229204793,
              42.557732943132436
            ]
          ]
        ]
      }
    },
    {
      "type": "Feature",
      "properties": {
        "id": "HEX-0122",
        "parcelCount": 3,
        "avgHealth": 42,
        "avgFarmScore": 45,
        "avgRisk": 56,
        "dominantCrop": "Pasture",
        "status": "Critical Alert",
        "color": "#c6473c",
        "detailId": "KOS-PRT-000556"
      },
      "geometry": {
        "type": "Polygon",
        "coordinates": [
          [
            [
              21.35497229204793,
              42.65119305686757
            ],
            [
              21.318316914044505,
              42.697923113735136
            ],
            [
              21.245006158037658,
              42.697923113735136
            ],
            [
              21.208350780034234,
              42.65119305686757
            ],
            [
              21.245006158037658,
              42.604463
            ],
            [
              21.318316914044505,
              42.604463
            ],
            [
              21.35497229204793,
              42.65119305686757
            ]
          ]
        ]
      }
    },
    {
      "type": "Feature",
      "properties": {
        "id": "HEX-0123",
        "parcelCount": 2,
        "avgHealth": 40,
        "avgFarmScore": 50,
        "avgRisk": 60,
        "dominantCrop": "Pasture",
        "status": "Critical Alert",
        "color": "#c6473c",
        "detailId": "KOS-PRT-000495"
      },
      "geometry": {
        "type": "Polygon",
        "coordinates": [
          [
            [
              21.35497229204793,
              42.7446531706027
            ],
            [
              21.318316914044505,
              42.79138322747027
            ],
            [
              21.245006158037658,
              42.79138322747027
            ],
            [
              21.208350780034234,
              42.7446531706027
            ],
            [
              21.245006158037658,
              42.697923113735136
            ],
            [
              21.318316914044505,
              42.697923113735136
            ],
            [
              21.35497229204793,
              42.7446531706027
            ]
          ]
        ]
      }
    },
    {
      "type": "Feature",
      "properties": {
        "id": "HEX-0124",
        "parcelCount": 4,
        "avgHealth": 44,
        "avgFarmScore": 44,
        "avgRisk": 52,
        "dominantCrop": "Wheat",
        "status": "Critical Alert",
        "color": "#c6473c",
        "detailId": "KOS-PDJ-000419"
      },
      "geometry": {
        "type": "Polygon",
        "coordinates": [
          [
            [
              21.35497229204793,
              42.83811328433784
            ],
            [
              21.318316914044505,
              42.8848433412054
            ],
            [
              21.245006158037658,
              42.8848433412054
            ],
            [
              21.208350780034234,
              42.83811328433784
            ],
            [
              21.245006158037658,
              42.79138322747027
            ],
            [
              21.318316914044505,
              42.79138322747027
            ],
            [
              21.35497229204793,
              42.83811328433784
            ]
          ]
        ]
      }
    },
    {
      "type": "Feature",
      "properties": {
        "id": "HEX-0125",
        "parcelCount": 3,
        "avgHealth": 46,
        "avgFarmScore": 46,
        "avgRisk": 52,
        "dominantCrop": "Pasture",
        "status": "Critical Alert",
        "color": "#c6473c",
        "detailId": "KOS-PDJ-000343"
      },
      "geometry": {
        "type": "Polygon",
        "coordinates": [
          [
            [
              21.35497229204793,
              42.93157339807297
            ],
            [
              21.318316914044505,
              42.97830345494054
            ],
            [
              21.245006158037658,
              42.97830345494054
            ],
            [
              21.208350780034234,
              42.93157339807297
            ],
            [
              21.245006158037658,
              42.8848433412054
            ],
            [
              21.318316914044505,
              42.8848433412054
            ],
            [
              21.35497229204793,
              42.93157339807297
            ]
          ]
        ]
      }
    },
    {
      "type": "Feature",
      "properties": {
        "id": "HEX-0130",
        "parcelCount": 11,
        "avgHealth": 48,
        "avgFarmScore": 51,
        "avgRisk": 54,
        "dominantCrop": "Fallow",
        "status": "Critical Alert",
        "color": "#c6473c",
        "detailId": "KOS-GJN-000812"
      },
      "geometry": {
        "type": "Polygon",
        "coordinates": [
          [
            [
              21.4649384260582,
              42.3240826587946
            ],
            [
              21.428283048054777,
              42.37081271566217
            ],
            [
              21.35497229204793,
              42.37081271566217
            ],
            [
              21.318316914044505,
              42.3240826587946
            ],
            [
              21.35497229204793,
              42.277352601927035
            ],
            [
              21.428283048054777,
              42.277352601927035
            ],
            [
              21.4649384260582,
              42.3240826587946
            ]
          ]
        ]
      }
    },
    {
      "type": "Feature",
      "properties": {
        "id": "HEX-0131",
        "parcelCount": 7,
        "avgHealth": 46,
        "avgFarmScore": 55,
        "avgRisk": 57,
        "dominantCrop": "Barley",
        "status": "Critical Alert",
        "color": "#c6473c",
        "detailId": "KOS-GJN-000754"
      },
      "geometry": {
        "type": "Polygon",
        "coordinates": [
          [
            [
              21.4649384260582,
              42.417542772529735
            ],
            [
              21.428283048054777,
              42.4642728293973
            ],
            [
              21.35497229204793,
              42.4642728293973
            ],
            [
              21.318316914044505,
              42.417542772529735
            ],
            [
              21.35497229204793,
              42.37081271566217
            ],
            [
              21.428283048054777,
              42.37081271566217
            ],
            [
              21.4649384260582,
              42.417542772529735
            ]
          ]
        ]
      }
    },
    {
      "type": "Feature",
      "properties": {
        "id": "HEX-0132",
        "parcelCount": 1,
        "avgHealth": 49,
        "avgFarmScore": 47,
        "avgRisk": 46,
        "dominantCrop": "Barley",
        "status": "Critical Alert",
        "color": "#c6473c",
        "detailId": "KOS-GJN-000702"
      },
      "geometry": {
        "type": "Polygon",
        "coordinates": [
          [
            [
              21.4649384260582,
              42.51100288626487
            ],
            [
              21.428283048054777,
              42.557732943132436
            ],
            [
              21.35497229204793,
              42.557732943132436
            ],
            [
              21.318316914044505,
              42.51100288626487
            ],
            [
              21.35497229204793,
              42.4642728293973
            ],
            [
              21.428283048054777,
              42.4642728293973
            ],
            [
              21.4649384260582,
              42.51100288626487
            ]
          ]
        ]
      }
    },
    {
      "type": "Feature",
      "properties": {
        "id": "HEX-0133",
        "parcelCount": 7,
        "avgHealth": 44,
        "avgFarmScore": 47,
        "avgRisk": 54,
        "dominantCrop": "Fallow",
        "status": "Critical Alert",
        "color": "#c6473c",
        "detailId": "KOS-GJN-000557"
      },
      "geometry": {
        "type": "Polygon",
        "coordinates": [
          [
            [
              21.4649384260582,
              42.604463
            ],
            [
              21.428283048054777,
              42.65119305686757
            ],
            [
              21.35497229204793,
              42.65119305686757
            ],
            [
              21.318316914044505,
              42.604463
            ],
            [
              21.35497229204793,
              42.557732943132436
            ],
            [
              21.428283048054777,
              42.557732943132436
            ],
            [
              21.4649384260582,
              42.604463
            ]
          ]
        ]
      }
    },
    {
      "type": "Feature",
      "properties": {
        "id": "HEX-0135",
        "parcelCount": 1,
        "avgHealth": 47,
        "avgFarmScore": 47,
        "avgRisk": 50,
        "dominantCrop": "Barley",
        "status": "Critical Alert",
        "color": "#c6473c",
        "detailId": "KOS-PDJ-001902"
      },
      "geometry": {
        "type": "Polygon",
        "coordinates": [
          [
            [
              21.4649384260582,
              42.79138322747027
            ],
            [
              21.428283048054777,
              42.83811328433784
            ],
            [
              21.35497229204793,
              42.83811328433784
            ],
            [
              21.318316914044505,
              42.79138322747027
            ],
            [
              21.35497229204793,
              42.7446531706027
            ],
            [
              21.428283048054777,
              42.7446531706027
            ],
            [
              21.4649384260582,
              42.79138322747027
            ]
          ]
        ]
      }
    },
    {
      "type": "Feature",
      "properties": {
        "id": "HEX-0141",
        "parcelCount": 1,
        "avgHealth": 51,
        "avgFarmScore": 45,
        "avgRisk": 54,
        "dominantCrop": "Pasture",
        "status": "Watch",
        "color": "#d4a84f",
        "detailId": "KOS-GJN-000863"
      },
      "geometry": {
        "type": "Polygon",
        "coordinates": [
          [
            [
              21.57490456006847,
              42.277352601927035
            ],
            [
              21.538249182065048,
              42.3240826587946
            ],
            [
              21.4649384260582,
              42.3240826587946
            ],
            [
              21.428283048054777,
              42.277352601927035
            ],
            [
              21.4649384260582,
              42.23062254505947
            ],
            [
              21.538249182065048,
              42.23062254505947
            ],
            [
              21.57490456006847,
              42.277352601927035
            ]
          ]
        ]
      }
    },
    {
      "type": "Feature",
      "properties": {
        "id": "HEX-0142",
        "parcelCount": 1,
        "avgHealth": 48,
        "avgFarmScore": 51,
        "avgRisk": 47,
        "dominantCrop": "Corn",
        "status": "Critical Alert",
        "color": "#c6473c",
        "detailId": "KOS-GJN-000814"
      },
      "geometry": {
        "type": "Polygon",
        "coordinates": [
          [
            [
              21.57490456006847,
              42.37081271566217
            ],
            [
              21.538249182065048,
              42.417542772529735
            ],
            [
              21.4649384260582,
              42.417542772529735
            ],
            [
              21.428283048054777,
              42.37081271566217
            ],
            [
              21.4649384260582,
              42.3240826587946
            ],
            [
              21.538249182065048,
              42.3240826587946
            ],
            [
              21.57490456006847,
              42.37081271566217
            ]
          ]
        ]
      }
    },
    {
      "type": "Feature",
      "properties": {
        "id": "HEX-0143",
        "parcelCount": 5,
        "avgHealth": 48,
        "avgFarmScore": 54,
        "avgRisk": 57,
        "dominantCrop": "Pasture",
        "status": "Critical Alert",
        "color": "#c6473c",
        "detailId": "KOS-GJN-000688"
      },
      "geometry": {
        "type": "Polygon",
        "coordinates": [
          [
            [
              21.57490456006847,
              42.4642728293973
            ],
            [
              21.538249182065048,
              42.51100288626487
            ],
            [
              21.4649384260582,
              42.51100288626487
            ],
            [
              21.428283048054777,
              42.4642728293973
            ],
            [
              21.4649384260582,
              42.417542772529735
            ],
            [
              21.538249182065048,
              42.417542772529735
            ],
            [
              21.57490456006847,
              42.4642728293973
            ]
          ]
        ]
      }
    },
    {
      "type": "Feature",
      "properties": {
        "id": "HEX-0144",
        "parcelCount": 4,
        "avgHealth": 49,
        "avgFarmScore": 51,
        "avgRisk": 55,
        "dominantCrop": "Pasture",
        "status": "Critical Alert",
        "color": "#c6473c",
        "detailId": "KOS-GJN-000633"
      },
      "geometry": {
        "type": "Polygon",
        "coordinates": [
          [
            [
              21.57490456006847,
              42.557732943132436
            ],
            [
              21.538249182065048,
              42.604463
            ],
            [
              21.4649384260582,
              42.604463
            ],
            [
              21.428283048054777,
              42.557732943132436
            ],
            [
              21.4649384260582,
              42.51100288626487
            ],
            [
              21.538249182065048,
              42.51100288626487
            ],
            [
              21.57490456006847,
              42.557732943132436
            ]
          ]
        ]
      }
    },
    {
      "type": "Feature",
      "properties": {
        "id": "HEX-0145",
        "parcelCount": 7,
        "avgHealth": 45,
        "avgFarmScore": 48,
        "avgRisk": 53,
        "dominantCrop": "Pasture",
        "status": "Critical Alert",
        "color": "#c6473c",
        "detailId": "KOS-GJN-000558"
      },
      "geometry": {
        "type": "Polygon",
        "coordinates": [
          [
            [
              21.57490456006847,
              42.65119305686757
            ],
            [
              21.538249182065048,
              42.697923113735136
            ],
            [
              21.4649384260582,
              42.697923113735136
            ],
            [
              21.428283048054777,
              42.65119305686757
            ],
            [
              21.4649384260582,
              42.604463
            ],
            [
              21.538249182065048,
              42.604463
            ],
            [
              21.57490456006847,
              42.65119305686757
            ]
          ]
        ]
      }
    },
    {
      "type": "Feature",
      "properties": {
        "id": "HEX-0146",
        "parcelCount": 3,
        "avgHealth": 41,
        "avgFarmScore": 48,
        "avgRisk": 56,
        "dominantCrop": "Fallow",
        "status": "Critical Alert",
        "color": "#c6473c",
        "detailId": "KOS-GJN-000480"
      },
      "geometry": {
        "type": "Polygon",
        "coordinates": [
          [
            [
              21.57490456006847,
              42.7446531706027
            ],
            [
              21.538249182065048,
              42.79138322747027
            ],
            [
              21.4649384260582,
              42.79138322747027
            ],
            [
              21.428283048054777,
              42.7446531706027
            ],
            [
              21.4649384260582,
              42.697923113735136
            ],
            [
              21.538249182065048,
              42.697923113735136
            ],
            [
              21.57490456006847,
              42.7446531706027
            ]
          ]
        ]
      }
    },
    {
      "type": "Feature",
      "properties": {
        "id": "HEX-0147",
        "parcelCount": 1,
        "avgHealth": 37,
        "avgFarmScore": 52,
        "avgRisk": 68,
        "dominantCrop": "Barley",
        "status": "Critical Alert",
        "color": "#c6473c",
        "detailId": "KOS-PDJ-000456"
      },
      "geometry": {
        "type": "Polygon",
        "coordinates": [
          [
            [
              21.57490456006847,
              42.83811328433784
            ],
            [
              21.538249182065048,
              42.8848433412054
            ],
            [
              21.4649384260582,
              42.8848433412054
            ],
            [
              21.428283048054777,
              42.83811328433784
            ],
            [
              21.4649384260582,
              42.79138322747027
            ],
            [
              21.538249182065048,
              42.79138322747027
            ],
            [
              21.57490456006847,
              42.83811328433784
            ]
          ]
        ]
      }
    }
  ]
}
