{
  "type": "FeatureCollection",
  "features": [
    {
      "type": "Feature",
      "properties": {
        "id": "KOS-MIT-000087",
        "parcelId": "KOS-MIT-000087",
        "district": "Mitrovica",
        "municipality": "Mitrovica",
        "status": "Critical Alert",
        "color": "#c6473c",
        "isFarmland": true,
        "farmScore": 59,
        "harvestHealth": 49,
        "ownerId": "OWN-MIT-01",
        "owner": "Besim Tahiri",
        "currentCrop": "potato",
        "detailId": "KOS-MIT-000087"
      },
      "geometry": {
        "type": "Point",
        "coordinates": [
          20.6,
          43.184
        ]
      }
    },
    {
      "type": "Feature",
      "properties": {
        "id": "KOS-MIT-000105",
        "parcelId": "KOS-MIT-000105",
        "district": "Mitrovica",
        "municipality": "Mitrovica",
        "status": "Critical Alert",
        "color": "#c6473c",
        "isFarmland": true,
        "farmScore": 44,
        "harvestHealth": 49,
        "ownerId": "OWN-MIT-02",
        "owner": "Valon Hyseni",
        "currentCrop": "wheat",
        "detailId": "KOS-MIT-000105"
      },
      "geometry": {
        "type": "Point",
        "coordinates": [
          20.821,
          43.187
        ]
      }
    },
    {
      "type": "Feature",
      "properties": {
        "id": "KOS-MIT-000152",
        "parcelId": "KOS-MIT-000152",
        "district": "Mitrovica",
        "municipality": "Mitrovica",
        "status": "Critical Alert",
        "color": "#c6473c",
        "isFarmland": false,
        "farmScore": 48,
        "harvestHealth": 47,
        "ownerId": "OWN-MIT-01",
        "owner": "Besim Tahiri",
        "currentCrop": "pasture",
        "detailId": "KOS-MIT-000152"
      },
      "geometry": {
        "type": "Point",
        "coordinates": [
          20.715,
          43.167
        ]
      }
    },
    {
      "type": "Feature",
      "properties": {
        "id": "KOS-MIT-000174",
        "parcelId": "KOS-MIT-000174",
        "district": "Mitrovica",
        "municipality": "Mitrovica",
        "status": "Watch",
        "color": "#d4a84f",
        "isFarmland": true,
        "farmScore": 47,
        "harvestHealth": 51,
        "ownerId": "OWN-MIT-01",
        "owner": "Besim Tahiri",
        "currentCrop": "pasture",
        "detailId": "KOS-MIT-000174"
      },
      "geometry": {
        "type": "Point",
        "coordinates": [
          20.789,
          43.103
        ]
      }
    },
    {
      "type": "Feature",
      "properties": {
        "id": "KOS-MIT-000204",
        "parcelId": "KOS-MIT-000204",
        "district": "Mitrovica",
        "municipality": "Mitrovica",
        "status": "Watch",
        "color": "#d4a84f",
        "isFarmland": false,
        "farmScore": 50,
        "harvestHealth": 51,
        "ownerId": "OWN-MIT-02",
        "owner": "Valon Hyseni",
        "currentCrop": "mixed",
        "detailId": "KOS-MIT-000204"
      },
      "geometry": {
        "type": "Point",
        "coordinates": [
          20.846,
          43.103
        ]
      }
    },
    {
      "type": "Feature",
      "properties": {
        "id": "KOS-PDJ-000221",
        "parcelId": "KOS-PDJ-000221",
        "district": "Podujeva",
        "municipality": "Podujeva",
        "status": "Critical Alert",
        "color": "#c6473c",
        "isFarmland": false,
        "farmScore": 51,
        "harvestHealth": 48,
        "ownerId": "OWN-AGIM",
        "owner": "Agim Berisha",
        "currentCrop": "pasture",
        "detailId": "KOS-PDJ-000221"
      },
      "geometry": {
        "type": "Point",
        "coordinates": [
          21.191,
          43.087
        ]
      }
    },
    {
      "type": "Feature",
      "properties": {
        "id": "KOS-PDJ-000251",
        "parcelId": "KOS-PDJ-000251",
        "district": "Podujeva",
        "municipality": "Podujeva",
        "status": "Critical Alert",
        "color": "#c6473c",
        "isFarmland": false,
        "farmScore": 50,
        "harvestHealth": 44,
        "ownerId": "OWN-PRZ-02",
        "owner": "Arben Krasniqi",
        "currentCrop": "fallow",
        "detailId": "KOS-PDJ-000251"
      },
      "geometry": {
        "type": "Point",
        "coordinates": [
          21.099,
          43.057
        ]
      }
    },
    {
      "type": "Feature",
      "properties": {
        "id": "KOS-PDJ-000312",
        "parcelId": "KOS-PDJ-000312",
        "district": "Podujeva",
        "municipality": "Podujeva",
        "status": "Critical Alert",
        "color": "#c6473c",
        "isFarmland": false,
        "farmScore": 45,
        "harvestHealth": 47,
        "ownerId": "OWN-PRZ-03",
        "owner": "Lirije Gashi",
        "currentCrop": "pasture",
        "detailId": "KOS-PDJ-000312"
      },
      "geometry": {
        "type": "Point",
        "coordinates": [
          21.139,
          42.976
        ]
      }
    },
    {
      "type": "Feature",
      "properties": {
        "id": "KOS-MIT-000328",
        "parcelId": "KOS-MIT-000328",
        "district": "Mitrovica",
        "municipality": "Mitrovica",
        "status": "Critical Alert",
        "color": "#c6473c",
        "isFarmland": false,
        "farmScore": 57,
        "harvestHealth": 47,
        "ownerId": "OWN-MIT-02",
        "owner": "Valon Hyseni",
        "currentCrop": "pasture",
        "detailId": "KOS-MIT-000328"
      },
      "geometry": {
        "type": "Point",
        "coordinates": [
          20.829,
          42.9
        ]
      }
    },
    {
      "type": "Feature",
      "properties": {
        "id": "KOS-MIT-000329",
        "parcelId": "KOS-MIT-000329",
        "district": "Mitrovica",
        "municipality": "Mitrovica",
        "status": "Critical Alert",
        "color": "#c6473c",
        "isFarmland": false,
        "farmScore": 53,
        "harvestHealth": 45,
        "ownerId": "OWN-MIT-02",
        "owner": "Valon Hyseni",
        "currentCrop": "pasture",
        "detailId": "KOS-MIT-000329"
      },
      "geometry": {
        "type": "Point",
        "coordinates": [
          20.896,
          42.932
        ]
      }
    },
    {
      "type": "Feature",
      "properties": {
        "id": "KOS-MIT-000341",
        "parcelId": "KOS-MIT-000341",
        "district": "Mitrovica",
        "municipality": "Mitrovica",
        "status": "Critical Alert",
        "color": "#c6473c",
        "isFarmland": false,
        "farmScore": 52,
        "harvestHealth": 38,
        "ownerId": "OWN-MIT-02",
        "owner": "Valon Hyseni",
        "currentCrop": "pasture",
        "detailId": "KOS-MIT-000341"
      },
      "geometry": {
        "type": "Point",
        "coordinates": [
          20.666,
          42.942
        ]
      }
    },
    {
      "type": "Feature",
      "properties": {
        "id": "KOS-PDJ-000342",
        "parcelId": "KOS-PDJ-000342",
        "district": "Podujeva",
        "municipality": "Podujeva",
        "status": "Critical Alert",
        "color": "#c6473c",
        "isFarmland": true,
        "farmScore": 53,
        "harvestHealth": 47,
        "ownerId": "OWN-PRZ-03",
        "owner": "Lirije Gashi",
        "currentCrop": "corn",
        "detailId": "KOS-PDJ-000342"
      },
      "geometry": {
        "type": "Point",
        "coordinates": [
          21.129,
          42.924
        ]
      }
    },
    {
      "type": "Feature",
      "properties": {
        "id": "KOS-PDJ-000343",
        "parcelId": "KOS-PDJ-000343",
        "district": "Podujeva",
        "municipality": "Podujeva",
        "status": "Critical Alert",
        "color": "#c6473c",
        "isFarmland": true,
        "farmScore": 50,
        "harvestHealth": 43,
        "ownerId": "OWN-PRZ-02",
        "owner": "Arben Krasniqi",
        "currentCrop": "corn",
        "detailId": "KOS-PDJ-000343"
      },
      "geometry": {
        "type": "Point",
        "coordinates": [
          21.227,
          42.946
        ]
      }
    },
    {
      "type": "Feature",
      "properties": {
        "id": "KOS-PDJ-000360",
        "parcelId": "KOS-PDJ-000360",
        "district": "Podujeva",
        "municipality": "Podujeva",
        "status": "Critical Alert",
        "color": "#c6473c",
        "isFarmland": true,
        "farmScore": 41,
        "harvestHealth": 47,
        "ownerId": "OWN-PRZ-03",
        "owner": "Lirije Gashi",
        "currentCrop": "pasture",
        "detailId": "KOS-PDJ-000360"
      },
      "geometry": {
        "type": "Point",
        "coordinates": [
          21.213,
          42.918
        ]
      }
    },
    {
      "type": "Feature",
      "properties": {
        "id": "KOS-PDJ-000361",
        "parcelId": "KOS-PDJ-000361",
        "district": "Podujeva",
        "municipality": "Podujeva",
        "status": "Watch",
        "color": "#d4a84f",
        "isFarmland": false,
        "farmScore": 42,
        "harvestHealth": 50,
        "ownerId": "OWN-AGIM",
        "owner": "Agim Berisha",
        "currentCrop": "pasture",
        "detailId": "KOS-PDJ-000361"
      },
      "geometry": {
        "type": "Point",
        "coordinates": [
          21.241,
          42.92
        ]
      }
    },
    {
      "type": "Feature",
      "properties": {
        "id": "KOS-MIT-000371",
        "parcelId": "KOS-MIT-000371",
        "district": "Mitrovica",
        "municipality": "Mitrovica",
        "status": "Critical Alert",
        "color": "#c6473c",
        "isFarmland": true,
        "farmScore": 47,
        "harvestHealth": 39,
        "ownerId": "OWN-MIT-02",
        "owner": "Valon Hyseni",
        "currentCrop": "vegetables",
        "detailId": "KOS-MIT-000371"
      },
      "geometry": {
        "type": "Point",
        "coordinates": [
          20.764,
          42.903
        ]
      }
    },
    {
      "type": "Feature",
      "properties": {
        "id": "KOS-PDJ-000373",
        "parcelId": "KOS-PDJ-000373",
        "district": "Podujeva",
        "municipality": "Podujeva",
        "status": "Watch",
        "color": "#d4a84f",
        "isFarmland": false,
        "farmScore": 47,
        "harvestHealth": 54,
        "ownerId": "OWN-PRZ-02",
        "owner": "Arben Krasniqi",
        "currentCrop": "pasture",
        "detailId": "KOS-PDJ-000373"
      },
      "geometry": {
        "type": "Point",
        "coordinates": [
          21.035,
          42.884
        ]
      }
    },
    {
      "type": "Feature",
      "properties": {
        "id": "KOS-MIT-000390",
        "parcelId": "KOS-MIT-000390",
        "district": "Mitrovica",
        "municipality": "Mitrovica",
        "status": "Critical Alert",
        "color": "#c6473c",
        "isFarmland": true,
        "farmScore": 56,
        "harvestHealth": 45,
        "ownerId": "OWN-MIT-02",
        "owner": "Valon Hyseni",
        "currentCrop": "corn",
        "detailId": "KOS-MIT-000390"
      },
      "geometry": {
        "type": "Point",
        "coordinates": [
          20.843,
          42.84
        ]
      }
    },
    {
      "type": "Feature",
      "properties": {
        "id": "KOS-MIT-000393",
        "parcelId": "KOS-MIT-000393",
        "district": "Mitrovica",
        "municipality": "Mitrovica",
        "status": "Watch",
        "color": "#d4a84f",
        "isFarmland": false,
        "farmScore": 55,
        "harvestHealth": 50,
        "ownerId": "OWN-MIT-01",
        "owner": "Besim Tahiri",
        "currentCrop": "fallow",
        "detailId": "KOS-MIT-000393"
      },
      "geometry": {
        "type": "Point",
        "coordinates": [
          21.007,
          42.88
        ]
      }
    },
    {
      "type": "Feature",
      "properties": {
        "id": "KOS-MIT-000405",
        "parcelId": "KOS-MIT-000405",
        "district": "Mitrovica",
        "municipality": "Mitrovica",
        "status": "Critical Alert",
        "color": "#c6473c",
        "isFarmland": true,
        "farmScore": 54,
        "harvestHealth": 47,
        "ownerId": "OWN-MIT-01",
        "owner": "Besim Tahiri",
        "currentCrop": "pasture",
        "detailId": "KOS-MIT-000405"
      },
      "geometry": {
        "type": "Point",
        "coordinates": [
          20.93,
          42.862
        ]
      }
    },
    {
      "type": "Feature",
      "properties": {
        "id": "KOS-PDJ-000406",
        "parcelId": "KOS-PDJ-000406",
        "district": "Podujeva",
        "municipality": "Podujeva",
        "status": "Watch",
        "color": "#d4a84f",
        "isFarmland": true,
        "farmScore": 47,
        "harvestHealth": 55,
        "ownerId": "OWN-PRZ-03",
        "owner": "Lirije Gashi",
        "currentCrop": "vegetables",
        "detailId": "KOS-PDJ-000406"
      },
      "geometry": {
        "type": "Point",
        "coordinates": [
          21.069,
          42.812
        ]
      }
    },
    {
      "type": "Feature",
      "properties": {
        "id": "KOS-PDJ-000407",
        "parcelId": "KOS-PDJ-000407",
        "district": "Podujeva",
        "municipality": "Podujeva",
        "status": "Critical Alert",
        "color": "#c6473c",
        "isFarmland": false,
        "farmScore": 45,
        "harvestHealth": 43,
        "ownerId": "OWN-PRZ-02",
        "owner": "Arben Krasniqi",
        "currentCrop": "pasture",
        "detailId": "KOS-PDJ-000407"
      },
      "geometry": {
        "type": "Point",
        "coordinates": [
          21.157,
          42.867
        ]
      }
    },
    {
      "type": "Feature",
      "properties": {
        "id": "KOS-PDJ-000408",
        "parcelId": "KOS-PDJ-000408",
        "district": "Podujeva",
        "municipality": "Podujeva",
        "status": "Critical Alert",
        "color": "#c6473c",
        "isFarmland": false,
        "farmScore": 48,
        "harvestHealth": 48,
        "ownerId": "OWN-AGIM",
        "owner": "Agim Berisha",
        "currentCrop": "pasture",
        "detailId": "KOS-PDJ-000408"
      },
      "geometry": {
        "type": "Point",
        "coordinates": [
          21.179,
          42.873
        ]
      }
    },
    {
      "type": "Feature",
      "properties": {
        "id": "KOS-MIT-000416",
        "parcelId": "KOS-MIT-000416",
        "district": "Mitrovica",
        "municipality": "Mitrovica",
        "status": "Critical Alert",
        "color": "#c6473c",
        "isFarmland": true,
        "farmScore": 52,
        "harvestHealth": 47,
        "ownerId": "OWN-MIT-01",
        "owner": "Besim Tahiri",
        "currentCrop": "potato",
        "detailId": "KOS-MIT-000416"
      },
      "geometry": {
        "type": "Point",
        "coordinates": [
          20.98,
          42.849
        ]
      }
    },
    {
      "type": "Feature",
      "properties": {
        "id": "KOS-MIT-000417",
        "parcelId": "KOS-MIT-000417",
        "district": "Mitrovica",
        "municipality": "Mitrovica",
        "status": "Watch",
        "color": "#d4a84f",
        "isFarmland": false,
        "farmScore": 52,
        "harvestHealth": 57,
        "ownerId": "OWN-MIT-02",
        "owner": "Valon Hyseni",
        "currentCrop": "pasture",
        "detailId": "KOS-MIT-000417"
      },
      "geometry": {
        "type": "Point",
        "coordinates": [
          20.992,
          42.846
        ]
      }
    },
    {
      "type": "Feature",
      "properties": {
        "id": "KOS-PDJ-000418",
        "parcelId": "KOS-PDJ-000418",
        "district": "Podujeva",
        "municipality": "Podujeva",
        "status": "Critical Alert",
        "color": "#c6473c",
        "isFarmland": true,
        "farmScore": 43,
        "harvestHealth": 40,
        "ownerId": "OWN-PRZ-02",
        "owner": "Arben Krasniqi",
        "currentCrop": "wheat",
        "detailId": "KOS-PDJ-000418"
      },
      "geometry": {
        "type": "Point",
        "coordinates": [
          21.214,
          42.807
        ]
      }
    },
    {
      "type": "Feature",
      "properties": {
        "id": "KOS-PDJ-000419",
        "parcelId": "KOS-PDJ-000419",
        "district": "Podujeva",
        "municipality": "Podujeva",
        "status": "Critical Alert",
        "color": "#c6473c",
        "isFarmland": true,
        "farmScore": 45,
        "harvestHealth": 45,
        "ownerId": "OWN-PRZ-02",
        "owner": "Arben Krasniqi",
        "currentCrop": "wheat",
        "detailId": "KOS-PDJ-000419"
      },
      "geometry": {
        "type": "Point",
        "coordinates": [
          21.239,
          42.854
        ]
      }
    },
    {
      "type": "Feature",
      "properties": {
        "id": "KOS-MIT-000436",
        "parcelId": "KOS-MIT-000436",
        "district": "Mitrovica",
        "municipality": "Mitrovica",
        "status": "Critical Alert",
        "color": "#c6473c",
        "isFarmland": true,
        "farmScore": 55,
        "harvestHealth": 45,
        "ownerId": "OWN-MIT-01",
        "owner": "Besim Tahiri",
        "currentCrop": "orchard",
        "detailId": "KOS-MIT-000436"
      },
      "geometry": {
        "type": "Point",
        "coordinates": [
          20.879,
          42.819
        ]
      }
    },
    {
      "type": "Feature",
      "properties": {
        "id": "KOS-MIT-000437",
        "parcelId": "KOS-MIT-000437",
        "district": "Mitrovica",
        "municipality": "Mitrovica",
        "status": "Critical Alert",
        "color": "#c6473c",
        "isFarmland": true,
        "farmScore": 52,
        "harvestHealth": 47,
        "ownerId": "OWN-MIT-02",
        "owner": "Valon Hyseni",
        "currentCrop": "wheat",
        "detailId": "KOS-MIT-000437"
      },
      "geometry": {
        "type": "Point",
        "coordinates": [
          20.934,
          42.835
        ]
      }
    },
    {
      "type": "Feature",
      "properties": {
        "id": "KOS-PDJ-000438",
        "parcelId": "KOS-PDJ-000438",
        "district": "Podujeva",
        "municipality": "Podujeva",
        "status": "Critical Alert",
        "color": "#c6473c",
        "isFarmland": true,
        "farmScore": 39,
        "harvestHealth": 45,
        "ownerId": "OWN-PRZ-02",
        "owner": "Arben Krasniqi",
        "currentCrop": "barley",
        "detailId": "KOS-PDJ-000438"
      },
      "geometry": {
        "type": "Point",
        "coordinates": [
          21.241,
          42.84
        ]
      }
    },
    {
      "type": "Feature",
      "properties": {
        "id": "KOS-PDJ-000439",
        "parcelId": "KOS-PDJ-000439",
        "district": "Podujeva",
        "municipality": "Podujeva",
        "status": "Critical Alert",
        "color": "#c6473c",
        "isFarmland": true,
        "farmScore": 44,
        "harvestHealth": 44,
        "ownerId": "OWN-AGIM",
        "owner": "Agim Berisha",
        "currentCrop": "wheat",
        "detailId": "KOS-PDJ-000439"
      },
      "geometry": {
        "type": "Point",
        "coordinates": [
          21.261,
          42.834
        ]
      }
    },
    {
      "type": "Feature",
      "properties": {
        "id": "KOS-MIT-000449",
        "parcelId": "KOS-MIT-000449",
        "district": "Mitrovica",
        "municipality": "Mitrovica",
        "status": "Watch",
        "color": "#d4a84f",
        "isFarmland": true,
        "farmScore": 49,
        "harvestHealth": 52,
        "ownerId": "OWN-MIT-01",
        "owner": "Besim Tahiri",
        "currentCrop": "corn",
        "detailId": "KOS-MIT-000449"
      },
      "geometry": {
        "type": "Point",
        "coordinates": [
          20.911,
          42.817
        ]
      }
    },
    {
      "type": "Feature",
      "properties": {
        "id": "KOS-MIT-000450",
        "parcelId": "KOS-MIT-000450",
        "district": "Mitrovica",
        "municipality": "Mitrovica",
        "status": "Critical Alert",
        "color": "#c6473c",
        "isFarmland": true,
        "farmScore": 48,
        "harvestHealth": 44,
        "ownerId": "OWN-MIT-02",
        "owner": "Valon Hyseni",
        "currentCrop": "wheat",
        "detailId": "KOS-MIT-000450"
      },
      "geometry": {
        "type": "Point",
        "coordinates": [
          20.929,
          42.801
        ]
      }
    },
    {
      "type": "Feature",
      "properties": {
        "id": "KOS-MIT-000451",
        "parcelId": "KOS-MIT-000451",
        "district": "Mitrovica",
        "municipality": "Mitrovica",
        "status": "Critical Alert",
        "color": "#c6473c",
        "isFarmland": false,
        "farmScore": 55,
        "harvestHealth": 49,
        "ownerId": "OWN-MIT-01",
        "owner": "Besim Tahiri",
        "currentCrop": "fallow",
        "detailId": "KOS-MIT-000451"
      },
      "geometry": {
        "type": "Point",
        "coordinates": [
          20.967,
          42.817
        ]
      }
    },
    {
      "type": "Feature",
      "properties": {
        "id": "KOS-PRT-000452",
        "parcelId": "KOS-PRT-000452",
        "district": "Pristina",
        "municipality": "Pristina",
        "status": "Critical Alert",
        "color": "#c6473c",
        "isFarmland": false,
        "farmScore": 50,
        "harvestHealth": 48,
        "ownerId": "OWN-PRT-03",
        "owner": "Vesa Hoxha",
        "currentCrop": "pasture",
        "detailId": "KOS-PRT-000452"
      },
      "geometry": {
        "type": "Point",
        "coordinates": [
          21.038,
          42.801
        ]
      }
    },
    {
      "type": "Feature",
      "properties": {
        "id": "KOS-PDJ-000456",
        "parcelId": "KOS-PDJ-000456",
        "district": "Podujeva",
        "municipality": "Podujeva",
        "status": "Critical Alert",
        "color": "#c6473c",
        "isFarmland": true,
        "farmScore": 52,
        "harvestHealth": 37,
        "ownerId": "OWN-AGIM",
        "owner": "Agim Berisha",
        "currentCrop": "barley",
        "detailId": "KOS-PDJ-000456"
      },
      "geometry": {
        "type": "Point",
        "coordinates": [
          21.529,
          42.81
        ]
      }
    },
    {
      "type": "Feature",
      "properties": {
        "id": "KOS-PEJ-000462",
        "parcelId": "KOS-PEJ-000462",
        "district": "Peja",
        "municipality": "Peja",
        "status": "Critical Alert",
        "color": "#c6473c",
        "isFarmland": true,
        "farmScore": 43,
        "harvestHealth": 33,
        "ownerId": "OWN-PEJ-02",
        "owner": "Ilir Hoxha",
        "currentCrop": "vegetables",
        "detailId": "KOS-PEJ-000462"
      },
      "geometry": {
        "type": "Point",
        "coordinates": [
          20.487,
          42.776
        ]
      }
    },
    {
      "type": "Feature",
      "properties": {
        "id": "KOS-MIT-000466",
        "parcelId": "KOS-MIT-000466",
        "district": "Mitrovica",
        "municipality": "Mitrovica",
        "status": "Critical Alert",
        "color": "#c6473c",
        "isFarmland": true,
        "farmScore": 50,
        "harvestHealth": 46,
        "ownerId": "OWN-MIT-02",
        "owner": "Valon Hyseni",
        "currentCrop": "vineyard",
        "detailId": "KOS-MIT-000466"
      },
      "geometry": {
        "type": "Point",
        "coordinates": [
          20.908,
          42.803
        ]
      }
    },
    {
      "type": "Feature",
      "properties": {
        "id": "KOS-MIT-000467",
        "parcelId": "KOS-MIT-000467",
        "district": "Mitrovica",
        "municipality": "Mitrovica",
        "status": "Watch",
        "color": "#d4a84f",
        "isFarmland": true,
        "farmScore": 47,
        "harvestHealth": 54,
        "ownerId": "OWN-MIT-01",
        "owner": "Besim Tahiri",
        "currentCrop": "pasture",
        "detailId": "KOS-MIT-000467"
      },
      "geometry": {
        "type": "Point",
        "coordinates": [
          20.978,
          42.79
        ]
      }
    },
    {
      "type": "Feature",
      "properties": {
        "id": "KOS-PRT-000468",
        "parcelId": "KOS-PRT-000468",
        "district": "Pristina",
        "municipality": "Pristina",
        "status": "Critical Alert",
        "color": "#c6473c",
        "isFarmland": true,
        "farmScore": 43,
        "harvestHealth": 42,
        "ownerId": "OWN-PRT-03",
        "owner": "Vesa Hoxha",
        "currentCrop": "barley",
        "detailId": "KOS-PRT-000468"
      },
      "geometry": {
        "type": "Point",
        "coordinates": [
          21.092,
          42.755
        ]
      }
    },
    {
      "type": "Feature",
      "properties": {
        "id": "KOS-PRT-000469",
        "parcelId": "KOS-PRT-000469",
        "district": "Pristina",
        "municipality": "Pristina",
        "status": "Critical Alert",
        "color": "#c6473c",
        "isFarmland": true,
        "farmScore": 43,
        "harvestHealth": 42,
        "ownerId": "OWN-DRITA",
        "owner": "Drita Gashi",
        "currentCrop": "potato",
        "detailId": "KOS-PRT-000469"
      },
      "geometry": {
        "type": "Point",
        "coordinates": [
          21.135,
          42.738
        ]
      }
    },
    {
      "type": "Feature",
      "properties": {
        "id": "KOS-PEJ-000474",
        "parcelId": "KOS-PEJ-000474",
        "district": "Peja",
        "municipality": "Peja",
        "status": "Critical Alert",
        "color": "#c6473c",
        "isFarmland": true,
        "farmScore": 47,
        "harvestHealth": 37,
        "ownerId": "OWN-PEJ-02",
        "owner": "Ilir Hoxha",
        "currentCrop": "vegetables",
        "detailId": "KOS-PEJ-000474"
      },
      "geometry": {
        "type": "Point",
        "coordinates": [
          20.401,
          42.748
        ]
      }
    },
    {
      "type": "Feature",
      "properties": {
        "id": "KOS-PEJ-000475",
        "parcelId": "KOS-PEJ-000475",
        "district": "Peja",
        "municipality": "Peja",
        "status": "Critical Alert",
        "color": "#c6473c",
        "isFarmland": false,
        "farmScore": 44,
        "harvestHealth": 38,
        "ownerId": "OWN-PEJ-02",
        "owner": "Ilir Hoxha",
        "currentCrop": "pasture",
        "detailId": "KOS-PEJ-000475"
      },
      "geometry": {
        "type": "Point",
        "coordinates": [
          20.457,
          42.776
        ]
      }
    },
    {
      "type": "Feature",
      "properties": {
        "id": "KOS-MIT-000477",
        "parcelId": "KOS-MIT-000477",
        "district": "Mitrovica",
        "municipality": "Mitrovica",
        "status": "Critical Alert",
        "color": "#c6473c",
        "isFarmland": true,
        "farmScore": 53,
        "harvestHealth": 48,
        "ownerId": "OWN-MIT-02",
        "owner": "Valon Hyseni",
        "currentCrop": "barley",
        "detailId": "KOS-MIT-000477"
      },
      "geometry": {
        "type": "Point",
        "coordinates": [
          20.939,
          42.778
        ]
      }
    },
    {
      "type": "Feature",
      "properties": {
        "id": "KOS-MIT-000478",
        "parcelId": "KOS-MIT-000478",
        "district": "Mitrovica",
        "municipality": "Mitrovica",
        "status": "Watch",
        "color": "#d4a84f",
        "isFarmland": false,
        "farmScore": 44,
        "harvestHealth": 53,
        "ownerId": "OWN-MIT-01",
        "owner": "Besim Tahiri",
        "currentCrop": "fallow",
        "detailId": "KOS-MIT-000478"
      },
      "geometry": {
        "type": "Point",
        "coordinates": [
          21.001,
          42.769
        ]
      }
    },
    {
      "type": "Feature",
      "properties": {
        "id": "KOS-GJN-000480",
        "parcelId": "KOS-GJN-000480",
        "district": "Gjilan",
        "municipality": "Gjilan",
        "status": "Critical Alert",
        "color": "#c6473c",
        "isFarmland": false,
        "farmScore": 50,
        "harvestHealth": 43,
        "ownerId": "OWN-GJN-01",
        "owner": "Driton Morina",
        "currentCrop": "fallow",
        "detailId": "KOS-GJN-000480"
      },
      "geometry": {
        "type": "Point",
        "coordinates": [
          21.555,
          42.761
        ]
      }
    },
    {
      "type": "Feature",
      "properties": {
        "id": "KOS-MIT-000489",
        "parcelId": "KOS-MIT-000489",
        "district": "Mitrovica",
        "municipality": "Mitrovica",
        "status": "Critical Alert",
        "color": "#c6473c",
        "isFarmland": false,
        "farmScore": 57,
        "harvestHealth": 42,
        "ownerId": "OWN-MIT-02",
        "owner": "Valon Hyseni",
        "currentCrop": "pasture",
        "detailId": "KOS-MIT-000489"
      },
      "geometry": {
        "type": "Point",
        "coordinates": [
          20.805,
          42.756
        ]
      }
    },
    {
      "type": "Feature",
      "properties": {
        "id": "KOS-MIT-000490",
        "parcelId": "KOS-MIT-000490",
        "district": "Mitrovica",
        "municipality": "Mitrovica",
        "status": "Critical Alert",
        "color": "#c6473c",
        "isFarmland": false,
        "farmScore": 50,
        "harvestHealth": 49,
        "ownerId": "OWN-MIT-01",
        "owner": "Besim Tahiri",
        "currentCrop": "mixed",
        "detailId": "KOS-MIT-000490"
      },
      "geometry": {
        "type": "Point",
        "coordinates": [
          20.939,
          42.765
        ]
      }
    },
    {
      "type": "Feature",
      "properties": {
        "id": "KOS-MIT-000491",
        "parcelId": "KOS-MIT-000491",
        "district": "Mitrovica",
        "municipality": "Mitrovica",
        "status": "Watch",
        "color": "#d4a84f",
        "isFarmland": true,
        "farmScore": 53,
        "harvestHealth": 52,
        "ownerId": "OWN-MIT-01",
        "owner": "Besim Tahiri",
        "currentCrop": "pasture",
        "detailId": "KOS-MIT-000491"
      },
      "geometry": {
        "type": "Point",
        "coordinates": [
          20.961,
          42.755
        ]
      }
    },
    {
      "type": "Feature",
      "properties": {
        "id": "KOS-PRT-000492",
        "parcelId": "KOS-PRT-000492",
        "district": "Pristina",
        "municipality": "Pristina",
        "status": "Critical Alert",
        "color": "#c6473c",
        "isFarmland": false,
        "farmScore": 49,
        "harvestHealth": 47,
        "ownerId": "OWN-PRT-03",
        "owner": "Vesa Hoxha",
        "currentCrop": "pasture",
        "detailId": "KOS-PRT-000492"
      },
      "geometry": {
        "type": "Point",
        "coordinates": [
          21.148,
          42.744
        ]
      }
    },
    {
      "type": "Feature",
      "properties": {
        "id": "KOS-PRT-000493",
        "parcelId": "KOS-PRT-000493",
        "district": "Pristina",
        "municipality": "Pristina",
        "status": "Critical Alert",
        "color": "#c6473c",
        "isFarmland": false,
        "farmScore": 40,
        "harvestHealth": 46,
        "ownerId": "OWN-PRT-03",
        "owner": "Vesa Hoxha",
        "currentCrop": "mixed",
        "detailId": "KOS-PRT-000493"
      },
      "geometry": {
        "type": "Point",
        "coordinates": [
          21.191,
          42.752
        ]
      }
    },
    {
      "type": "Feature",
      "properties": {
        "id": "KOS-PRT-000495",
        "parcelId": "KOS-PRT-000495",
        "district": "Pristina",
        "municipality": "Pristina",
        "status": "Critical Alert",
        "color": "#c6473c",
        "isFarmland": false,
        "farmScore": 46,
        "harvestHealth": 45,
        "ownerId": "OWN-DRITA",
        "owner": "Drita Gashi",
        "currentCrop": "pasture",
        "detailId": "KOS-PRT-000495"
      },
      "geometry": {
        "type": "Point",
        "coordinates": [
          21.3,
          42.72
        ]
      }
    },
    {
      "type": "Feature",
      "properties": {
        "id": "KOS-PEJ-000516",
        "parcelId": "KOS-PEJ-000516",
        "district": "Peja",
        "municipality": "Peja",
        "status": "Critical Alert",
        "color": "#c6473c",
        "isFarmland": false,
        "farmScore": 47,
        "harvestHealth": 47,
        "ownerId": "OWN-PEJ-02",
        "owner": "Ilir Hoxha",
        "currentCrop": "pasture",
        "detailId": "KOS-PEJ-000516"
      },
      "geometry": {
        "type": "Point",
        "coordinates": [
          20.341,
          42.686
        ]
      }
    },
    {
      "type": "Feature",
      "properties": {
        "id": "KOS-MLS-000518",
        "parcelId": "KOS-MLS-000518",
        "district": "Malisheva",
        "municipality": "Malisheva",
        "status": "Critical Alert",
        "color": "#c6473c",
        "isFarmland": false,
        "farmScore": 52,
        "harvestHealth": 42,
        "ownerId": "OWN-AGIM",
        "owner": "Agim Berisha",
        "currentCrop": "fallow",
        "detailId": "KOS-MLS-000518"
      },
      "geometry": {
        "type": "Point",
        "coordinates": [
          20.652,
          42.666
        ]
      }
    },
    {
      "type": "Feature",
      "properties": {
        "id": "KOS-MIT-000522",
        "parcelId": "KOS-MIT-000522",
        "district": "Mitrovica",
        "municipality": "Mitrovica",
        "status": "Critical Alert",
        "color": "#c6473c",
        "isFarmland": false,
        "farmScore": 46,
        "harvestHealth": 41,
        "ownerId": "OWN-MIT-01",
        "owner": "Besim Tahiri",
        "currentCrop": "mixed",
        "detailId": "KOS-MIT-000522"
      },
      "geometry": {
        "type": "Point",
        "coordinates": [
          20.914,
          42.698
        ]
      }
    },
    {
      "type": "Feature",
      "properties": {
        "id": "KOS-PRT-000523",
        "parcelId": "KOS-PRT-000523",
        "district": "Pristina",
        "municipality": "Pristina",
        "status": "Critical Alert",
        "color": "#c6473c",
        "isFarmland": true,
        "farmScore": 49,
        "harvestHealth": 44,
        "ownerId": "OWN-PRT-02",
        "owner": "Mentor Shala",
        "currentCrop": "corn",
        "detailId": "KOS-PRT-000523"
      },
      "geometry": {
        "type": "Point",
        "coordinates": [
          21.057,
          42.718
        ]
      }
    },
    {
      "type": "Feature",
      "properties": {
        "id": "KOS-GJN-000524",
        "parcelId": "KOS-GJN-000524",
        "district": "Gjilan",
        "municipality": "Gjilan",
        "status": "Critical Alert",
        "color": "#c6473c",
        "isFarmland": true,
        "farmScore": 48,
        "harvestHealth": 43,
        "ownerId": "OWN-GJN-02",
        "owner": "Shpresa Halimi",
        "currentCrop": "potato",
        "detailId": "KOS-GJN-000524"
      },
      "geometry": {
        "type": "Point",
        "coordinates": [
          21.508,
          42.726
        ]
      }
    },
    {
      "type": "Feature",
      "properties": {
        "id": "KOS-GJN-000525",
        "parcelId": "KOS-GJN-000525",
        "district": "Gjilan",
        "municipality": "Gjilan",
        "status": "Critical Alert",
        "color": "#c6473c",
        "isFarmland": false,
        "farmScore": 46,
        "harvestHealth": 37,
        "ownerId": "OWN-GJN-02",
        "owner": "Shpresa Halimi",
        "currentCrop": "pasture",
        "detailId": "KOS-GJN-000525"
      },
      "geometry": {
        "type": "Point",
        "coordinates": [
          21.532,
          42.724
        ]
      }
    },
    {
      "type": "Feature",
      "properties": {
        "id": "KOS-PEJ-000533",
        "parcelId": "KOS-PEJ-000533",
        "district": "Peja",
        "municipality": "Peja",
        "status": "Critical Alert",
        "color": "#c6473c",
        "isFarmland": false,
        "farmScore": 38,
        "harvestHealth": 43,
        "ownerId": "OWN-PEJ-02",
        "owner": "Ilir Hoxha",
        "currentCrop": "fallow",
        "detailId": "KOS-PEJ-000533"
      },
      "geometry": {
        "type": "Point",
        "coordinates": [
          20.081,
          42.697
        ]
      }
    },
    {
      "type": "Feature",
      "properties": {
        "id": "KOS-PEJ-000535",
        "parcelId": "KOS-PEJ-000535",
        "district": "Peja",
        "municipality": "Peja",
        "status": "Critical Alert",
        "color": "#c6473c",
        "isFarmland": true,
        "farmScore": 39,
        "harvestHealth": 38,
        "ownerId": "OWN-PEJ-02",
        "owner": "Ilir Hoxha",
        "currentCrop": "wheat",
        "detailId": "KOS-PEJ-000535"
      },
      "geometry": {
        "type": "Point",
        "coordinates": [
          20.373,
          42.691
        ]
      }
    },
    {
      "type": "Feature",
      "properties": {
        "id": "KOS-PEJ-000537",
        "parcelId": "KOS-PEJ-000537",
        "district": "Peja",
        "municipality": "Peja",
        "status": "Critical Alert",
        "color": "#c6473c",
        "isFarmland": true,
        "farmScore": 51,
        "harvestHealth": 43,
        "ownerId": "OWN-BLERIM",
        "owner": "Blerim Musliu",
        "currentCrop": "vineyard",
        "detailId": "KOS-PEJ-000537"
      },
      "geometry": {
        "type": "Point",
        "coordinates": [
          20.555,
          42.681
        ]
      }
    },
    {
      "type": "Feature",
      "properties": {
        "id": "KOS-PRT-000543",
        "parcelId": "KOS-PRT-000543",
        "district": "Pristina",
        "municipality": "Pristina",
        "status": "Watch",
        "color": "#d4a84f",
        "isFarmland": true,
        "farmScore": 41,
        "harvestHealth": 50,
        "ownerId": "OWN-PRT-03",
        "owner": "Vesa Hoxha",
        "currentCrop": "beans",
        "detailId": "KOS-PRT-000543"
      },
      "geometry": {
        "type": "Point",
        "coordinates": [
          21.146,
          42.687
        ]
      }
    },
    {
      "type": "Feature",
      "properties": {
        "id": "KOS-MIT-000552",
        "parcelId": "KOS-MIT-000552",
        "district": "Mitrovica",
        "municipality": "Mitrovica",
        "status": "Critical Alert",
        "color": "#c6473c",
        "isFarmland": true,
        "farmScore": 46,
        "harvestHealth": 48,
        "ownerId": "OWN-MIT-01",
        "owner": "Besim Tahiri",
        "currentCrop": "wheat",
        "detailId": "KOS-MIT-000552"
      },
      "geometry": {
        "type": "Point",
        "coordinates": [
          20.912,
          42.692
        ]
      }
    },
    {
      "type": "Feature",
      "properties": {
        "id": "KOS-MIT-000553",
        "parcelId": "KOS-MIT-000553",
        "district": "Mitrovica",
        "municipality": "Mitrovica",
        "status": "Critical Alert",
        "color": "#c6473c",
        "isFarmland": true,
        "farmScore": 48,
        "harvestHealth": 42,
        "ownerId": "OWN-MIT-02",
        "owner": "Valon Hyseni",
        "currentCrop": "potato",
        "detailId": "KOS-MIT-000553"
      },
      "geometry": {
        "type": "Point",
        "coordinates": [
          20.948,
          42.695
        ]
      }
    },
    {
      "type": "Feature",
      "properties": {
        "id": "KOS-PRT-000554",
        "parcelId": "KOS-PRT-000554",
        "district": "Pristina",
        "municipality": "Pristina",
        "status": "Critical Alert",
        "color": "#c6473c",
        "isFarmland": false,
        "farmScore": 48,
        "harvestHealth": 48,
        "ownerId": "OWN-PRT-02",
        "owner": "Mentor Shala",
        "currentCrop": "pasture",
        "detailId": "KOS-PRT-000554"
      },
      "geometry": {
        "type": "Point",
        "coordinates": [
          20.999,
          42.689
        ]
      }
    },
    {
      "type": "Feature",
      "properties": {
        "id": "KOS-PRT-000555",
        "parcelId": "KOS-PRT-000555",
        "district": "Pristina",
        "municipality": "Pristina",
        "status": "Critical Alert",
        "color": "#c6473c",
        "isFarmland": false,
        "farmScore": 42,
        "harvestHealth": 39,
        "ownerId": "OWN-DRITA",
        "owner": "Drita Gashi",
        "currentCrop": "fallow",
        "detailId": "KOS-PRT-000555"
      },
      "geometry": {
        "type": "Point",
        "coordinates": [
          21.055,
          42.631
        ]
      }
    },
    {
      "type": "Feature",
      "properties": {
        "id": "KOS-PRT-000556",
        "parcelId": "KOS-PRT-000556",
        "district": "Pristina",
        "municipality": "Pristina",
        "status": "Critical Alert",
        "color": "#c6473c",
        "isFarmland": false,
        "farmScore": 48,
        "harvestHealth": 41,
        "ownerId": "OWN-PRT-03",
        "owner": "Vesa Hoxha",
        "currentCrop": "pasture",
        "detailId": "KOS-PRT-000556"
      },
      "geometry": {
        "type": "Point",
        "coordinates": [
          21.25,
          42.625
        ]
      }
    },
    {
      "type": "Feature",
      "properties": {
        "id": "KOS-GJN-000557",
        "parcelId": "KOS-GJN-000557",
        "district": "Gjilan",
        "municipality": "Gjilan",
        "status": "Critical Alert",
        "color": "#c6473c",
        "isFarmland": false,
        "farmScore": 50,
        "harvestHealth": 44,
        "ownerId": "OWN-GJN-02",
        "owner": "Shpresa Halimi",
        "currentCrop": "fallow",
        "detailId": "KOS-GJN-000557"
      },
      "geometry": {
        "type": "Point",
        "coordinates": [
          21.397,
          42.627
        ]
      }
    },
    {
      "type": "Feature",
      "properties": {
        "id": "KOS-GJN-000558",
        "parcelId": "KOS-GJN-000558",
        "district": "Gjilan",
        "municipality": "Gjilan",
        "status": "Critical Alert",
        "color": "#c6473c",
        "isFarmland": false,
        "farmScore": 42,
        "harvestHealth": 47,
        "ownerId": "OWN-GJN-02",
        "owner": "Shpresa Halimi",
        "currentCrop": "pasture",
        "detailId": "KOS-GJN-000558"
      },
      "geometry": {
        "type": "Point",
        "coordinates": [
          21.468,
          42.633
        ]
      }
    },
    {
      "type": "Feature",
      "properties": {
        "id": "KOS-GJN-000559",
        "parcelId": "KOS-GJN-000559",
        "district": "Gjilan",
        "municipality": "Gjilan",
        "status": "Critical Alert",
        "color": "#c6473c",
        "isFarmland": true,
        "farmScore": 42,
        "harvestHealth": 38,
        "ownerId": "OWN-GJN-02",
        "owner": "Shpresa Halimi",
        "currentCrop": "orchard",
        "detailId": "KOS-GJN-000559"
      },
      "geometry": {
        "type": "Point",
        "coordinates": [
          21.539,
          42.68
        ]
      }
    },
    {
      "type": "Feature",
      "properties": {
        "id": "KOS-PEJ-000565",
        "parcelId": "KOS-PEJ-000565",
        "district": "Peja",
        "municipality": "Peja",
        "status": "Critical Alert",
        "color": "#c6473c",
        "isFarmland": true,
        "farmScore": 42,
        "harvestHealth": 47,
        "ownerId": "OWN-PEJ-02",
        "owner": "Ilir Hoxha",
        "currentCrop": "pasture",
        "detailId": "KOS-PEJ-000565"
      },
      "geometry": {
        "type": "Point",
        "coordinates": [
          20.316,
          42.673
        ]
      }
    },
    {
      "type": "Feature",
      "properties": {
        "id": "KOS-MLS-000567",
        "parcelId": "KOS-MLS-000567",
        "district": "Malisheva",
        "municipality": "Malisheva",
        "status": "Critical Alert",
        "color": "#c6473c",
        "isFarmland": true,
        "farmScore": 57,
        "harvestHealth": 42,
        "ownerId": "OWN-AGIM",
        "owner": "Agim Berisha",
        "currentCrop": "orchard",
        "detailId": "KOS-MLS-000567"
      },
      "geometry": {
        "type": "Point",
        "coordinates": [
          20.57,
          42.673
        ]
      }
    },
    {
      "type": "Feature",
      "properties": {
        "id": "KOS-PRT-000571",
        "parcelId": "KOS-PRT-000571",
        "district": "Pristina",
        "municipality": "Pristina",
        "status": "Critical Alert",
        "color": "#c6473c",
        "isFarmland": false,
        "farmScore": 44,
        "harvestHealth": 42,
        "ownerId": "OWN-PRT-02",
        "owner": "Mentor Shala",
        "currentCrop": "pasture",
        "detailId": "KOS-PRT-000571"
      },
      "geometry": {
        "type": "Point",
        "coordinates": [
          20.981,
          42.671
        ]
      }
    },
    {
      "type": "Feature",
      "properties": {
        "id": "KOS-PRT-000572",
        "parcelId": "KOS-PRT-000572",
        "district": "Pristina",
        "municipality": "Pristina",
        "status": "Critical Alert",
        "color": "#c6473c",
        "isFarmland": true,
        "farmScore": 48,
        "harvestHealth": 47,
        "ownerId": "OWN-PRT-03",
        "owner": "Vesa Hoxha",
        "currentCrop": "wheat",
        "detailId": "KOS-PRT-000572"
      },
      "geometry": {
        "type": "Point",
        "coordinates": [
          21.152,
          42.678
        ]
      }
    },
    {
      "type": "Feature",
      "properties": {
        "id": "KOS-GJN-000583",
        "parcelId": "KOS-GJN-000583",
        "district": "Gjilan",
        "municipality": "Gjilan",
        "status": "Critical Alert",
        "color": "#c6473c",
        "isFarmland": true,
        "farmScore": 53,
        "harvestHealth": 46,
        "ownerId": "OWN-GJN-01",
        "owner": "Driton Morina",
        "currentCrop": "barley",
        "detailId": "KOS-GJN-000583"
      },
      "geometry": {
        "type": "Point",
        "coordinates": [
          21.573,
          42.651
        ]
      }
    },
    {
      "type": "Feature",
      "properties": {
        "id": "KOS-PEJ-000592",
        "parcelId": "KOS-PEJ-000592",
        "district": "Peja",
        "municipality": "Peja",
        "status": "Critical Alert",
        "color": "#c6473c",
        "isFarmland": true,
        "farmScore": 48,
        "harvestHealth": 42,
        "ownerId": "OWN-BLERIM",
        "owner": "Blerim Musliu",
        "currentCrop": "vegetables",
        "detailId": "KOS-PEJ-000592"
      },
      "geometry": {
        "type": "Point",
        "coordinates": [
          20.452,
          42.608
        ]
      }
    },
    {
      "type": "Feature",
      "properties": {
        "id": "KOS-PEJ-000593",
        "parcelId": "KOS-PEJ-000593",
        "district": "Peja",
        "municipality": "Peja",
        "status": "Critical Alert",
        "color": "#c6473c",
        "isFarmland": false,
        "farmScore": 54,
        "harvestHealth": 45,
        "ownerId": "OWN-BLERIM",
        "owner": "Blerim Musliu",
        "currentCrop": "pasture",
        "detailId": "KOS-PEJ-000593"
      },
      "geometry": {
        "type": "Point",
        "coordinates": [
          20.539,
          42.637
        ]
      }
    },
    {
      "type": "Feature",
      "properties": {
        "id": "KOS-MLS-000596",
        "parcelId": "KOS-MLS-000596",
        "district": "Malisheva",
        "municipality": "Malisheva",
        "status": "Critical Alert",
        "color": "#c6473c",
        "isFarmland": false,
        "farmScore": 45,
        "harvestHealth": 34,
        "ownerId": "OWN-AGIM",
        "owner": "Agim Berisha",
        "currentCrop": "pasture",
        "detailId": "KOS-MLS-000596"
      },
      "geometry": {
        "type": "Point",
        "coordinates": [
          20.897,
          42.593
        ]
      }
    },
    {
      "type": "Feature",
      "properties": {
        "id": "KOS-PRT-000598",
        "parcelId": "KOS-PRT-000598",
        "district": "Pristina",
        "municipality": "Pristina",
        "status": "Critical Alert",
        "color": "#c6473c",
        "isFarmland": true,
        "farmScore": 47,
        "harvestHealth": 37,
        "ownerId": "OWN-PRT-03",
        "owner": "Vesa Hoxha",
        "currentCrop": "beans",
        "detailId": "KOS-PRT-000598"
      },
      "geometry": {
        "type": "Point",
        "coordinates": [
          21.148,
          42.613
        ]
      }
    },
    {
      "type": "Feature",
      "properties": {
        "id": "KOS-MLS-000609",
        "parcelId": "KOS-MLS-000609",
        "district": "Malisheva",
        "municipality": "Malisheva",
        "status": "Critical Alert",
        "color": "#c6473c",
        "isFarmland": true,
        "farmScore": 47,
        "harvestHealth": 47,
        "ownerId": "OWN-AGIM",
        "owner": "Agim Berisha",
        "currentCrop": "corn",
        "detailId": "KOS-MLS-000609"
      },
      "geometry": {
        "type": "Point",
        "coordinates": [
          20.565,
          42.621
        ]
      }
    },
    {
      "type": "Feature",
      "properties": {
        "id": "KOS-MLS-000610",
        "parcelId": "KOS-MLS-000610",
        "district": "Malisheva",
        "municipality": "Malisheva",
        "status": "Critical Alert",
        "color": "#c6473c",
        "isFarmland": false,
        "farmScore": 52,
        "harvestHealth": 37,
        "ownerId": "OWN-AGIM",
        "owner": "Agim Berisha",
        "currentCrop": "pasture",
        "detailId": "KOS-MLS-000610"
      },
      "geometry": {
        "type": "Point",
        "coordinates": [
          20.716,
          42.623
        ]
      }
    },
    {
      "type": "Feature",
      "properties": {
        "id": "KOS-MLS-000611",
        "parcelId": "KOS-MLS-000611",
        "district": "Malisheva",
        "municipality": "Malisheva",
        "status": "Critical Alert",
        "color": "#c6473c",
        "isFarmland": false,
        "farmScore": 53,
        "harvestHealth": 47,
        "ownerId": "OWN-AGIM",
        "owner": "Agim Berisha",
        "currentCrop": "pasture",
        "detailId": "KOS-MLS-000611"
      },
      "geometry": {
        "type": "Point",
        "coordinates": [
          20.774,
          42.595
        ]
      }
    },
    {
      "type": "Feature",
      "properties": {
        "id": "KOS-MLS-000612",
        "parcelId": "KOS-MLS-000612",
        "district": "Malisheva",
        "municipality": "Malisheva",
        "status": "Critical Alert",
        "color": "#c6473c",
        "isFarmland": true,
        "farmScore": 51,
        "harvestHealth": 44,
        "ownerId": "OWN-PRZ-02",
        "owner": "Arben Krasniqi",
        "currentCrop": "barley",
        "detailId": "KOS-MLS-000612"
      },
      "geometry": {
        "type": "Point",
        "coordinates": [
          20.92,
          42.603
        ]
      }
    },
    {
      "type": "Feature",
      "properties": {
        "id": "KOS-LPJ-000613",
        "parcelId": "KOS-LPJ-000613",
        "district": "Lipjan",
        "municipality": "Lipjan",
        "status": "Critical Alert",
        "color": "#c6473c",
        "isFarmland": true,
        "farmScore": 47,
        "harvestHealth": 40,
        "ownerId": "OWN-AGIM",
        "owner": "Agim Berisha",
        "currentCrop": "corn",
        "detailId": "KOS-LPJ-000613"
      },
      "geometry": {
        "type": "Point",
        "coordinates": [
          21.049,
          42.617
        ]
      }
    },
    {
      "type": "Feature",
      "properties": {
        "id": "KOS-PRT-000614",
        "parcelId": "KOS-PRT-000614",
        "district": "Pristina",
        "municipality": "Pristina",
        "status": "Critical Alert",
        "color": "#c6473c",
        "isFarmland": false,
        "farmScore": 42,
        "harvestHealth": 41,
        "ownerId": "OWN-PRT-03",
        "owner": "Vesa Hoxha",
        "currentCrop": "fallow",
        "detailId": "KOS-PRT-000614"
      },
      "geometry": {
        "type": "Point",
        "coordinates": [
          21.086,
          42.615
        ]
      }
    },
    {
      "type": "Feature",
      "properties": {
        "id": "KOS-PRT-000615",
        "parcelId": "KOS-PRT-000615",
        "district": "Pristina",
        "municipality": "Pristina",
        "status": "Critical Alert",
        "color": "#c6473c",
        "isFarmland": true,
        "farmScore": 40,
        "harvestHealth": 41,
        "ownerId": "OWN-DRITA",
        "owner": "Drita Gashi",
        "currentCrop": "pasture",
        "detailId": "KOS-PRT-000615"
      },
      "geometry": {
        "type": "Point",
        "coordinates": [
          21.195,
          42.61
        ]
      }
    },
    {
      "type": "Feature",
      "properties": {
        "id": "KOS-PRT-000616",
        "parcelId": "KOS-PRT-000616",
        "district": "Pristina",
        "municipality": "Pristina",
        "status": "Watch",
        "color": "#d4a84f",
        "isFarmland": false,
        "farmScore": 39,
        "harvestHealth": 50,
        "ownerId": "OWN-PRT-03",
        "owner": "Vesa Hoxha",
        "currentCrop": "mixed",
        "detailId": "KOS-PRT-000616"
      },
      "geometry": {
        "type": "Point",
        "coordinates": [
          21.267,
          42.584
        ]
      }
    },
    {
      "type": "Feature",
      "properties": {
        "id": "KOS-PRT-000617",
        "parcelId": "KOS-PRT-000617",
        "district": "Pristina",
        "municipality": "Pristina",
        "status": "Watch",
        "color": "#d4a84f",
        "isFarmland": false,
        "farmScore": 39,
        "harvestHealth": 50,
        "ownerId": "OWN-DRITA",
        "owner": "Drita Gashi",
        "currentCrop": "pasture",
        "detailId": "KOS-PRT-000617"
      },
      "geometry": {
        "type": "Point",
        "coordinates": [
          21.294,
          42.609
        ]
      }
    },
    {
      "type": "Feature",
      "properties": {
        "id": "KOS-GJN-000618",
        "parcelId": "KOS-GJN-000618",
        "district": "Gjilan",
        "municipality": "Gjilan",
        "status": "Critical Alert",
        "color": "#c6473c",
        "isFarmland": false,
        "farmScore": 41,
        "harvestHealth": 39,
        "ownerId": "OWN-GJN-01",
        "owner": "Driton Morina",
        "currentCrop": "fallow",
        "detailId": "KOS-GJN-000618"
      },
      "geometry": {
        "type": "Point",
        "coordinates": [
          21.397,
          42.619
        ]
      }
    },
    {
      "type": "Feature",
      "properties": {
        "id": "KOS-GJN-000619",
        "parcelId": "KOS-GJN-000619",
        "district": "Gjilan",
        "municipality": "Gjilan",
        "status": "Critical Alert",
        "color": "#c6473c",
        "isFarmland": false,
        "farmScore": 47,
        "harvestHealth": 46,
        "ownerId": "OWN-GJN-01",
        "owner": "Driton Morina",
        "currentCrop": "fallow",
        "detailId": "KOS-GJN-000619"
      },
      "geometry": {
        "type": "Point",
        "coordinates": [
          21.469,
          42.607
        ]
      }
    },
    {
      "type": "Feature",
      "properties": {
        "id": "KOS-PEJ-000626",
        "parcelId": "KOS-PEJ-000626",
        "district": "Peja",
        "municipality": "Peja",
        "status": "Critical Alert",
        "color": "#c6473c",
        "isFarmland": true,
        "farmScore": 43,
        "harvestHealth": 42,
        "ownerId": "OWN-PEJ-02",
        "owner": "Ilir Hoxha",
        "currentCrop": "beans",
        "detailId": "KOS-PEJ-000626"
      },
      "geometry": {
        "type": "Point",
        "coordinates": [
          20.449,
          42.605
        ]
      }
    },
    {
      "type": "Feature",
      "properties": {
        "id": "KOS-MLS-000629",
        "parcelId": "KOS-MLS-000629",
        "district": "Malisheva",
        "municipality": "Malisheva",
        "status": "Critical Alert",
        "color": "#c6473c",
        "isFarmland": true,
        "farmScore": 56,
        "harvestHealth": 41,
        "ownerId": "OWN-PRZ-03",
        "owner": "Lirije Gashi",
        "currentCrop": "orchard",
        "detailId": "KOS-MLS-000629"
      },
      "geometry": {
        "type": "Point",
        "coordinates": [
          20.749,
          42.604
        ]
      }
    },
    {
      "type": "Feature",
      "properties": {
        "id": "KOS-LPJ-000630",
        "parcelId": "KOS-LPJ-000630",
        "district": "Lipjan",
        "municipality": "Lipjan",
        "status": "Critical Alert",
        "color": "#c6473c",
        "isFarmland": false,
        "farmScore": 40,
        "harvestHealth": 34,
        "ownerId": "OWN-PRZ-02",
        "owner": "Arben Krasniqi",
        "currentCrop": "pasture",
        "detailId": "KOS-LPJ-000630"
      },
      "geometry": {
        "type": "Point",
        "coordinates": [
          21.008,
          42.591
        ]
      }
    },
    {
      "type": "Feature",
      "properties": {
        "id": "KOS-LPJ-000631",
        "parcelId": "KOS-LPJ-000631",
        "district": "Lipjan",
        "municipality": "Lipjan",
        "status": "Critical Alert",
        "color": "#c6473c",
        "isFarmland": true,
        "farmScore": 42,
        "harvestHealth": 44,
        "ownerId": "OWN-PRZ-02",
        "owner": "Arben Krasniqi",
        "currentCrop": "vineyard",
        "detailId": "KOS-LPJ-000631"
      },
      "geometry": {
        "type": "Point",
        "coordinates": [
          21.099,
          42.592
        ]
      }
    },
    {
      "type": "Feature",
      "properties": {
        "id": "KOS-GJN-000632",
        "parcelId": "KOS-GJN-000632",
        "district": "Gjilan",
        "municipality": "Gjilan",
        "status": "Critical Alert",
        "color": "#c6473c",
        "isFarmland": true,
        "farmScore": 48,
        "harvestHealth": 47,
        "ownerId": "OWN-GJN-01",
        "owner": "Driton Morina",
        "currentCrop": "beans",
        "detailId": "KOS-GJN-000632"
      },
      "geometry": {
        "type": "Point",
        "coordinates": [
          21.365,
          42.591
        ]
      }
    },
    {
      "type": "Feature",
      "properties": {
        "id": "KOS-GJN-000633",
        "parcelId": "KOS-GJN-000633",
        "district": "Gjilan",
        "municipality": "Gjilan",
        "status": "Critical Alert",
        "color": "#c6473c",
        "isFarmland": false,
        "farmScore": 50,
        "harvestHealth": 46,
        "ownerId": "OWN-GJN-02",
        "owner": "Shpresa Halimi",
        "currentCrop": "pasture",
        "detailId": "KOS-GJN-000633"
      },
      "geometry": {
        "type": "Point",
        "coordinates": [
          21.498,
          42.579
        ]
      }
    },
    {
      "type": "Feature",
      "properties": {
        "id": "KOS-GJN-000634",
        "parcelId": "KOS-GJN-000634",
        "district": "Gjilan",
        "municipality": "Gjilan",
        "status": "Watch",
        "color": "#d4a84f",
        "isFarmland": false,
        "farmScore": 45,
        "harvestHealth": 51,
        "ownerId": "OWN-GJN-01",
        "owner": "Driton Morina",
        "currentCrop": "mixed",
        "detailId": "KOS-GJN-000634"
      },
      "geometry": {
        "type": "Point",
        "coordinates": [
          21.525,
          42.581
        ]
      }
    },
    {
      "type": "Feature",
      "properties": {
        "id": "KOS-MLS-000646",
        "parcelId": "KOS-MLS-000646",
        "district": "Malisheva",
        "municipality": "Malisheva",
        "status": "Critical Alert",
        "color": "#c6473c",
        "isFarmland": false,
        "farmScore": 52,
        "harvestHealth": 49,
        "ownerId": "OWN-AGIM",
        "owner": "Agim Berisha",
        "currentCrop": "pasture",
        "detailId": "KOS-MLS-000646"
      },
      "geometry": {
        "type": "Point",
        "coordinates": [
          20.549,
          42.58
        ]
      }
    },
    {
      "type": "Feature",
      "properties": {
        "id": "KOS-MLS-000648",
        "parcelId": "KOS-MLS-000648",
        "district": "Malisheva",
        "municipality": "Malisheva",
        "status": "Critical Alert",
        "color": "#c6473c",
        "isFarmland": true,
        "farmScore": 55,
        "harvestHealth": 36,
        "ownerId": "OWN-AGIM",
        "owner": "Agim Berisha",
        "currentCrop": "wheat",
        "detailId": "KOS-MLS-000648"
      },
      "geometry": {
        "type": "Point",
        "coordinates": [
          20.81,
          42.553
        ]
      }
    },
    {
      "type": "Feature",
      "properties": {
        "id": "KOS-MLS-000649",
        "parcelId": "KOS-MLS-000649",
        "district": "Malisheva",
        "municipality": "Malisheva",
        "status": "Critical Alert",
        "color": "#c6473c",
        "isFarmland": true,
        "farmScore": 45,
        "harvestHealth": 37,
        "ownerId": "OWN-PRZ-03",
        "owner": "Lirije Gashi",
        "currentCrop": "corn",
        "detailId": "KOS-MLS-000649"
      },
      "geometry": {
        "type": "Point",
        "coordinates": [
          20.902,
          42.585
        ]
      }
    },
    {
      "type": "Feature",
      "properties": {
        "id": "KOS-LPJ-000650",
        "parcelId": "KOS-LPJ-000650",
        "district": "Lipjan",
        "municipality": "Lipjan",
        "status": "Critical Alert",
        "color": "#c6473c",
        "isFarmland": false,
        "farmScore": 46,
        "harvestHealth": 42,
        "ownerId": "OWN-PRZ-03",
        "owner": "Lirije Gashi",
        "currentCrop": "pasture",
        "detailId": "KOS-LPJ-000650"
      },
      "geometry": {
        "type": "Point",
        "coordinates": [
          21.017,
          42.552
        ]
      }
    },
    {
      "type": "Feature",
      "properties": {
        "id": "KOS-LPJ-000651",
        "parcelId": "KOS-LPJ-000651",
        "district": "Lipjan",
        "municipality": "Lipjan",
        "status": "Critical Alert",
        "color": "#c6473c",
        "isFarmland": true,
        "farmScore": 45,
        "harvestHealth": 38,
        "ownerId": "OWN-AGIM",
        "owner": "Agim Berisha",
        "currentCrop": "barley",
        "detailId": "KOS-LPJ-000651"
      },
      "geometry": {
        "type": "Point",
        "coordinates": [
          21.068,
          42.576
        ]
      }
    },
    {
      "type": "Feature",
      "properties": {
        "id": "KOS-LPJ-000652",
        "parcelId": "KOS-LPJ-000652",
        "district": "Lipjan",
        "municipality": "Lipjan",
        "status": "Critical Alert",
        "color": "#c6473c",
        "isFarmland": false,
        "farmScore": 48,
        "harvestHealth": 44,
        "ownerId": "OWN-PRZ-03",
        "owner": "Lirije Gashi",
        "currentCrop": "pasture",
        "detailId": "KOS-LPJ-000652"
      },
      "geometry": {
        "type": "Point",
        "coordinates": [
          21.216,
          42.57
        ]
      }
    },
    {
      "type": "Feature",
      "properties": {
        "id": "KOS-GJN-000653",
        "parcelId": "KOS-GJN-000653",
        "district": "Gjilan",
        "municipality": "Gjilan",
        "status": "Critical Alert",
        "color": "#c6473c",
        "isFarmland": false,
        "farmScore": 45,
        "harvestHealth": 45,
        "ownerId": "OWN-GJN-01",
        "owner": "Driton Morina",
        "currentCrop": "pasture",
        "detailId": "KOS-GJN-000653"
      },
      "geometry": {
        "type": "Point",
        "coordinates": [
          21.36,
          42.58
        ]
      }
    },
    {
      "type": "Feature",
      "properties": {
        "id": "KOS-GJN-000654",
        "parcelId": "KOS-GJN-000654",
        "district": "Gjilan",
        "municipality": "Gjilan",
        "status": "Critical Alert",
        "color": "#c6473c",
        "isFarmland": false,
        "farmScore": 51,
        "harvestHealth": 48,
        "ownerId": "OWN-GJN-02",
        "owner": "Shpresa Halimi",
        "currentCrop": "pasture",
        "detailId": "KOS-GJN-000654"
      },
      "geometry": {
        "type": "Point",
        "coordinates": [
          21.401,
          42.573
        ]
      }
    },
    {
      "type": "Feature",
      "properties": {
        "id": "KOS-GJN-000655",
        "parcelId": "KOS-GJN-000655",
        "district": "Gjilan",
        "municipality": "Gjilan",
        "status": "Critical Alert",
        "color": "#c6473c",
        "isFarmland": true,
        "farmScore": 54,
        "harvestHealth": 48,
        "ownerId": "OWN-GJN-02",
        "owner": "Shpresa Halimi",
        "currentCrop": "corn",
        "detailId": "KOS-GJN-000655"
      },
      "geometry": {
        "type": "Point",
        "coordinates": [
          21.465,
          42.58
        ]
      }
    },
    {
      "type": "Feature",
      "properties": {
        "id": "KOS-GJN-000656",
        "parcelId": "KOS-GJN-000656",
        "district": "Gjilan",
        "municipality": "Gjilan",
        "status": "Critical Alert",
        "color": "#c6473c",
        "isFarmland": false,
        "farmScore": 48,
        "harvestHealth": 39,
        "ownerId": "OWN-GJN-02",
        "owner": "Shpresa Halimi",
        "currentCrop": "fallow",
        "detailId": "KOS-GJN-000656"
      },
      "geometry": {
        "type": "Point",
        "coordinates": [
          21.613,
          42.561
        ]
      }
    },
    {
      "type": "Feature",
      "properties": {
        "id": "KOS-GJK-000663",
        "parcelId": "KOS-GJK-000663",
        "district": "Gjakova",
        "municipality": "Gjakova",
        "status": "Critical Alert",
        "color": "#c6473c",
        "isFarmland": false,
        "farmScore": 47,
        "harvestHealth": 43,
        "ownerId": "OWN-GJK-01",
        "owner": "Blerina Gashi",
        "currentCrop": "pasture",
        "detailId": "KOS-GJK-000663"
      },
      "geometry": {
        "type": "Point",
        "coordinates": [
          20.546,
          42.548
        ]
      }
    },
    {
      "type": "Feature",
      "properties": {
        "id": "KOS-MLS-000665",
        "parcelId": "KOS-MLS-000665",
        "district": "Malisheva",
        "municipality": "Malisheva",
        "status": "Critical Alert",
        "color": "#c6473c",
        "isFarmland": false,
        "farmScore": 53,
        "harvestHealth": 41,
        "ownerId": "OWN-AGIM",
        "owner": "Agim Berisha",
        "currentCrop": "pasture",
        "detailId": "KOS-MLS-000665"
      },
      "geometry": {
        "type": "Point",
        "coordinates": [
          20.831,
          42.556
        ]
      }
    },
    {
      "type": "Feature",
      "properties": {
        "id": "KOS-LPJ-000666",
        "parcelId": "KOS-LPJ-000666",
        "district": "Lipjan",
        "municipality": "Lipjan",
        "status": "Critical Alert",
        "color": "#c6473c",
        "isFarmland": true,
        "farmScore": 39,
        "harvestHealth": 40,
        "ownerId": "OWN-PRZ-02",
        "owner": "Arben Krasniqi",
        "currentCrop": "orchard",
        "detailId": "KOS-LPJ-000666"
      },
      "geometry": {
        "type": "Point",
        "coordinates": [
          21.09,
          42.561
        ]
      }
    },
    {
      "type": "Feature",
      "properties": {
        "id": "KOS-LPJ-000667",
        "parcelId": "KOS-LPJ-000667",
        "district": "Lipjan",
        "municipality": "Lipjan",
        "status": "Critical Alert",
        "color": "#c6473c",
        "isFarmland": false,
        "farmScore": 44,
        "harvestHealth": 39,
        "ownerId": "OWN-AGIM",
        "owner": "Agim Berisha",
        "currentCrop": "mixed",
        "detailId": "KOS-LPJ-000667"
      },
      "geometry": {
        "type": "Point",
        "coordinates": [
          21.139,
          42.549
        ]
      }
    },
    {
      "type": "Feature",
      "properties": {
        "id": "KOS-LPJ-000668",
        "parcelId": "KOS-LPJ-000668",
        "district": "Lipjan",
        "municipality": "Lipjan",
        "status": "Critical Alert",
        "color": "#c6473c",
        "isFarmland": true,
        "farmScore": 43,
        "harvestHealth": 49,
        "ownerId": "OWN-PRZ-03",
        "owner": "Lirije Gashi",
        "currentCrop": "corn",
        "detailId": "KOS-LPJ-000668"
      },
      "geometry": {
        "type": "Point",
        "coordinates": [
          21.245,
          42.554
        ]
      }
    },
    {
      "type": "Feature",
      "properties": {
        "id": "KOS-PEJ-000679",
        "parcelId": "KOS-PEJ-000679",
        "district": "Peja",
        "municipality": "Peja",
        "status": "Critical Alert",
        "color": "#c6473c",
        "isFarmland": false,
        "farmScore": 41,
        "harvestHealth": 41,
        "ownerId": "OWN-BLERIM",
        "owner": "Blerim Musliu",
        "currentCrop": "pasture",
        "detailId": "KOS-PEJ-000679"
      },
      "geometry": {
        "type": "Point",
        "coordinates": [
          20.27,
          42.546
        ]
      }
    },
    {
      "type": "Feature",
      "properties": {
        "id": "KOS-GJK-000680",
        "parcelId": "KOS-GJK-000680",
        "district": "Gjakova",
        "municipality": "Gjakova",
        "status": "Watch",
        "color": "#d4a84f",
        "isFarmland": true,
        "farmScore": 53,
        "harvestHealth": 51,
        "ownerId": "OWN-GJK-01",
        "owner": "Blerina Gashi",
        "currentCrop": "barley",
        "detailId": "KOS-GJK-000680"
      },
      "geometry": {
        "type": "Point",
        "coordinates": [
          20.414,
          42.535
        ]
      }
    },
    {
      "type": "Feature",
      "properties": {
        "id": "KOS-MLS-000681",
        "parcelId": "KOS-MLS-000681",
        "district": "Malisheva",
        "municipality": "Malisheva",
        "status": "Critical Alert",
        "color": "#c6473c",
        "isFarmland": true,
        "farmScore": 56,
        "harvestHealth": 47,
        "ownerId": "OWN-PRZ-02",
        "owner": "Arben Krasniqi",
        "currentCrop": "barley",
        "detailId": "KOS-MLS-000681"
      },
      "geometry": {
        "type": "Point",
        "coordinates": [
          20.606,
          42.539
        ]
      }
    },
    {
      "type": "Feature",
      "properties": {
        "id": "KOS-MLS-000683",
        "parcelId": "KOS-MLS-000683",
        "district": "Malisheva",
        "municipality": "Malisheva",
        "status": "Critical Alert",
        "color": "#c6473c",
        "isFarmland": true,
        "farmScore": 50,
        "harvestHealth": 45,
        "ownerId": "OWN-AGIM",
        "owner": "Agim Berisha",
        "currentCrop": "corn",
        "detailId": "KOS-MLS-000683"
      },
      "geometry": {
        "type": "Point",
        "coordinates": [
          20.778,
          42.517
        ]
      }
    },
    {
      "type": "Feature",
      "properties": {
        "id": "KOS-LPJ-000684",
        "parcelId": "KOS-LPJ-000684",
        "district": "Lipjan",
        "municipality": "Lipjan",
        "status": "Critical Alert",
        "color": "#c6473c",
        "isFarmland": true,
        "farmScore": 50,
        "harvestHealth": 30,
        "ownerId": "OWN-PRZ-02",
        "owner": "Arben Krasniqi",
        "currentCrop": "vineyard",
        "detailId": "KOS-LPJ-000684"
      },
      "geometry": {
        "type": "Point",
        "coordinates": [
          21.045,
          42.511
        ]
      }
    },
    {
      "type": "Feature",
      "properties": {
        "id": "KOS-LPJ-000685",
        "parcelId": "KOS-LPJ-000685",
        "district": "Lipjan",
        "municipality": "Lipjan",
        "status": "Critical Alert",
        "color": "#c6473c",
        "isFarmland": true,
        "farmScore": 43,
        "harvestHealth": 44,
        "ownerId": "OWN-PRZ-02",
        "owner": "Arben Krasniqi",
        "currentCrop": "barley",
        "detailId": "KOS-LPJ-000685"
      },
      "geometry": {
        "type": "Point",
        "coordinates": [
          21.069,
          42.548
        ]
      }
    },
    {
      "type": "Feature",
      "properties": {
        "id": "KOS-LPJ-000686",
        "parcelId": "KOS-LPJ-000686",
        "district": "Lipjan",
        "municipality": "Lipjan",
        "status": "Critical Alert",
        "color": "#c6473c",
        "isFarmland": true,
        "farmScore": 42,
        "harvestHealth": 40,
        "ownerId": "OWN-AGIM",
        "owner": "Agim Berisha",
        "currentCrop": "barley",
        "detailId": "KOS-LPJ-000686"
      },
      "geometry": {
        "type": "Point",
        "coordinates": [
          21.215,
          42.541
        ]
      }
    },
    {
      "type": "Feature",
      "properties": {
        "id": "KOS-LPJ-000687",
        "parcelId": "KOS-LPJ-000687",
        "district": "Lipjan",
        "municipality": "Lipjan",
        "status": "Watch",
        "color": "#d4a84f",
        "isFarmland": true,
        "farmScore": 47,
        "harvestHealth": 50,
        "ownerId": "OWN-PRZ-02",
        "owner": "Arben Krasniqi",
        "currentCrop": "wheat",
        "detailId": "KOS-LPJ-000687"
      },
      "geometry": {
        "type": "Point",
        "coordinates": [
          21.261,
          42.535
        ]
      }
    },
    {
      "type": "Feature",
      "properties": {
        "id": "KOS-GJN-000688",
        "parcelId": "KOS-GJN-000688",
        "district": "Gjilan",
        "municipality": "Gjilan",
        "status": "Critical Alert",
        "color": "#c6473c",
        "isFarmland": false,
        "farmScore": 47,
        "harvestHealth": 44,
        "ownerId": "OWN-GJN-02",
        "owner": "Shpresa Halimi",
        "currentCrop": "pasture",
        "detailId": "KOS-GJN-000688"
      },
      "geometry": {
        "type": "Point",
        "coordinates": [
          21.506,
          42.505
        ]
      }
    },
    {
      "type": "Feature",
      "properties": {
        "id": "KOS-PEJ-000693",
        "parcelId": "KOS-PEJ-000693",
        "district": "Peja",
        "municipality": "Peja",
        "status": "Watch",
        "color": "#d4a84f",
        "isFarmland": true,
        "farmScore": 53,
        "harvestHealth": 54,
        "ownerId": "OWN-PEJ-02",
        "owner": "Ilir Hoxha",
        "currentCrop": "barley",
        "detailId": "KOS-PEJ-000693"
      },
      "geometry": {
        "type": "Point",
        "coordinates": [
          20.251,
          42.483
        ]
      }
    },
    {
      "type": "Feature",
      "properties": {
        "id": "KOS-GJK-000696",
        "parcelId": "KOS-GJK-000696",
        "district": "Gjakova",
        "municipality": "Gjakova",
        "status": "Watch",
        "color": "#d4a84f",
        "isFarmland": false,
        "farmScore": 53,
        "harvestHealth": 50,
        "ownerId": "OWN-GJK-01",
        "owner": "Blerina Gashi",
        "currentCrop": "fallow",
        "detailId": "KOS-GJK-000696"
      },
      "geometry": {
        "type": "Point",
        "coordinates": [
          20.545,
          42.513
        ]
      }
    },
    {
      "type": "Feature",
      "properties": {
        "id": "KOS-LPJ-000699",
        "parcelId": "KOS-LPJ-000699",
        "district": "Lipjan",
        "municipality": "Lipjan",
        "status": "Critical Alert",
        "color": "#c6473c",
        "isFarmland": false,
        "farmScore": 51,
        "harvestHealth": 31,
        "ownerId": "OWN-AGIM",
        "owner": "Agim Berisha",
        "currentCrop": "fallow",
        "detailId": "KOS-LPJ-000699"
      },
      "geometry": {
        "type": "Point",
        "coordinates": [
          20.985,
          42.474
        ]
      }
    },
    {
      "type": "Feature",
      "properties": {
        "id": "KOS-LPJ-000700",
        "parcelId": "KOS-LPJ-000700",
        "district": "Lipjan",
        "municipality": "Lipjan",
        "status": "Critical Alert",
        "color": "#c6473c",
        "isFarmland": false,
        "farmScore": 46,
        "harvestHealth": 33,
        "ownerId": "OWN-PRZ-03",
        "owner": "Lirije Gashi",
        "currentCrop": "mixed",
        "detailId": "KOS-LPJ-000700"
      },
      "geometry": {
        "type": "Point",
        "coordinates": [
          21.065,
          42.525
        ]
      }
    },
    {
      "type": "Feature",
      "properties": {
        "id": "KOS-LPJ-000701",
        "parcelId": "KOS-LPJ-000701",
        "district": "Lipjan",
        "municipality": "Lipjan",
        "status": "Critical Alert",
        "color": "#c6473c",
        "isFarmland": false,
        "farmScore": 47,
        "harvestHealth": 36,
        "ownerId": "OWN-PRZ-02",
        "owner": "Arben Krasniqi",
        "currentCrop": "fallow",
        "detailId": "KOS-LPJ-000701"
      },
      "geometry": {
        "type": "Point",
        "coordinates": [
          21.172,
          42.51
        ]
      }
    },
    {
      "type": "Feature",
      "properties": {
        "id": "KOS-GJN-000702",
        "parcelId": "KOS-GJN-000702",
        "district": "Gjilan",
        "municipality": "Gjilan",
        "status": "Critical Alert",
        "color": "#c6473c",
        "isFarmland": true,
        "farmScore": 47,
        "harvestHealth": 49,
        "ownerId": "OWN-GJN-02",
        "owner": "Shpresa Halimi",
        "currentCrop": "barley",
        "detailId": "KOS-GJN-000702"
      },
      "geometry": {
        "type": "Point",
        "coordinates": [
          21.44,
          42.481
        ]
      }
    },
    {
      "type": "Feature",
      "properties": {
        "id": "KOS-GJK-000711",
        "parcelId": "KOS-GJK-000711",
        "district": "Gjakova",
        "municipality": "Gjakova",
        "status": "Critical Alert",
        "color": "#c6473c",
        "isFarmland": false,
        "farmScore": 48,
        "harvestHealth": 48,
        "ownerId": "OWN-GJK-01",
        "owner": "Blerina Gashi",
        "currentCrop": "mixed",
        "detailId": "KOS-GJK-000711"
      },
      "geometry": {
        "type": "Point",
        "coordinates": [
          20.518,
          42.468
        ]
      }
    },
    {
      "type": "Feature",
      "properties": {
        "id": "KOS-RAH-000712",
        "parcelId": "KOS-RAH-000712",
        "district": "Rahovec",
        "municipality": "Rahovec",
        "status": "Critical Alert",
        "color": "#c6473c",
        "isFarmland": true,
        "farmScore": 52,
        "harvestHealth": 47,
        "ownerId": "OWN-PRZ-02",
        "owner": "Arben Krasniqi",
        "currentCrop": "vineyard",
        "detailId": "KOS-RAH-000712"
      },
      "geometry": {
        "type": "Point",
        "coordinates": [
          20.599,
          42.467
        ]
      }
    },
    {
      "type": "Feature",
      "properties": {
        "id": "KOS-MLS-000713",
        "parcelId": "KOS-MLS-000713",
        "district": "Malisheva",
        "municipality": "Malisheva",
        "status": "Critical Alert",
        "color": "#c6473c",
        "isFarmland": false,
        "farmScore": 50,
        "harvestHealth": 41,
        "ownerId": "OWN-PRZ-02",
        "owner": "Arben Krasniqi",
        "currentCrop": "fallow",
        "detailId": "KOS-MLS-000713"
      },
      "geometry": {
        "type": "Point",
        "coordinates": [
          20.68,
          42.483
        ]
      }
    },
    {
      "type": "Feature",
      "properties": {
        "id": "KOS-LPJ-000714",
        "parcelId": "KOS-LPJ-000714",
        "district": "Lipjan",
        "municipality": "Lipjan",
        "status": "Critical Alert",
        "color": "#c6473c",
        "isFarmland": false,
        "farmScore": 53,
        "harvestHealth": 35,
        "ownerId": "OWN-PRZ-03",
        "owner": "Lirije Gashi",
        "currentCrop": "fallow",
        "detailId": "KOS-LPJ-000714"
      },
      "geometry": {
        "type": "Point",
        "coordinates": [
          21.026,
          42.504
        ]
      }
    },
    {
      "type": "Feature",
      "properties": {
        "id": "KOS-GJN-000716",
        "parcelId": "KOS-GJN-000716",
        "district": "Gjilan",
        "municipality": "Gjilan",
        "status": "Watch",
        "color": "#d4a84f",
        "isFarmland": true,
        "farmScore": 57,
        "harvestHealth": 55,
        "ownerId": "OWN-GJN-02",
        "owner": "Shpresa Halimi",
        "currentCrop": "barley",
        "detailId": "KOS-GJN-000716"
      },
      "geometry": {
        "type": "Point",
        "coordinates": [
          21.552,
          42.451
        ]
      }
    },
    {
      "type": "Feature",
      "properties": {
        "id": "KOS-MLS-000726",
        "parcelId": "KOS-MLS-000726",
        "district": "Malisheva",
        "municipality": "Malisheva",
        "status": "Critical Alert",
        "color": "#c6473c",
        "isFarmland": true,
        "farmScore": 49,
        "harvestHealth": 31,
        "ownerId": "OWN-PRZ-02",
        "owner": "Arben Krasniqi",
        "currentCrop": "corn",
        "detailId": "KOS-MLS-000726"
      },
      "geometry": {
        "type": "Point",
        "coordinates": [
          20.842,
          42.462
        ]
      }
    },
    {
      "type": "Feature",
      "properties": {
        "id": "KOS-LPJ-000727",
        "parcelId": "KOS-LPJ-000727",
        "district": "Lipjan",
        "municipality": "Lipjan",
        "status": "Critical Alert",
        "color": "#c6473c",
        "isFarmland": true,
        "farmScore": 51,
        "harvestHealth": 31,
        "ownerId": "OWN-PRZ-02",
        "owner": "Arben Krasniqi",
        "currentCrop": "wheat",
        "detailId": "KOS-LPJ-000727"
      },
      "geometry": {
        "type": "Point",
        "coordinates": [
          20.998,
          42.471
        ]
      }
    },
    {
      "type": "Feature",
      "properties": {
        "id": "KOS-LPJ-000728",
        "parcelId": "KOS-LPJ-000728",
        "district": "Lipjan",
        "municipality": "Lipjan",
        "status": "Critical Alert",
        "color": "#c6473c",
        "isFarmland": false,
        "farmScore": 52,
        "harvestHealth": 36,
        "ownerId": "OWN-PRZ-02",
        "owner": "Arben Krasniqi",
        "currentCrop": "pasture",
        "detailId": "KOS-LPJ-000728"
      },
      "geometry": {
        "type": "Point",
        "coordinates": [
          21.108,
          42.485
        ]
      }
    },
    {
      "type": "Feature",
      "properties": {
        "id": "KOS-LPJ-000729",
        "parcelId": "KOS-LPJ-000729",
        "district": "Lipjan",
        "municipality": "Lipjan",
        "status": "Critical Alert",
        "color": "#c6473c",
        "isFarmland": true,
        "farmScore": 46,
        "harvestHealth": 44,
        "ownerId": "OWN-AGIM",
        "owner": "Agim Berisha",
        "currentCrop": "orchard",
        "detailId": "KOS-LPJ-000729"
      },
      "geometry": {
        "type": "Point",
        "coordinates": [
          21.19,
          42.47
        ]
      }
    },
    {
      "type": "Feature",
      "properties": {
        "id": "KOS-LPJ-000730",
        "parcelId": "KOS-LPJ-000730",
        "district": "Lipjan",
        "municipality": "Lipjan",
        "status": "Critical Alert",
        "color": "#c6473c",
        "isFarmland": false,
        "farmScore": 55,
        "harvestHealth": 46,
        "ownerId": "OWN-PRZ-03",
        "owner": "Lirije Gashi",
        "currentCrop": "pasture",
        "detailId": "KOS-LPJ-000730"
      },
      "geometry": {
        "type": "Point",
        "coordinates": [
          21.243,
          42.491
        ]
      }
    },
    {
      "type": "Feature",
      "properties": {
        "id": "KOS-GJN-000731",
        "parcelId": "KOS-GJN-000731",
        "district": "Gjilan",
        "municipality": "Gjilan",
        "status": "Watch",
        "color": "#d4a84f",
        "isFarmland": true,
        "farmScore": 57,
        "harvestHealth": 50,
        "ownerId": "OWN-GJN-02",
        "owner": "Shpresa Halimi",
        "currentCrop": "beans",
        "detailId": "KOS-GJN-000731"
      },
      "geometry": {
        "type": "Point",
        "coordinates": [
          21.518,
          42.467
        ]
      }
    },
    {
      "type": "Feature",
      "properties": {
        "id": "KOS-LPJ-000740",
        "parcelId": "KOS-LPJ-000740",
        "district": "Lipjan",
        "municipality": "Lipjan",
        "status": "Critical Alert",
        "color": "#c6473c",
        "isFarmland": true,
        "farmScore": 45,
        "harvestHealth": 32,
        "ownerId": "OWN-AGIM",
        "owner": "Agim Berisha",
        "currentCrop": "barley",
        "detailId": "KOS-LPJ-000740"
      },
      "geometry": {
        "type": "Point",
        "coordinates": [
          21.045,
          42.471
        ]
      }
    },
    {
      "type": "Feature",
      "properties": {
        "id": "KOS-PEJ-000746",
        "parcelId": "KOS-PEJ-000746",
        "district": "Peja",
        "municipality": "Peja",
        "status": "Critical Alert",
        "color": "#c6473c",
        "isFarmland": true,
        "farmScore": 52,
        "harvestHealth": 49,
        "ownerId": "OWN-PEJ-02",
        "owner": "Ilir Hoxha",
        "currentCrop": "pasture",
        "detailId": "KOS-PEJ-000746"
      },
      "geometry": {
        "type": "Point",
        "coordinates": [
          20.21,
          42.454
        ]
      }
    },
    {
      "type": "Feature",
      "properties": {
        "id": "KOS-GJK-000747",
        "parcelId": "KOS-GJK-000747",
        "district": "Gjakova",
        "municipality": "Gjakova",
        "status": "Critical Alert",
        "color": "#c6473c",
        "isFarmland": false,
        "farmScore": 49,
        "harvestHealth": 46,
        "ownerId": "OWN-GJK-02",
        "owner": "Naim Berisha",
        "currentCrop": "pasture",
        "detailId": "KOS-GJK-000747"
      },
      "geometry": {
        "type": "Point",
        "coordinates": [
          20.364,
          42.448
        ]
      }
    },
    {
      "type": "Feature",
      "properties": {
        "id": "KOS-GJK-000749",
        "parcelId": "KOS-GJK-000749",
        "district": "Gjakova",
        "municipality": "Gjakova",
        "status": "Critical Alert",
        "color": "#c6473c",
        "isFarmland": true,
        "farmScore": 49,
        "harvestHealth": 41,
        "ownerId": "OWN-GJK-02",
        "owner": "Naim Berisha",
        "currentCrop": "wheat",
        "detailId": "KOS-GJK-000749"
      },
      "geometry": {
        "type": "Point",
        "coordinates": [
          20.525,
          42.444
        ]
      }
    },
    {
      "type": "Feature",
      "properties": {
        "id": "KOS-RAH-000750",
        "parcelId": "KOS-RAH-000750",
        "district": "Rahovec",
        "municipality": "Rahovec",
        "status": "Watch",
        "color": "#d4a84f",
        "isFarmland": false,
        "farmScore": 53,
        "harvestHealth": 51,
        "ownerId": "OWN-PRZ-03",
        "owner": "Lirije Gashi",
        "currentCrop": "pasture",
        "detailId": "KOS-RAH-000750"
      },
      "geometry": {
        "type": "Point",
        "coordinates": [
          20.572,
          42.444
        ]
      }
    },
    {
      "type": "Feature",
      "properties": {
        "id": "KOS-FRZ-000753",
        "parcelId": "KOS-FRZ-000753",
        "district": "Ferizaj",
        "municipality": "Ferizaj",
        "status": "Critical Alert",
        "color": "#c6473c",
        "isFarmland": false,
        "farmScore": 45,
        "harvestHealth": 36,
        "ownerId": "OWN-FRZ-02",
        "owner": "Arta Berisha",
        "currentCrop": "fallow",
        "detailId": "KOS-FRZ-000753"
      },
      "geometry": {
        "type": "Point",
        "coordinates": [
          21.109,
          42.44
        ]
      }
    },
    {
      "type": "Feature",
      "properties": {
        "id": "KOS-GJN-000754",
        "parcelId": "KOS-GJN-000754",
        "district": "Gjilan",
        "municipality": "Gjilan",
        "status": "Critical Alert",
        "color": "#c6473c",
        "isFarmland": false,
        "farmScore": 48,
        "harvestHealth": 47,
        "ownerId": "OWN-GJN-02",
        "owner": "Shpresa Halimi",
        "currentCrop": "pasture",
        "detailId": "KOS-GJN-000754"
      },
      "geometry": {
        "type": "Point",
        "coordinates": [
          21.393,
          42.428
        ]
      }
    },
    {
      "type": "Feature",
      "properties": {
        "id": "KOS-GJK-000760",
        "parcelId": "KOS-GJK-000760",
        "district": "Gjakova",
        "municipality": "Gjakova",
        "status": "Critical Alert",
        "color": "#c6473c",
        "isFarmland": true,
        "farmScore": 56,
        "harvestHealth": 49,
        "ownerId": "OWN-GJK-01",
        "owner": "Blerina Gashi",
        "currentCrop": "orchard",
        "detailId": "KOS-GJK-000760"
      },
      "geometry": {
        "type": "Point",
        "coordinates": [
          20.257,
          42.414
        ]
      }
    },
    {
      "type": "Feature",
      "properties": {
        "id": "KOS-GJK-000761",
        "parcelId": "KOS-GJK-000761",
        "district": "Gjakova",
        "municipality": "Gjakova",
        "status": "Watch",
        "color": "#d4a84f",
        "isFarmland": false,
        "farmScore": 52,
        "harvestHealth": 54,
        "ownerId": "OWN-GJK-01",
        "owner": "Blerina Gashi",
        "currentCrop": "fallow",
        "detailId": "KOS-GJK-000761"
      },
      "geometry": {
        "type": "Point",
        "coordinates": [
          20.285,
          42.416
        ]
      }
    },
    {
      "type": "Feature",
      "properties": {
        "id": "KOS-RAH-000763",
        "parcelId": "KOS-RAH-000763",
        "district": "Rahovec",
        "municipality": "Rahovec",
        "status": "Critical Alert",
        "color": "#c6473c",
        "isFarmland": true,
        "farmScore": 51,
        "harvestHealth": 47,
        "ownerId": "OWN-PRZ-02",
        "owner": "Arben Krasniqi",
        "currentCrop": "pasture",
        "detailId": "KOS-RAH-000763"
      },
      "geometry": {
        "type": "Point",
        "coordinates": [
          20.622,
          42.417
        ]
      }
    },
    {
      "type": "Feature",
      "properties": {
        "id": "KOS-RAH-000764",
        "parcelId": "KOS-RAH-000764",
        "district": "Rahovec",
        "municipality": "Rahovec",
        "status": "Critical Alert",
        "color": "#c6473c",
        "isFarmland": true,
        "farmScore": 40,
        "harvestHealth": 46,
        "ownerId": "OWN-PRZ-02",
        "owner": "Arben Krasniqi",
        "currentCrop": "vineyard",
        "detailId": "KOS-RAH-000764"
      },
      "geometry": {
        "type": "Point",
        "coordinates": [
          20.638,
          42.426
        ]
      }
    },
    {
      "type": "Feature",
      "properties": {
        "id": "KOS-MLS-000765",
        "parcelId": "KOS-MLS-000765",
        "district": "Malisheva",
        "municipality": "Malisheva",
        "status": "Critical Alert",
        "color": "#c6473c",
        "isFarmland": true,
        "farmScore": 46,
        "harvestHealth": 37,
        "ownerId": "OWN-PRZ-02",
        "owner": "Arben Krasniqi",
        "currentCrop": "barley",
        "detailId": "KOS-MLS-000765"
      },
      "geometry": {
        "type": "Point",
        "coordinates": [
          20.724,
          42.424
        ]
      }
    },
    {
      "type": "Feature",
      "properties": {
        "id": "KOS-GJN-000768",
        "parcelId": "KOS-GJN-000768",
        "district": "Gjilan",
        "municipality": "Gjilan",
        "status": "Critical Alert",
        "color": "#c6473c",
        "isFarmland": false,
        "farmScore": 56,
        "harvestHealth": 48,
        "ownerId": "OWN-GJN-01",
        "owner": "Driton Morina",
        "currentCrop": "fallow",
        "detailId": "KOS-GJN-000768"
      },
      "geometry": {
        "type": "Point",
        "coordinates": [
          21.515,
          42.439
        ]
      }
    },
    {
      "type": "Feature",
      "properties": {
        "id": "KOS-GJN-000769",
        "parcelId": "KOS-GJN-000769",
        "district": "Gjilan",
        "municipality": "Gjilan",
        "status": "Watch",
        "color": "#d4a84f",
        "isFarmland": true,
        "farmScore": 52,
        "harvestHealth": 55,
        "ownerId": "OWN-GJN-02",
        "owner": "Shpresa Halimi",
        "currentCrop": "corn",
        "detailId": "KOS-GJN-000769"
      },
      "geometry": {
        "type": "Point",
        "coordinates": [
          21.563,
          42.43
        ]
      }
    },
    {
      "type": "Feature",
      "properties": {
        "id": "KOS-GJK-000776",
        "parcelId": "KOS-GJK-000776",
        "district": "Gjakova",
        "municipality": "Gjakova",
        "status": "Critical Alert",
        "color": "#c6473c",
        "isFarmland": true,
        "farmScore": 41,
        "harvestHealth": 44,
        "ownerId": "OWN-GJK-02",
        "owner": "Naim Berisha",
        "currentCrop": "vineyard",
        "detailId": "KOS-GJK-000776"
      },
      "geometry": {
        "type": "Point",
        "coordinates": [
          20.516,
          42.403
        ]
      }
    },
    {
      "type": "Feature",
      "properties": {
        "id": "KOS-RAH-000777",
        "parcelId": "KOS-RAH-000777",
        "district": "Rahovec",
        "municipality": "Rahovec",
        "status": "Critical Alert",
        "color": "#c6473c",
        "isFarmland": true,
        "farmScore": 41,
        "harvestHealth": 38,
        "ownerId": "OWN-AGIM",
        "owner": "Agim Berisha",
        "currentCrop": "barley",
        "detailId": "KOS-RAH-000777"
      },
      "geometry": {
        "type": "Point",
        "coordinates": [
          20.633,
          42.417
        ]
      }
    },
    {
      "type": "Feature",
      "properties": {
        "id": "KOS-RAH-000778",
        "parcelId": "KOS-RAH-000778",
        "district": "Rahovec",
        "municipality": "Rahovec",
        "status": "Critical Alert",
        "color": "#c6473c",
        "isFarmland": true,
        "farmScore": 47,
        "harvestHealth": 47,
        "ownerId": "OWN-PRZ-02",
        "owner": "Arben Krasniqi",
        "currentCrop": "barley",
        "detailId": "KOS-RAH-000778"
      },
      "geometry": {
        "type": "Point",
        "coordinates": [
          20.704,
          42.362
        ]
      }
    },
    {
      "type": "Feature",
      "properties": {
        "id": "KOS-MLS-000779",
        "parcelId": "KOS-MLS-000779",
        "district": "Malisheva",
        "municipality": "Malisheva",
        "status": "Critical Alert",
        "color": "#c6473c",
        "isFarmland": false,
        "farmScore": 39,
        "harvestHealth": 40,
        "ownerId": "OWN-AGIM",
        "owner": "Agim Berisha",
        "currentCrop": "pasture",
        "detailId": "KOS-MLS-000779"
      },
      "geometry": {
        "type": "Point",
        "coordinates": [
          20.755,
          42.404
        ]
      }
    },
    {
      "type": "Feature",
      "properties": {
        "id": "KOS-FRZ-000782",
        "parcelId": "KOS-FRZ-000782",
        "district": "Ferizaj",
        "municipality": "Ferizaj",
        "status": "Critical Alert",
        "color": "#c6473c",
        "isFarmland": true,
        "farmScore": 51,
        "harvestHealth": 46,
        "ownerId": "OWN-FRZ-01",
        "owner": "Naim Gashi",
        "currentCrop": "barley",
        "detailId": "KOS-FRZ-000782"
      },
      "geometry": {
        "type": "Point",
        "coordinates": [
          21.161,
          42.396
        ]
      }
    },
    {
      "type": "Feature",
      "properties": {
        "id": "KOS-FRZ-000783",
        "parcelId": "KOS-FRZ-000783",
        "district": "Ferizaj",
        "municipality": "Ferizaj",
        "status": "Critical Alert",
        "color": "#c6473c",
        "isFarmland": true,
        "farmScore": 48,
        "harvestHealth": 47,
        "ownerId": "OWN-FRZ-01",
        "owner": "Naim Gashi",
        "currentCrop": "wheat",
        "detailId": "KOS-FRZ-000783"
      },
      "geometry": {
        "type": "Point",
        "coordinates": [
          21.255,
          42.413
        ]
      }
    },
    {
      "type": "Feature",
      "properties": {
        "id": "KOS-FRZ-000784",
        "parcelId": "KOS-FRZ-000784",
        "district": "Ferizaj",
        "municipality": "Ferizaj",
        "status": "Critical Alert",
        "color": "#c6473c",
        "isFarmland": false,
        "farmScore": 51,
        "harvestHealth": 49,
        "ownerId": "OWN-FRZ-01",
        "owner": "Naim Gashi",
        "currentCrop": "pasture",
        "detailId": "KOS-FRZ-000784"
      },
      "geometry": {
        "type": "Point",
        "coordinates": [
          21.297,
          42.369
        ]
      }
    },
    {
      "type": "Feature",
      "properties": {
        "id": "KOS-GJN-000786",
        "parcelId": "KOS-GJN-000786",
        "district": "Gjilan",
        "municipality": "Gjilan",
        "status": "Watch",
        "color": "#d4a84f",
        "isFarmland": true,
        "farmScore": 53,
        "harvestHealth": 50,
        "ownerId": "OWN-GJN-02",
        "owner": "Shpresa Halimi",
        "currentCrop": "barley",
        "detailId": "KOS-GJN-000786"
      },
      "geometry": {
        "type": "Point",
        "coordinates": [
          21.43,
          42.395
        ]
      }
    },
    {
      "type": "Feature",
      "properties": {
        "id": "KOS-GJN-000787",
        "parcelId": "KOS-GJN-000787",
        "district": "Gjilan",
        "municipality": "Gjilan",
        "status": "Watch",
        "color": "#d4a84f",
        "isFarmland": true,
        "farmScore": 44,
        "harvestHealth": 55,
        "ownerId": "OWN-GJN-01",
        "owner": "Driton Morina",
        "currentCrop": "corn",
        "detailId": "KOS-GJN-000787"
      },
      "geometry": {
        "type": "Point",
        "coordinates": [
          21.58,
          42.418
        ]
      }
    },
    {
      "type": "Feature",
      "properties": {
        "id": "KOS-GJN-000788",
        "parcelId": "KOS-GJN-000788",
        "district": "Gjilan",
        "municipality": "Gjilan",
        "status": "Watch",
        "color": "#d4a84f",
        "isFarmland": true,
        "farmScore": 50,
        "harvestHealth": 53,
        "ownerId": "OWN-GJN-01",
        "owner": "Driton Morina",
        "currentCrop": "potato",
        "detailId": "KOS-GJN-000788"
      },
      "geometry": {
        "type": "Point",
        "coordinates": [
          21.595,
          42.409
        ]
      }
    },
    {
      "type": "Feature",
      "properties": {
        "id": "KOS-GJK-000796",
        "parcelId": "KOS-GJK-000796",
        "district": "Gjakova",
        "municipality": "Gjakova",
        "status": "Critical Alert",
        "color": "#c6473c",
        "isFarmland": false,
        "farmScore": 45,
        "harvestHealth": 43,
        "ownerId": "OWN-GJK-02",
        "owner": "Naim Berisha",
        "currentCrop": "pasture",
        "detailId": "KOS-GJK-000796"
      },
      "geometry": {
        "type": "Point",
        "coordinates": [
          20.531,
          42.378
        ]
      }
    },
    {
      "type": "Feature",
      "properties": {
        "id": "KOS-RAH-000797",
        "parcelId": "KOS-RAH-000797",
        "district": "Rahovec",
        "municipality": "Rahovec",
        "status": "Critical Alert",
        "color": "#c6473c",
        "isFarmland": true,
        "farmScore": 40,
        "harvestHealth": 43,
        "ownerId": "OWN-PRZ-03",
        "owner": "Lirije Gashi",
        "currentCrop": "barley",
        "detailId": "KOS-RAH-000797"
      },
      "geometry": {
        "type": "Point",
        "coordinates": [
          20.6,
          42.348
        ]
      }
    },
    {
      "type": "Feature",
      "properties": {
        "id": "KOS-FRZ-000798",
        "parcelId": "KOS-FRZ-000798",
        "district": "Ferizaj",
        "municipality": "Ferizaj",
        "status": "Critical Alert",
        "color": "#c6473c",
        "isFarmland": false,
        "farmScore": 51,
        "harvestHealth": 31,
        "ownerId": "OWN-FRZ-01",
        "owner": "Naim Gashi",
        "currentCrop": "fallow",
        "detailId": "KOS-FRZ-000798"
      },
      "geometry": {
        "type": "Point",
        "coordinates": [
          21.064,
          42.398
        ]
      }
    },
    {
      "type": "Feature",
      "properties": {
        "id": "KOS-FRZ-000800",
        "parcelId": "KOS-FRZ-000800",
        "district": "Ferizaj",
        "municipality": "Ferizaj",
        "status": "Critical Alert",
        "color": "#c6473c",
        "isFarmland": false,
        "farmScore": 51,
        "harvestHealth": 34,
        "ownerId": "OWN-FRZ-01",
        "owner": "Naim Gashi",
        "currentCrop": "pasture",
        "detailId": "KOS-FRZ-000800"
      },
      "geometry": {
        "type": "Point",
        "coordinates": [
          21.12,
          42.402
        ]
      }
    },
    {
      "type": "Feature",
      "properties": {
        "id": "KOS-GJK-000805",
        "parcelId": "KOS-GJK-000805",
        "district": "Gjakova",
        "municipality": "Gjakova",
        "status": "Critical Alert",
        "color": "#c6473c",
        "isFarmland": true,
        "farmScore": 51,
        "harvestHealth": 49,
        "ownerId": "OWN-GJK-02",
        "owner": "Naim Berisha",
        "currentCrop": "potato",
        "detailId": "KOS-GJK-000805"
      },
      "geometry": {
        "type": "Point",
        "coordinates": [
          20.401,
          42.375
        ]
      }
    },
    {
      "type": "Feature",
      "properties": {
        "id": "KOS-GJK-000807",
        "parcelId": "KOS-GJK-000807",
        "district": "Gjakova",
        "municipality": "Gjakova",
        "status": "Watch",
        "color": "#d4a84f",
        "isFarmland": false,
        "farmScore": 41,
        "harvestHealth": 52,
        "ownerId": "OWN-GJK-02",
        "owner": "Naim Berisha",
        "currentCrop": "pasture",
        "detailId": "KOS-GJK-000807"
      },
      "geometry": {
        "type": "Point",
        "coordinates": [
          20.475,
          42.374
        ]
      }
    },
    {
      "type": "Feature",
      "properties": {
        "id": "KOS-SUH-000809",
        "parcelId": "KOS-SUH-000809",
        "district": "Suhareka",
        "municipality": "Suhareka",
        "status": "Critical Alert",
        "color": "#c6473c",
        "isFarmland": false,
        "farmScore": 49,
        "harvestHealth": 33,
        "ownerId": "OWN-AGIM",
        "owner": "Agim Berisha",
        "currentCrop": "pasture",
        "detailId": "KOS-SUH-000809"
      },
      "geometry": {
        "type": "Point",
        "coordinates": [
          20.85,
          42.369
        ]
      }
    },
    {
      "type": "Feature",
      "properties": {
        "id": "KOS-SUH-000810",
        "parcelId": "KOS-SUH-000810",
        "district": "Suhareka",
        "municipality": "Suhareka",
        "status": "Critical Alert",
        "color": "#c6473c",
        "isFarmland": false,
        "farmScore": 49,
        "harvestHealth": 38,
        "ownerId": "OWN-PRZ-02",
        "owner": "Arben Krasniqi",
        "currentCrop": "fallow",
        "detailId": "KOS-SUH-000810"
      },
      "geometry": {
        "type": "Point",
        "coordinates": [
          20.882,
          42.356
        ]
      }
    },
    {
      "type": "Feature",
      "properties": {
        "id": "KOS-FRZ-000811",
        "parcelId": "KOS-FRZ-000811",
        "district": "Ferizaj",
        "municipality": "Ferizaj",
        "status": "Critical Alert",
        "color": "#c6473c",
        "isFarmland": true,
        "farmScore": 50,
        "harvestHealth": 40,
        "ownerId": "OWN-FRZ-01",
        "owner": "Naim Gashi",
        "currentCrop": "vineyard",
        "detailId": "KOS-FRZ-000811"
      },
      "geometry": {
        "type": "Point",
        "coordinates": [
          21.246,
          42.385
        ]
      }
    },
    {
      "type": "Feature",
      "properties": {
        "id": "KOS-GJN-000812",
        "parcelId": "KOS-GJN-000812",
        "district": "Gjilan",
        "municipality": "Gjilan",
        "status": "Critical Alert",
        "color": "#c6473c",
        "isFarmland": false,
        "farmScore": 48,
        "harvestHealth": 46,
        "ownerId": "OWN-GJN-01",
        "owner": "Driton Morina",
        "currentCrop": "fallow",
        "detailId": "KOS-GJN-000812"
      },
      "geometry": {
        "type": "Point",
        "coordinates": [
          21.334,
          42.328
        ]
      }
    },
    {
      "type": "Feature",
      "properties": {
        "id": "KOS-GJN-000813",
        "parcelId": "KOS-GJN-000813",
        "district": "Gjilan",
        "municipality": "Gjilan",
        "status": "Critical Alert",
        "color": "#c6473c",
        "isFarmland": false,
        "farmScore": 45,
        "harvestHealth": 49,
        "ownerId": "OWN-GJN-02",
        "owner": "Shpresa Halimi",
        "currentCrop": "pasture",
        "detailId": "KOS-GJN-000813"
      },
      "geometry": {
        "type": "Point",
        "coordinates": [
          21.364,
          42.347
        ]
      }
    },
    {
      "type": "Feature",
      "properties": {
        "id": "KOS-GJN-000814",
        "parcelId": "KOS-GJN-000814",
        "district": "Gjilan",
        "municipality": "Gjilan",
        "status": "Critical Alert",
        "color": "#c6473c",
        "isFarmland": true,
        "farmScore": 51,
        "harvestHealth": 48,
        "ownerId": "OWN-GJN-02",
        "owner": "Shpresa Halimi",
        "currentCrop": "corn",
        "detailId": "KOS-GJN-000814"
      },
      "geometry": {
        "type": "Point",
        "coordinates": [
          21.556,
          42.375
        ]
      }
    },
    {
      "type": "Feature",
      "properties": {
        "id": "KOS-GJN-000815",
        "parcelId": "KOS-GJN-000815",
        "district": "Gjilan",
        "municipality": "Gjilan",
        "status": "Watch",
        "color": "#d4a84f",
        "isFarmland": true,
        "farmScore": 50,
        "harvestHealth": 57,
        "ownerId": "OWN-GJN-02",
        "owner": "Shpresa Halimi",
        "currentCrop": "beans",
        "detailId": "KOS-GJN-000815"
      },
      "geometry": {
        "type": "Point",
        "coordinates": [
          21.577,
          42.38
        ]
      }
    },
    {
      "type": "Feature",
      "properties": {
        "id": "KOS-GJK-000826",
        "parcelId": "KOS-GJK-000826",
        "district": "Gjakova",
        "municipality": "Gjakova",
        "status": "Critical Alert",
        "color": "#c6473c",
        "isFarmland": true,
        "farmScore": 40,
        "harvestHealth": 42,
        "ownerId": "OWN-GJK-01",
        "owner": "Blerina Gashi",
        "currentCrop": "vineyard",
        "detailId": "KOS-GJK-000826"
      },
      "geometry": {
        "type": "Point",
        "coordinates": [
          20.536,
          42.364
        ]
      }
    },
    {
      "type": "Feature",
      "properties": {
        "id": "KOS-RAH-000827",
        "parcelId": "KOS-RAH-000827",
        "district": "Rahovec",
        "municipality": "Rahovec",
        "status": "Critical Alert",
        "color": "#c6473c",
        "isFarmland": true,
        "farmScore": 43,
        "harvestHealth": 48,
        "ownerId": "OWN-PRZ-02",
        "owner": "Arben Krasniqi",
        "currentCrop": "potato",
        "detailId": "KOS-RAH-000827"
      },
      "geometry": {
        "type": "Point",
        "coordinates": [
          20.672,
          42.356
        ]
      }
    },
    {
      "type": "Feature",
      "properties": {
        "id": "KOS-SUH-000828",
        "parcelId": "KOS-SUH-000828",
        "district": "Suhareka",
        "municipality": "Suhareka",
        "status": "Critical Alert",
        "color": "#c6473c",
        "isFarmland": false,
        "farmScore": 35,
        "harvestHealth": 34,
        "ownerId": "OWN-PRZ-03",
        "owner": "Lirije Gashi",
        "currentCrop": "pasture",
        "detailId": "KOS-SUH-000828"
      },
      "geometry": {
        "type": "Point",
        "coordinates": [
          20.749,
          42.313
        ]
      }
    },
    {
      "type": "Feature",
      "properties": {
        "id": "KOS-FRZ-000829",
        "parcelId": "KOS-FRZ-000829",
        "district": "Ferizaj",
        "municipality": "Ferizaj",
        "status": "Critical Alert",
        "color": "#c6473c",
        "isFarmland": false,
        "farmScore": 52,
        "harvestHealth": 43,
        "ownerId": "OWN-FRZ-01",
        "owner": "Naim Gashi",
        "currentCrop": "mixed",
        "detailId": "KOS-FRZ-000829"
      },
      "geometry": {
        "type": "Point",
        "coordinates": [
          21.311,
          42.357
        ]
      }
    },
    {
      "type": "Feature",
      "properties": {
        "id": "KOS-GJN-000830",
        "parcelId": "KOS-GJN-000830",
        "district": "Gjilan",
        "municipality": "Gjilan",
        "status": "Watch",
        "color": "#d4a84f",
        "isFarmland": true,
        "farmScore": 45,
        "harvestHealth": 57,
        "ownerId": "OWN-GJN-02",
        "owner": "Shpresa Halimi",
        "currentCrop": "vegetables",
        "detailId": "KOS-GJN-000830"
      },
      "geometry": {
        "type": "Point",
        "coordinates": [
          21.425,
          42.354
        ]
      }
    },
    {
      "type": "Feature",
      "properties": {
        "id": "KOS-GJN-000831",
        "parcelId": "KOS-GJN-000831",
        "district": "Gjilan",
        "municipality": "Gjilan",
        "status": "Watch",
        "color": "#d4a84f",
        "isFarmland": false,
        "farmScore": 48,
        "harvestHealth": 61,
        "ownerId": "OWN-GJN-02",
        "owner": "Shpresa Halimi",
        "currentCrop": "pasture",
        "detailId": "KOS-GJN-000831"
      },
      "geometry": {
        "type": "Point",
        "coordinates": [
          21.442,
          42.353
        ]
      }
    },
    {
      "type": "Feature",
      "properties": {
        "id": "KOS-GJK-000839",
        "parcelId": "KOS-GJK-000839",
        "district": "Gjakova",
        "municipality": "Gjakova",
        "status": "Critical Alert",
        "color": "#c6473c",
        "isFarmland": false,
        "farmScore": 45,
        "harvestHealth": 47,
        "ownerId": "OWN-GJK-02",
        "owner": "Naim Berisha",
        "currentCrop": "pasture",
        "detailId": "KOS-GJK-000839"
      },
      "geometry": {
        "type": "Point",
        "coordinates": [
          20.519,
          42.325
        ]
      }
    },
    {
      "type": "Feature",
      "properties": {
        "id": "KOS-RAH-000840",
        "parcelId": "KOS-RAH-000840",
        "district": "Rahovec",
        "municipality": "Rahovec",
        "status": "Critical Alert",
        "color": "#c6473c",
        "isFarmland": true,
        "farmScore": 45,
        "harvestHealth": 48,
        "ownerId": "OWN-AGIM",
        "owner": "Agim Berisha",
        "currentCrop": "barley",
        "detailId": "KOS-RAH-000840"
      },
      "geometry": {
        "type": "Point",
        "coordinates": [
          20.577,
          42.345
        ]
      }
    },
    {
      "type": "Feature",
      "properties": {
        "id": "KOS-SUH-000841",
        "parcelId": "KOS-SUH-000841",
        "district": "Suhareka",
        "municipality": "Suhareka",
        "status": "Critical Alert",
        "color": "#c6473c",
        "isFarmland": false,
        "farmScore": 45,
        "harvestHealth": 34,
        "ownerId": "OWN-AGIM",
        "owner": "Agim Berisha",
        "currentCrop": "pasture",
        "detailId": "KOS-SUH-000841"
      },
      "geometry": {
        "type": "Point",
        "coordinates": [
          20.803,
          42.299
        ]
      }
    },
    {
      "type": "Feature",
      "properties": {
        "id": "KOS-SUH-000842",
        "parcelId": "KOS-SUH-000842",
        "district": "Suhareka",
        "municipality": "Suhareka",
        "status": "Critical Alert",
        "color": "#c6473c",
        "isFarmland": true,
        "farmScore": 49,
        "harvestHealth": 40,
        "ownerId": "OWN-AGIM",
        "owner": "Agim Berisha",
        "currentCrop": "corn",
        "detailId": "KOS-SUH-000842"
      },
      "geometry": {
        "type": "Point",
        "coordinates": [
          20.84,
          42.316
        ]
      }
    },
    {
      "type": "Feature",
      "properties": {
        "id": "KOS-FRZ-000845",
        "parcelId": "KOS-FRZ-000845",
        "district": "Ferizaj",
        "municipality": "Ferizaj",
        "status": "Critical Alert",
        "color": "#c6473c",
        "isFarmland": true,
        "farmScore": 50,
        "harvestHealth": 43,
        "ownerId": "OWN-FRZ-01",
        "owner": "Naim Gashi",
        "currentCrop": "vegetables",
        "detailId": "KOS-FRZ-000845"
      },
      "geometry": {
        "type": "Point",
        "coordinates": [
          21.176,
          42.324
        ]
      }
    },
    {
      "type": "Feature",
      "properties": {
        "id": "KOS-RAH-000855",
        "parcelId": "KOS-RAH-000855",
        "district": "Rahovec",
        "municipality": "Rahovec",
        "status": "Critical Alert",
        "color": "#c6473c",
        "isFarmland": true,
        "farmScore": 37,
        "harvestHealth": 42,
        "ownerId": "OWN-AGIM",
        "owner": "Agim Berisha",
        "currentCrop": "pasture",
        "detailId": "KOS-RAH-000855"
      },
      "geometry": {
        "type": "Point",
        "coordinates": [
          20.57,
          42.325
        ]
      }
    },
    {
      "type": "Feature",
      "properties": {
        "id": "KOS-RAH-000856",
        "parcelId": "KOS-RAH-000856",
        "district": "Rahovec",
        "municipality": "Rahovec",
        "status": "Critical Alert",
        "color": "#c6473c",
        "isFarmland": true,
        "farmScore": 37,
        "harvestHealth": 46,
        "ownerId": "OWN-PRZ-03",
        "owner": "Lirije Gashi",
        "currentCrop": "corn",
        "detailId": "KOS-RAH-000856"
      },
      "geometry": {
        "type": "Point",
        "coordinates": [
          20.608,
          42.322
        ]
      }
    },
    {
      "type": "Feature",
      "properties": {
        "id": "KOS-RAH-000857",
        "parcelId": "KOS-RAH-000857",
        "district": "Rahovec",
        "municipality": "Rahovec",
        "status": "Critical Alert",
        "color": "#c6473c",
        "isFarmland": true,
        "farmScore": 39,
        "harvestHealth": 43,
        "ownerId": "OWN-PRZ-03",
        "owner": "Lirije Gashi",
        "currentCrop": "potato",
        "detailId": "KOS-RAH-000857"
      },
      "geometry": {
        "type": "Point",
        "coordinates": [
          20.719,
          42.316
        ]
      }
    },
    {
      "type": "Feature",
      "properties": {
        "id": "KOS-FRZ-000860",
        "parcelId": "KOS-FRZ-000860",
        "district": "Ferizaj",
        "municipality": "Ferizaj",
        "status": "Watch",
        "color": "#d4a84f",
        "isFarmland": true,
        "farmScore": 55,
        "harvestHealth": 51,
        "ownerId": "OWN-FRZ-01",
        "owner": "Naim Gashi",
        "currentCrop": "wheat",
        "detailId": "KOS-FRZ-000860"
      },
      "geometry": {
        "type": "Point",
        "coordinates": [
          21.306,
          42.329
        ]
      }
    },
    {
      "type": "Feature",
      "properties": {
        "id": "KOS-GJN-000861",
        "parcelId": "KOS-GJN-000861",
        "district": "Gjilan",
        "municipality": "Gjilan",
        "status": "Watch",
        "color": "#d4a84f",
        "isFarmland": true,
        "farmScore": 46,
        "harvestHealth": 50,
        "ownerId": "OWN-GJN-02",
        "owner": "Shpresa Halimi",
        "currentCrop": "barley",
        "detailId": "KOS-GJN-000861"
      },
      "geometry": {
        "type": "Point",
        "coordinates": [
          21.378,
          42.319
        ]
      }
    },
    {
      "type": "Feature",
      "properties": {
        "id": "KOS-GJN-000863",
        "parcelId": "KOS-GJN-000863",
        "district": "Gjilan",
        "municipality": "Gjilan",
        "status": "Watch",
        "color": "#d4a84f",
        "isFarmland": true,
        "farmScore": 45,
        "harvestHealth": 51,
        "ownerId": "OWN-GJN-01",
        "owner": "Driton Morina",
        "currentCrop": "pasture",
        "detailId": "KOS-GJN-000863"
      },
      "geometry": {
        "type": "Point",
        "coordinates": [
          21.541,
          42.299
        ]
      }
    },
    {
      "type": "Feature",
      "properties": {
        "id": "KOS-GJK-000868",
        "parcelId": "KOS-GJK-000868",
        "district": "Gjakova",
        "municipality": "Gjakova",
        "status": "Watch",
        "color": "#d4a84f",
        "isFarmland": true,
        "farmScore": 45,
        "harvestHealth": 51,
        "ownerId": "OWN-GJK-02",
        "owner": "Naim Berisha",
        "currentCrop": "potato",
        "detailId": "KOS-GJK-000868"
      },
      "geometry": {
        "type": "Point",
        "coordinates": [
          20.39,
          42.295
        ]
      }
    },
    {
      "type": "Feature",
      "properties": {
        "id": "KOS-GJK-000869",
        "parcelId": "KOS-GJK-000869",
        "district": "Gjakova",
        "municipality": "Gjakova",
        "status": "Watch",
        "color": "#d4a84f",
        "isFarmland": true,
        "farmScore": 48,
        "harvestHealth": 52,
        "ownerId": "OWN-GJK-02",
        "owner": "Naim Berisha",
        "currentCrop": "corn",
        "detailId": "KOS-GJK-000869"
      },
      "geometry": {
        "type": "Point",
        "coordinates": [
          20.444,
          42.296
        ]
      }
    },
    {
      "type": "Feature",
      "properties": {
        "id": "KOS-RAH-000870",
        "parcelId": "KOS-RAH-000870",
        "district": "Rahovec",
        "municipality": "Rahovec",
        "status": "Critical Alert",
        "color": "#c6473c",
        "isFarmland": true,
        "farmScore": 40,
        "harvestHealth": 46,
        "ownerId": "OWN-PRZ-02",
        "owner": "Arben Krasniqi",
        "currentCrop": "vineyard",
        "detailId": "KOS-RAH-000870"
      },
      "geometry": {
        "type": "Point",
        "coordinates": [
          20.609,
          42.314
        ]
      }
    },
    {
      "type": "Feature",
      "properties": {
        "id": "KOS-RAH-000871",
        "parcelId": "KOS-RAH-000871",
        "district": "Rahovec",
        "municipality": "Rahovec",
        "status": "Critical Alert",
        "color": "#c6473c",
        "isFarmland": true,
        "farmScore": 36,
        "harvestHealth": 45,
        "ownerId": "OWN-PRZ-03",
        "owner": "Lirije Gashi",
        "currentCrop": "barley",
        "detailId": "KOS-RAH-000871"
      },
      "geometry": {
        "type": "Point",
        "coordinates": [
          20.631,
          42.306
        ]
      }
    },
    {
      "type": "Feature",
      "properties": {
        "id": "KOS-SUH-000872",
        "parcelId": "KOS-SUH-000872",
        "district": "Suhareka",
        "municipality": "Suhareka",
        "status": "Critical Alert",
        "color": "#c6473c",
        "isFarmland": true,
        "farmScore": 37,
        "harvestHealth": 36,
        "ownerId": "OWN-AGIM",
        "owner": "Agim Berisha",
        "currentCrop": "barley",
        "detailId": "KOS-SUH-000872"
      },
      "geometry": {
        "type": "Point",
        "coordinates": [
          20.833,
          42.302
        ]
      }
    },
    {
      "type": "Feature",
      "properties": {
        "id": "KOS-RAH-000885",
        "parcelId": "KOS-RAH-000885",
        "district": "Rahovec",
        "municipality": "Rahovec",
        "status": "Critical Alert",
        "color": "#c6473c",
        "isFarmland": false,
        "farmScore": 38,
        "harvestHealth": 38,
        "ownerId": "OWN-PRZ-03",
        "owner": "Lirije Gashi",
        "currentCrop": "pasture",
        "detailId": "KOS-RAH-000885"
      },
      "geometry": {
        "type": "Point",
        "coordinates": [
          20.69,
          42.294
        ]
      }
    },
    {
      "type": "Feature",
      "properties": {
        "id": "KOS-FRZ-000887",
        "parcelId": "KOS-FRZ-000887",
        "district": "Ferizaj",
        "municipality": "Ferizaj",
        "status": "Watch",
        "color": "#d4a84f",
        "isFarmland": true,
        "farmScore": 55,
        "harvestHealth": 53,
        "ownerId": "OWN-FRZ-02",
        "owner": "Arta Berisha",
        "currentCrop": "corn",
        "detailId": "KOS-FRZ-000887"
      },
      "geometry": {
        "type": "Point",
        "coordinates": [
          21.338,
          42.291
        ]
      }
    },
    {
      "type": "Feature",
      "properties": {
        "id": "KOS-GJN-000888",
        "parcelId": "KOS-GJN-000888",
        "district": "Gjilan",
        "municipality": "Gjilan",
        "status": "Critical Alert",
        "color": "#c6473c",
        "isFarmland": true,
        "farmScore": 56,
        "harvestHealth": 45,
        "ownerId": "OWN-GJN-02",
        "owner": "Shpresa Halimi",
        "currentCrop": "barley",
        "detailId": "KOS-GJN-000888"
      },
      "geometry": {
        "type": "Point",
        "coordinates": [
          21.347,
          42.295
        ]
      }
    },
    {
      "type": "Feature",
      "properties": {
        "id": "KOS-FRZ-000899",
        "parcelId": "KOS-FRZ-000899",
        "district": "Ferizaj",
        "municipality": "Ferizaj",
        "status": "Critical Alert",
        "color": "#c6473c",
        "isFarmland": true,
        "farmScore": 54,
        "harvestHealth": 36,
        "ownerId": "OWN-FRZ-01",
        "owner": "Naim Gashi",
        "currentCrop": "vegetables",
        "detailId": "KOS-FRZ-000899"
      },
      "geometry": {
        "type": "Point",
        "coordinates": [
          21.048,
          42.252
        ]
      }
    },
    {
      "type": "Feature",
      "properties": {
        "id": "KOS-PRZ-000910",
        "parcelId": "KOS-PRZ-000910",
        "district": "Prizren",
        "municipality": "Prizren",
        "status": "Critical Alert",
        "color": "#c6473c",
        "isFarmland": false,
        "farmScore": 43,
        "harvestHealth": 34,
        "ownerId": "OWN-AGIM",
        "owner": "Agim Berisha",
        "currentCrop": "mixed",
        "detailId": "KOS-PRZ-000910"
      },
      "geometry": {
        "type": "Point",
        "coordinates": [
          20.751,
          42.249
        ]
      }
    },
    {
      "type": "Feature",
      "properties": {
        "id": "KOS-PRZ-000925",
        "parcelId": "KOS-PRZ-000925",
        "district": "Prizren",
        "municipality": "Prizren",
        "status": "Critical Alert",
        "color": "#c6473c",
        "isFarmland": false,
        "farmScore": 41,
        "harvestHealth": 38,
        "ownerId": "OWN-AGIM",
        "owner": "Agim Berisha",
        "currentCrop": "fallow",
        "detailId": "KOS-PRZ-000925"
      },
      "geometry": {
        "type": "Point",
        "coordinates": [
          20.579,
          42.214
        ]
      }
    },
    {
      "type": "Feature",
      "properties": {
        "id": "KOS-PRZ-000926",
        "parcelId": "KOS-PRZ-000926",
        "district": "Prizren",
        "municipality": "Prizren",
        "status": "Critical Alert",
        "color": "#c6473c",
        "isFarmland": true,
        "farmScore": 37,
        "harvestHealth": 44,
        "ownerId": "OWN-PRZ-03",
        "owner": "Lirije Gashi",
        "currentCrop": "pasture",
        "detailId": "KOS-PRZ-000926"
      },
      "geometry": {
        "type": "Point",
        "coordinates": [
          20.664,
          42.233
        ]
      }
    },
    {
      "type": "Feature",
      "properties": {
        "id": "KOS-PRZ-000928",
        "parcelId": "KOS-PRZ-000928",
        "district": "Prizren",
        "municipality": "Prizren",
        "status": "Critical Alert",
        "color": "#c6473c",
        "isFarmland": false,
        "farmScore": 48,
        "harvestHealth": 39,
        "ownerId": "OWN-PRZ-02",
        "owner": "Arben Krasniqi",
        "currentCrop": "mixed",
        "detailId": "KOS-PRZ-000928"
      },
      "geometry": {
        "type": "Point",
        "coordinates": [
          20.827,
          42.177
        ]
      }
    },
    {
      "type": "Feature",
      "properties": {
        "id": "KOS-FRZ-000930",
        "parcelId": "KOS-FRZ-000930",
        "district": "Ferizaj",
        "municipality": "Ferizaj",
        "status": "Critical Alert",
        "color": "#c6473c",
        "isFarmland": false,
        "farmScore": 60,
        "harvestHealth": 40,
        "ownerId": "OWN-FRZ-02",
        "owner": "Arta Berisha",
        "currentCrop": "fallow",
        "detailId": "KOS-FRZ-000930"
      },
      "geometry": {
        "type": "Point",
        "coordinates": [
          21.231,
          42.22
        ]
      }
    },
    {
      "type": "Feature",
      "properties": {
        "id": "KOS-FRZ-000931",
        "parcelId": "KOS-FRZ-000931",
        "district": "Ferizaj",
        "municipality": "Ferizaj",
        "status": "Watch",
        "color": "#d4a84f",
        "isFarmland": true,
        "farmScore": 61,
        "harvestHealth": 51,
        "ownerId": "OWN-FRZ-02",
        "owner": "Arta Berisha",
        "currentCrop": "potato",
        "detailId": "KOS-FRZ-000931"
      },
      "geometry": {
        "type": "Point",
        "coordinates": [
          21.255,
          42.226
        ]
      }
    },
    {
      "type": "Feature",
      "properties": {
        "id": "KOS-PRZ-000946",
        "parcelId": "KOS-PRZ-000946",
        "district": "Prizren",
        "municipality": "Prizren",
        "status": "Critical Alert",
        "color": "#c6473c",
        "isFarmland": false,
        "farmScore": 35,
        "harvestHealth": 29,
        "ownerId": "OWN-PRZ-03",
        "owner": "Lirije Gashi",
        "currentCrop": "pasture",
        "detailId": "KOS-PRZ-000946"
      },
      "geometry": {
        "type": "Point",
        "coordinates": [
          20.693,
          42.199
        ]
      }
    },
    {
      "type": "Feature",
      "properties": {
        "id": "KOS-SUH-000948",
        "parcelId": "KOS-SUH-000948",
        "district": "Suhareka",
        "municipality": "Suhareka",
        "status": "Critical Alert",
        "color": "#c6473c",
        "isFarmland": false,
        "farmScore": 51,
        "harvestHealth": 36,
        "ownerId": "OWN-AGIM",
        "owner": "Agim Berisha",
        "currentCrop": "fallow",
        "detailId": "KOS-SUH-000948"
      },
      "geometry": {
        "type": "Point",
        "coordinates": [
          20.958,
          42.207
        ]
      }
    },
    {
      "type": "Feature",
      "properties": {
        "id": "KOS-FRZ-000950",
        "parcelId": "KOS-FRZ-000950",
        "district": "Ferizaj",
        "municipality": "Ferizaj",
        "status": "Critical Alert",
        "color": "#c6473c",
        "isFarmland": true,
        "farmScore": 52,
        "harvestHealth": 41,
        "ownerId": "OWN-FRZ-02",
        "owner": "Arta Berisha",
        "currentCrop": "barley",
        "detailId": "KOS-FRZ-000950"
      },
      "geometry": {
        "type": "Point",
        "coordinates": [
          21.243,
          42.217
        ]
      }
    },
    {
      "type": "Feature",
      "properties": {
        "id": "KOS-PRZ-000967",
        "parcelId": "KOS-PRZ-000967",
        "district": "Prizren",
        "municipality": "Prizren",
        "status": "Critical Alert",
        "color": "#c6473c",
        "isFarmland": true,
        "farmScore": 31,
        "harvestHealth": 41,
        "ownerId": "OWN-AGIM",
        "owner": "Agim Berisha",
        "currentCrop": "corn",
        "detailId": "KOS-PRZ-000967"
      },
      "geometry": {
        "type": "Point",
        "coordinates": [
          20.556,
          42.197
        ]
      }
    },
    {
      "type": "Feature",
      "properties": {
        "id": "KOS-FRZ-000971",
        "parcelId": "KOS-FRZ-000971",
        "district": "Ferizaj",
        "municipality": "Ferizaj",
        "status": "Watch",
        "color": "#d4a84f",
        "isFarmland": false,
        "farmScore": 64,
        "harvestHealth": 53,
        "ownerId": "OWN-FRZ-02",
        "owner": "Arta Berisha",
        "currentCrop": "pasture",
        "detailId": "KOS-FRZ-000971"
      },
      "geometry": {
        "type": "Point",
        "coordinates": [
          21.182,
          42.161
        ]
      }
    },
    {
      "type": "Feature",
      "properties": {
        "id": "KOS-PRZ-000996",
        "parcelId": "KOS-PRZ-000996",
        "district": "Prizren",
        "municipality": "Prizren",
        "status": "Critical Alert",
        "color": "#c6473c",
        "isFarmland": false,
        "farmScore": 48,
        "harvestHealth": 40,
        "ownerId": "OWN-PRZ-02",
        "owner": "Arben Krasniqi",
        "currentCrop": "fallow",
        "detailId": "KOS-PRZ-000996"
      },
      "geometry": {
        "type": "Point",
        "coordinates": [
          20.852,
          42.161
        ]
      }
    },
    {
      "type": "Feature",
      "properties": {
        "id": "KOS-FRZ-001014",
        "parcelId": "KOS-FRZ-001014",
        "district": "Ferizaj",
        "municipality": "Ferizaj",
        "status": "Critical Alert",
        "color": "#c6473c",
        "isFarmland": false,
        "farmScore": 63,
        "harvestHealth": 49,
        "ownerId": "OWN-FRZ-02",
        "owner": "Arta Berisha",
        "currentCrop": "pasture",
        "detailId": "KOS-FRZ-001014"
      },
      "geometry": {
        "type": "Point",
        "coordinates": [
          21.3,
          42.139
        ]
      }
    },
    {
      "type": "Feature",
      "properties": {
        "id": "KOS-FRZ-001015",
        "parcelId": "KOS-FRZ-001015",
        "district": "Ferizaj",
        "municipality": "Ferizaj",
        "status": "Critical Alert",
        "color": "#c6473c",
        "isFarmland": true,
        "farmScore": 53,
        "harvestHealth": 43,
        "ownerId": "OWN-FRZ-02",
        "owner": "Arta Berisha",
        "currentCrop": "orchard",
        "detailId": "KOS-FRZ-001015"
      },
      "geometry": {
        "type": "Point",
        "coordinates": [
          21.307,
          42.142
        ]
      }
    },
    {
      "type": "Feature",
      "properties": {
        "id": "KOS-PRZ-001027",
        "parcelId": "KOS-PRZ-001027",
        "district": "Prizren",
        "municipality": "Prizren",
        "status": "Critical Alert",
        "color": "#c6473c",
        "isFarmland": true,
        "farmScore": 44,
        "harvestHealth": 33,
        "ownerId": "OWN-PRZ-02",
        "owner": "Arben Krasniqi",
        "currentCrop": "barley",
        "detailId": "KOS-PRZ-001027"
      },
      "geometry": {
        "type": "Point",
        "coordinates": [
          20.754,
          42.097
        ]
      }
    },
    {
      "type": "Feature",
      "properties": {
        "id": "KOS-PRZ-001050",
        "parcelId": "KOS-PRZ-001050",
        "district": "Prizren",
        "municipality": "Prizren",
        "status": "Critical Alert",
        "color": "#c6473c",
        "isFarmland": false,
        "farmScore": 33,
        "harvestHealth": 43,
        "ownerId": "OWN-PRZ-03",
        "owner": "Lirije Gashi",
        "currentCrop": "pasture",
        "detailId": "KOS-PRZ-001050"
      },
      "geometry": {
        "type": "Point",
        "coordinates": [
          20.699,
          42.108
        ]
      }
    },
    {
      "type": "Feature",
      "properties": {
        "id": "KOS-PRZ-001066",
        "parcelId": "KOS-PRZ-001066",
        "district": "Prizren",
        "municipality": "Prizren",
        "status": "Critical Alert",
        "color": "#c6473c",
        "isFarmland": true,
        "farmScore": 46,
        "harvestHealth": 35,
        "ownerId": "OWN-PRZ-03",
        "owner": "Lirije Gashi",
        "currentCrop": "potato",
        "detailId": "KOS-PRZ-001066"
      },
      "geometry": {
        "type": "Point",
        "coordinates": [
          20.578,
          42.054
        ]
      }
    },
    {
      "type": "Feature",
      "properties": {
        "id": "KOS-PRZ-001068",
        "parcelId": "KOS-PRZ-001068",
        "district": "Prizren",
        "municipality": "Prizren",
        "status": "Critical Alert",
        "color": "#c6473c",
        "isFarmland": true,
        "farmScore": 40,
        "harvestHealth": 41,
        "ownerId": "OWN-PRZ-03",
        "owner": "Lirije Gashi",
        "currentCrop": "potato",
        "detailId": "KOS-PRZ-001068"
      },
      "geometry": {
        "type": "Point",
        "coordinates": [
          20.663,
          42.021
        ]
      }
    },
    {
      "type": "Feature",
      "properties": {
        "id": "KOS-PRZ-001069",
        "parcelId": "KOS-PRZ-001069",
        "district": "Prizren",
        "municipality": "Prizren",
        "status": "Critical Alert",
        "color": "#c6473c",
        "isFarmland": false,
        "farmScore": 42,
        "harvestHealth": 44,
        "ownerId": "OWN-PRZ-02",
        "owner": "Arben Krasniqi",
        "currentCrop": "pasture",
        "detailId": "KOS-PRZ-001069"
      },
      "geometry": {
        "type": "Point",
        "coordinates": [
          20.76,
          42.094
        ]
      }
    },
    {
      "type": "Feature",
      "properties": {
        "id": "KOS-PDJ-001339",
        "parcelId": "KOS-PDJ-001339",
        "district": "Podujeva",
        "municipality": "Podujeva",
        "status": "Watch",
        "color": "#d4a84f",
        "isFarmland": false,
        "farmScore": 64,
        "harvestHealth": 62,
        "ownerId": "OWN-PRZ-02",
        "owner": "Arben Krasniqi",
        "currentCrop": "pasture",
        "detailId": "KOS-PDJ-001339"
      },
      "geometry": {
        "type": "Point",
        "coordinates": [
          21.196,
          43.109
        ]
      }
    },
    {
      "type": "Feature",
      "properties": {
        "id": "KOS-PDJ-001363",
        "parcelId": "KOS-PDJ-001363",
        "district": "Podujeva",
        "municipality": "Podujeva",
        "status": "Critical Alert",
        "color": "#c6473c",
        "isFarmland": true,
        "farmScore": 46,
        "harvestHealth": 45,
        "ownerId": "OWN-AGIM",
        "owner": "Agim Berisha",
        "currentCrop": "beans",
        "detailId": "KOS-PDJ-001363"
      },
      "geometry": {
        "type": "Point",
        "coordinates": [
          21.206,
          42.988
        ]
      }
    },
    {
      "type": "Feature",
      "properties": {
        "id": "KOS-PDJ-001371",
        "parcelId": "KOS-PDJ-001371",
        "district": "Podujeva",
        "municipality": "Podujeva",
        "status": "Critical Alert",
        "color": "#c6473c",
        "isFarmland": false,
        "farmScore": 47,
        "harvestHealth": 45,
        "ownerId": "OWN-PRZ-03",
        "owner": "Lirije Gashi",
        "currentCrop": "pasture",
        "detailId": "KOS-PDJ-001371"
      },
      "geometry": {
        "type": "Point",
        "coordinates": [
          21.239,
          42.94
        ]
      }
    },
    {
      "type": "Feature",
      "properties": {
        "id": "KOS-MIT-001376",
        "parcelId": "KOS-MIT-001376",
        "district": "Mitrovica",
        "municipality": "Mitrovica",
        "status": "Critical Alert",
        "color": "#c6473c",
        "isFarmland": false,
        "farmScore": 47,
        "harvestHealth": 42,
        "ownerId": "OWN-MIT-01",
        "owner": "Besim Tahiri",
        "currentCrop": "pasture",
        "detailId": "KOS-MIT-001376"
      },
      "geometry": {
        "type": "Point",
        "coordinates": [
          20.775,
          42.897
        ]
      }
    },
    {
      "type": "Feature",
      "properties": {
        "id": "KOS-PDJ-001380",
        "parcelId": "KOS-PDJ-001380",
        "district": "Podujeva",
        "municipality": "Podujeva",
        "status": "Critical Alert",
        "color": "#c6473c",
        "isFarmland": true,
        "farmScore": 50,
        "harvestHealth": 40,
        "ownerId": "OWN-PRZ-02",
        "owner": "Arben Krasniqi",
        "currentCrop": "orchard",
        "detailId": "KOS-PDJ-001380"
      },
      "geometry": {
        "type": "Point",
        "coordinates": [
          21.225,
          42.871
        ]
      }
    },
    {
      "type": "Feature",
      "properties": {
        "id": "KOS-PRT-001387",
        "parcelId": "KOS-PRT-001387",
        "district": "Pristina",
        "municipality": "Pristina",
        "status": "Critical Alert",
        "color": "#c6473c",
        "isFarmland": false,
        "farmScore": 41,
        "harvestHealth": 41,
        "ownerId": "OWN-PRT-02",
        "owner": "Mentor Shala",
        "currentCrop": "fallow",
        "detailId": "KOS-PRT-001387"
      },
      "geometry": {
        "type": "Point",
        "coordinates": [
          21.111,
          42.793
        ]
      }
    },
    {
      "type": "Feature",
      "properties": {
        "id": "KOS-PEJ-001389",
        "parcelId": "KOS-PEJ-001389",
        "district": "Peja",
        "municipality": "Peja",
        "status": "Critical Alert",
        "color": "#c6473c",
        "isFarmland": false,
        "farmScore": 50,
        "harvestHealth": 49,
        "ownerId": "OWN-PEJ-02",
        "owner": "Ilir Hoxha",
        "currentCrop": "pasture",
        "detailId": "KOS-PEJ-001389"
      },
      "geometry": {
        "type": "Point",
        "coordinates": [
          20.544,
          42.779
        ]
      }
    },
    {
      "type": "Feature",
      "properties": {
        "id": "KOS-PDJ-001390",
        "parcelId": "KOS-PDJ-001390",
        "district": "Podujeva",
        "municipality": "Podujeva",
        "status": "Critical Alert",
        "color": "#c6473c",
        "isFarmland": false,
        "farmScore": 46,
        "harvestHealth": 28,
        "ownerId": "OWN-AGIM",
        "owner": "Agim Berisha",
        "currentCrop": "fallow",
        "detailId": "KOS-PDJ-001390"
      },
      "geometry": {
        "type": "Point",
        "coordinates": [
          21.205,
          42.785
        ]
      }
    },
    {
      "type": "Feature",
      "properties": {
        "id": "KOS-MIT-001400",
        "parcelId": "KOS-MIT-001400",
        "district": "Mitrovica",
        "municipality": "Mitrovica",
        "status": "Critical Alert",
        "color": "#c6473c",
        "isFarmland": true,
        "farmScore": 42,
        "harvestHealth": 42,
        "ownerId": "OWN-MIT-01",
        "owner": "Besim Tahiri",
        "currentCrop": "wheat",
        "detailId": "KOS-MIT-001400"
      },
      "geometry": {
        "type": "Point",
        "coordinates": [
          20.975,
          42.729
        ]
      }
    },
    {
      "type": "Feature",
      "properties": {
        "id": "KOS-PEJ-001402",
        "parcelId": "KOS-PEJ-001402",
        "district": "Peja",
        "municipality": "Peja",
        "status": "Critical Alert",
        "color": "#c6473c",
        "isFarmland": true,
        "farmScore": 43,
        "harvestHealth": 40,
        "ownerId": "OWN-PEJ-02",
        "owner": "Ilir Hoxha",
        "currentCrop": "pasture",
        "detailId": "KOS-PEJ-001402"
      },
      "geometry": {
        "type": "Point",
        "coordinates": [
          20.317,
          42.681
        ]
      }
    },
    {
      "type": "Feature",
      "properties": {
        "id": "KOS-PRT-001404",
        "parcelId": "KOS-PRT-001404",
        "district": "Pristina",
        "municipality": "Pristina",
        "status": "Critical Alert",
        "color": "#c6473c",
        "isFarmland": true,
        "farmScore": 36,
        "harvestHealth": 36,
        "ownerId": "OWN-PRT-03",
        "owner": "Vesa Hoxha",
        "currentCrop": "wheat",
        "detailId": "KOS-PRT-001404"
      },
      "geometry": {
        "type": "Point",
        "coordinates": [
          20.982,
          42.707
        ]
      }
    },
    {
      "type": "Feature",
      "properties": {
        "id": "KOS-MLS-001406",
        "parcelId": "KOS-MLS-001406",
        "district": "Malisheva",
        "municipality": "Malisheva",
        "status": "Watch",
        "color": "#d4a84f",
        "isFarmland": false,
        "farmScore": 55,
        "harvestHealth": 52,
        "ownerId": "OWN-PRZ-03",
        "owner": "Lirije Gashi",
        "currentCrop": "pasture",
        "detailId": "KOS-MLS-001406"
      },
      "geometry": {
        "type": "Point",
        "coordinates": [
          20.579,
          42.681
        ]
      }
    },
    {
      "type": "Feature",
      "properties": {
        "id": "KOS-PEJ-001409",
        "parcelId": "KOS-PEJ-001409",
        "district": "Peja",
        "municipality": "Peja",
        "status": "Critical Alert",
        "color": "#c6473c",
        "isFarmland": false,
        "farmScore": 49,
        "harvestHealth": 39,
        "ownerId": "OWN-BLERIM",
        "owner": "Blerim Musliu",
        "currentCrop": "pasture",
        "detailId": "KOS-PEJ-001409"
      },
      "geometry": {
        "type": "Point",
        "coordinates": [
          20.34,
          42.679
        ]
      }
    },
    {
      "type": "Feature",
      "properties": {
        "id": "KOS-MIT-001411",
        "parcelId": "KOS-MIT-001411",
        "district": "Mitrovica",
        "municipality": "Mitrovica",
        "status": "Critical Alert",
        "color": "#c6473c",
        "isFarmland": false,
        "farmScore": 41,
        "harvestHealth": 47,
        "ownerId": "OWN-MIT-02",
        "owner": "Valon Hyseni",
        "currentCrop": "mixed",
        "detailId": "KOS-MIT-001411"
      },
      "geometry": {
        "type": "Point",
        "coordinates": [
          20.915,
          42.677
        ]
      }
    },
    {
      "type": "Feature",
      "properties": {
        "id": "KOS-PRT-001412",
        "parcelId": "KOS-PRT-001412",
        "district": "Pristina",
        "municipality": "Pristina",
        "status": "Critical Alert",
        "color": "#c6473c",
        "isFarmland": false,
        "farmScore": 38,
        "harvestHealth": 40,
        "ownerId": "OWN-DRITA",
        "owner": "Drita Gashi",
        "currentCrop": "pasture",
        "detailId": "KOS-PRT-001412"
      },
      "geometry": {
        "type": "Point",
        "coordinates": [
          21.134,
          42.669
        ]
      }
    },
    {
      "type": "Feature",
      "properties": {
        "id": "KOS-PRT-001415",
        "parcelId": "KOS-PRT-001415",
        "district": "Pristina",
        "municipality": "Pristina",
        "status": "Critical Alert",
        "color": "#c6473c",
        "isFarmland": true,
        "farmScore": 48,
        "harvestHealth": 34,
        "ownerId": "OWN-PRT-02",
        "owner": "Mentor Shala",
        "currentCrop": "barley",
        "detailId": "KOS-PRT-001415"
      },
      "geometry": {
        "type": "Point",
        "coordinates": [
          21.281,
          42.626
        ]
      }
    },
    {
      "type": "Feature",
      "properties": {
        "id": "KOS-PEJ-001417",
        "parcelId": "KOS-PEJ-001417",
        "district": "Peja",
        "municipality": "Peja",
        "status": "Critical Alert",
        "color": "#c6473c",
        "isFarmland": true,
        "farmScore": 52,
        "harvestHealth": 45,
        "ownerId": "OWN-PEJ-02",
        "owner": "Ilir Hoxha",
        "currentCrop": "barley",
        "detailId": "KOS-PEJ-001417"
      },
      "geometry": {
        "type": "Point",
        "coordinates": [
          20.333,
          42.626
        ]
      }
    },
    {
      "type": "Feature",
      "properties": {
        "id": "KOS-PRT-001424",
        "parcelId": "KOS-PRT-001424",
        "district": "Pristina",
        "municipality": "Pristina",
        "status": "Critical Alert",
        "color": "#c6473c",
        "isFarmland": true,
        "farmScore": 51,
        "harvestHealth": 37,
        "ownerId": "OWN-PRT-03",
        "owner": "Vesa Hoxha",
        "currentCrop": "beans",
        "detailId": "KOS-PRT-001424"
      },
      "geometry": {
        "type": "Point",
        "coordinates": [
          21.294,
          42.602
        ]
      }
    },
    {
      "type": "Feature",
      "properties": {
        "id": "KOS-GJN-001425",
        "parcelId": "KOS-GJN-001425",
        "district": "Gjilan",
        "municipality": "Gjilan",
        "status": "Critical Alert",
        "color": "#c6473c",
        "isFarmland": false,
        "farmScore": 50,
        "harvestHealth": 42,
        "ownerId": "OWN-GJN-02",
        "owner": "Shpresa Halimi",
        "currentCrop": "fallow",
        "detailId": "KOS-GJN-001425"
      },
      "geometry": {
        "type": "Point",
        "coordinates": [
          21.393,
          42.599
        ]
      }
    },
    {
      "type": "Feature",
      "properties": {
        "id": "KOS-LPJ-001432",
        "parcelId": "KOS-LPJ-001432",
        "district": "Lipjan",
        "municipality": "Lipjan",
        "status": "Critical Alert",
        "color": "#c6473c",
        "isFarmland": false,
        "farmScore": 39,
        "harvestHealth": 46,
        "ownerId": "OWN-PRZ-02",
        "owner": "Arben Krasniqi",
        "currentCrop": "pasture",
        "detailId": "KOS-LPJ-001432"
      },
      "geometry": {
        "type": "Point",
        "coordinates": [
          21.099,
          42.514
        ]
      }
    },
    {
      "type": "Feature",
      "properties": {
        "id": "KOS-LPJ-001433",
        "parcelId": "KOS-LPJ-001433",
        "district": "Lipjan",
        "municipality": "Lipjan",
        "status": "Critical Alert",
        "color": "#c6473c",
        "isFarmland": false,
        "farmScore": 50,
        "harvestHealth": 42,
        "ownerId": "OWN-PRZ-02",
        "owner": "Arben Krasniqi",
        "currentCrop": "fallow",
        "detailId": "KOS-LPJ-001433"
      },
      "geometry": {
        "type": "Point",
        "coordinates": [
          21.211,
          42.528
        ]
      }
    },
    {
      "type": "Feature",
      "properties": {
        "id": "KOS-GJN-001434",
        "parcelId": "KOS-GJN-001434",
        "district": "Gjilan",
        "municipality": "Gjilan",
        "status": "Critical Alert",
        "color": "#c6473c",
        "isFarmland": true,
        "farmScore": 54,
        "harvestHealth": 41,
        "ownerId": "OWN-GJN-02",
        "owner": "Shpresa Halimi",
        "currentCrop": "vegetables",
        "detailId": "KOS-GJN-001434"
      },
      "geometry": {
        "type": "Point",
        "coordinates": [
          21.474,
          42.503
        ]
      }
    },
    {
      "type": "Feature",
      "properties": {
        "id": "KOS-LPJ-001437",
        "parcelId": "KOS-LPJ-001437",
        "district": "Lipjan",
        "municipality": "Lipjan",
        "status": "Critical Alert",
        "color": "#c6473c",
        "isFarmland": true,
        "farmScore": 45,
        "harvestHealth": 43,
        "ownerId": "OWN-PRZ-03",
        "owner": "Lirije Gashi",
        "currentCrop": "vineyard",
        "detailId": "KOS-LPJ-001437"
      },
      "geometry": {
        "type": "Point",
        "coordinates": [
          21.223,
          42.489
        ]
      }
    },
    {
      "type": "Feature",
      "properties": {
        "id": "KOS-PEJ-001442",
        "parcelId": "KOS-PEJ-001442",
        "district": "Peja",
        "municipality": "Peja",
        "status": "Watch",
        "color": "#d4a84f",
        "isFarmland": true,
        "farmScore": 48,
        "harvestHealth": 50,
        "ownerId": "OWN-BLERIM",
        "owner": "Blerim Musliu",
        "currentCrop": "barley",
        "detailId": "KOS-PEJ-001442"
      },
      "geometry": {
        "type": "Point",
        "coordinates": [
          20.196,
          42.45
        ]
      }
    },
    {
      "type": "Feature",
      "properties": {
        "id": "KOS-GJK-001446",
        "parcelId": "KOS-GJK-001446",
        "district": "Gjakova",
        "municipality": "Gjakova",
        "status": "Critical Alert",
        "color": "#c6473c",
        "isFarmland": false,
        "farmScore": 51,
        "harvestHealth": 45,
        "ownerId": "OWN-GJK-02",
        "owner": "Naim Berisha",
        "currentCrop": "fallow",
        "detailId": "KOS-GJK-001446"
      },
      "geometry": {
        "type": "Point",
        "coordinates": [
          20.258,
          42.405
        ]
      }
    },
    {
      "type": "Feature",
      "properties": {
        "id": "KOS-RAH-001447",
        "parcelId": "KOS-RAH-001447",
        "district": "Rahovec",
        "municipality": "Rahovec",
        "status": "Critical Alert",
        "color": "#c6473c",
        "isFarmland": true,
        "farmScore": 54,
        "harvestHealth": 41,
        "ownerId": "OWN-PRZ-03",
        "owner": "Lirije Gashi",
        "currentCrop": "vineyard",
        "detailId": "KOS-RAH-001447"
      },
      "geometry": {
        "type": "Point",
        "coordinates": [
          20.639,
          42.399
        ]
      }
    },
    {
      "type": "Feature",
      "properties": {
        "id": "KOS-FRZ-001448",
        "parcelId": "KOS-FRZ-001448",
        "district": "Ferizaj",
        "municipality": "Ferizaj",
        "status": "Critical Alert",
        "color": "#c6473c",
        "isFarmland": true,
        "farmScore": 42,
        "harvestHealth": 49,
        "ownerId": "OWN-FRZ-02",
        "owner": "Arta Berisha",
        "currentCrop": "vineyard",
        "detailId": "KOS-FRZ-001448"
      },
      "geometry": {
        "type": "Point",
        "coordinates": [
          21.261,
          42.404
        ]
      }
    },
    {
      "type": "Feature",
      "properties": {
        "id": "KOS-RAH-001449",
        "parcelId": "KOS-RAH-001449",
        "district": "Rahovec",
        "municipality": "Rahovec",
        "status": "Critical Alert",
        "color": "#c6473c",
        "isFarmland": true,
        "farmScore": 53,
        "harvestHealth": 37,
        "ownerId": "OWN-AGIM",
        "owner": "Agim Berisha",
        "currentCrop": "potato",
        "detailId": "KOS-RAH-001449"
      },
      "geometry": {
        "type": "Point",
        "coordinates": [
          20.569,
          42.377
        ]
      }
    },
    {
      "type": "Feature",
      "properties": {
        "id": "KOS-FRZ-001450",
        "parcelId": "KOS-FRZ-001450",
        "district": "Ferizaj",
        "municipality": "Ferizaj",
        "status": "Watch",
        "color": "#d4a84f",
        "isFarmland": true,
        "farmScore": 40,
        "harvestHealth": 50,
        "ownerId": "OWN-FRZ-01",
        "owner": "Naim Gashi",
        "currentCrop": "potato",
        "detailId": "KOS-FRZ-001450"
      },
      "geometry": {
        "type": "Point",
        "coordinates": [
          21.256,
          42.342
        ]
      }
    },
    {
      "type": "Feature",
      "properties": {
        "id": "KOS-SUH-001455",
        "parcelId": "KOS-SUH-001455",
        "district": "Suhareka",
        "municipality": "Suhareka",
        "status": "Critical Alert",
        "color": "#c6473c",
        "isFarmland": true,
        "farmScore": 54,
        "harvestHealth": 31,
        "ownerId": "OWN-AGIM",
        "owner": "Agim Berisha",
        "currentCrop": "wheat",
        "detailId": "KOS-SUH-001455"
      },
      "geometry": {
        "type": "Point",
        "coordinates": [
          20.878,
          42.299
        ]
      }
    },
    {
      "type": "Feature",
      "properties": {
        "id": "KOS-RAH-001456",
        "parcelId": "KOS-RAH-001456",
        "district": "Rahovec",
        "municipality": "Rahovec",
        "status": "Critical Alert",
        "color": "#c6473c",
        "isFarmland": true,
        "farmScore": 50,
        "harvestHealth": 32,
        "ownerId": "OWN-PRZ-02",
        "owner": "Arben Krasniqi",
        "currentCrop": "barley",
        "detailId": "KOS-RAH-001456"
      },
      "geometry": {
        "type": "Point",
        "coordinates": [
          20.686,
          42.303
        ]
      }
    },
    {
      "type": "Feature",
      "properties": {
        "id": "KOS-GJK-001459",
        "parcelId": "KOS-GJK-001459",
        "district": "Gjakova",
        "municipality": "Gjakova",
        "status": "Critical Alert",
        "color": "#c6473c",
        "isFarmland": false,
        "farmScore": 49,
        "harvestHealth": 44,
        "ownerId": "OWN-GJK-02",
        "owner": "Naim Berisha",
        "currentCrop": "pasture",
        "detailId": "KOS-GJK-001459"
      },
      "geometry": {
        "type": "Point",
        "coordinates": [
          20.412,
          42.295
        ]
      }
    },
    {
      "type": "Feature",
      "properties": {
        "id": "KOS-PRZ-001460",
        "parcelId": "KOS-PRZ-001460",
        "district": "Prizren",
        "municipality": "Prizren",
        "status": "Critical Alert",
        "color": "#c6473c",
        "isFarmland": true,
        "farmScore": 51,
        "harvestHealth": 33,
        "ownerId": "OWN-AGIM",
        "owner": "Agim Berisha",
        "currentCrop": "wheat",
        "detailId": "KOS-PRZ-001460"
      },
      "geometry": {
        "type": "Point",
        "coordinates": [
          20.762,
          42.271
        ]
      }
    },
    {
      "type": "Feature",
      "properties": {
        "id": "KOS-PRZ-001488",
        "parcelId": "KOS-PRZ-001488",
        "district": "Prizren",
        "municipality": "Prizren",
        "status": "Critical Alert",
        "color": "#c6473c",
        "isFarmland": true,
        "farmScore": 49,
        "harvestHealth": 38,
        "ownerId": "OWN-PRZ-02",
        "owner": "Arben Krasniqi",
        "currentCrop": "vineyard",
        "detailId": "KOS-PRZ-001488"
      },
      "geometry": {
        "type": "Point",
        "coordinates": [
          20.859,
          42.13
        ]
      }
    },
    {
      "type": "Feature",
      "properties": {
        "id": "KOS-MIT-001631",
        "parcelId": "KOS-MIT-001631",
        "district": "Mitrovica",
        "municipality": "Mitrovica",
        "status": "Critical Alert",
        "color": "#c6473c",
        "isFarmland": true,
        "farmScore": 43,
        "harvestHealth": 41,
        "ownerId": "OWN-MIT-01",
        "owner": "Besim Tahiri",
        "currentCrop": "wheat",
        "detailId": "KOS-MIT-001631"
      },
      "geometry": {
        "type": "Point",
        "coordinates": [
          20.743,
          43.167
        ]
      }
    },
    {
      "type": "Feature",
      "properties": {
        "id": "KOS-MIT-001658",
        "parcelId": "KOS-MIT-001658",
        "district": "Mitrovica",
        "municipality": "Mitrovica",
        "status": "Critical Alert",
        "color": "#c6473c",
        "isFarmland": true,
        "farmScore": 46,
        "harvestHealth": 40,
        "ownerId": "OWN-MIT-01",
        "owner": "Besim Tahiri",
        "currentCrop": "wheat",
        "detailId": "KOS-MIT-001658"
      },
      "geometry": {
        "type": "Point",
        "coordinates": [
          20.776,
          43.132
        ]
      }
    },
    {
      "type": "Feature",
      "properties": {
        "id": "KOS-MIT-001674",
        "parcelId": "KOS-MIT-001674",
        "district": "Mitrovica",
        "municipality": "Mitrovica",
        "status": "Critical Alert",
        "color": "#c6473c",
        "isFarmland": true,
        "farmScore": 42,
        "harvestHealth": 39,
        "ownerId": "OWN-MIT-02",
        "owner": "Valon Hyseni",
        "currentCrop": "beans",
        "detailId": "KOS-MIT-001674"
      },
      "geometry": {
        "type": "Point",
        "coordinates": [
          20.785,
          43.118
        ]
      }
    },
    {
      "type": "Feature",
      "properties": {
        "id": "KOS-PDJ-001678",
        "parcelId": "KOS-PDJ-001678",
        "district": "Podujeva",
        "municipality": "Podujeva",
        "status": "Watch",
        "color": "#d4a84f",
        "isFarmland": true,
        "farmScore": 54,
        "harvestHealth": 57,
        "ownerId": "OWN-PRZ-02",
        "owner": "Arben Krasniqi",
        "currentCrop": "orchard",
        "detailId": "KOS-PDJ-001678"
      },
      "geometry": {
        "type": "Point",
        "coordinates": [
          21.19,
          43.116
        ]
      }
    },
    {
      "type": "Feature",
      "properties": {
        "id": "KOS-PDJ-001780",
        "parcelId": "KOS-PDJ-001780",
        "district": "Podujeva",
        "municipality": "Podujeva",
        "status": "Critical Alert",
        "color": "#c6473c",
        "isFarmland": true,
        "farmScore": 42,
        "harvestHealth": 48,
        "ownerId": "OWN-AGIM",
        "owner": "Agim Berisha",
        "currentCrop": "wheat",
        "detailId": "KOS-PDJ-001780"
      },
      "geometry": {
        "type": "Point",
        "coordinates": [
          21.198,
          42.966
        ]
      }
    },
    {
      "type": "Feature",
      "properties": {
        "id": "KOS-PDJ-001781",
        "parcelId": "KOS-PDJ-001781",
        "district": "Podujeva",
        "municipality": "Podujeva",
        "status": "Watch",
        "color": "#d4a84f",
        "isFarmland": true,
        "farmScore": 42,
        "harvestHealth": 50,
        "ownerId": "OWN-AGIM",
        "owner": "Agim Berisha",
        "currentCrop": "vegetables",
        "detailId": "KOS-PDJ-001781"
      },
      "geometry": {
        "type": "Point",
        "coordinates": [
          21.221,
          42.964
        ]
      }
    },
    {
      "type": "Feature",
      "properties": {
        "id": "KOS-PDJ-001794",
        "parcelId": "KOS-PDJ-001794",
        "district": "Podujeva",
        "municipality": "Podujeva",
        "status": "Critical Alert",
        "color": "#c6473c",
        "isFarmland": false,
        "farmScore": 48,
        "harvestHealth": 49,
        "ownerId": "OWN-PRZ-02",
        "owner": "Arben Krasniqi",
        "currentCrop": "pasture",
        "detailId": "KOS-PDJ-001794"
      },
      "geometry": {
        "type": "Point",
        "coordinates": [
          21.202,
          42.945
        ]
      }
    },
    {
      "type": "Feature",
      "properties": {
        "id": "KOS-MIT-001825",
        "parcelId": "KOS-MIT-001825",
        "district": "Mitrovica",
        "municipality": "Mitrovica",
        "status": "Critical Alert",
        "color": "#c6473c",
        "isFarmland": false,
        "farmScore": 58,
        "harvestHealth": 45,
        "ownerId": "OWN-MIT-01",
        "owner": "Besim Tahiri",
        "currentCrop": "pasture",
        "detailId": "KOS-MIT-001825"
      },
      "geometry": {
        "type": "Point",
        "coordinates": [
          20.856,
          42.898
        ]
      }
    },
    {
      "type": "Feature",
      "properties": {
        "id": "KOS-PDJ-001828",
        "parcelId": "KOS-PDJ-001828",
        "district": "Podujeva",
        "municipality": "Podujeva",
        "status": "Critical Alert",
        "color": "#c6473c",
        "isFarmland": true,
        "farmScore": 48,
        "harvestHealth": 46,
        "ownerId": "OWN-AGIM",
        "owner": "Agim Berisha",
        "currentCrop": "potato",
        "detailId": "KOS-PDJ-001828"
      },
      "geometry": {
        "type": "Point",
        "coordinates": [
          21.202,
          42.89
        ]
      }
    },
    {
      "type": "Feature",
      "properties": {
        "id": "KOS-PDJ-001829",
        "parcelId": "KOS-PDJ-001829",
        "district": "Podujeva",
        "municipality": "Podujeva",
        "status": "Critical Alert",
        "color": "#c6473c",
        "isFarmland": false,
        "farmScore": 41,
        "harvestHealth": 40,
        "ownerId": "OWN-PRZ-02",
        "owner": "Arben Krasniqi",
        "currentCrop": "pasture",
        "detailId": "KOS-PDJ-001829"
      },
      "geometry": {
        "type": "Point",
        "coordinates": [
          21.226,
          42.888
        ]
      }
    },
    {
      "type": "Feature",
      "properties": {
        "id": "KOS-MIT-001843",
        "parcelId": "KOS-MIT-001843",
        "district": "Mitrovica",
        "municipality": "Mitrovica",
        "status": "Critical Alert",
        "color": "#c6473c",
        "isFarmland": true,
        "farmScore": 49,
        "harvestHealth": 33,
        "ownerId": "OWN-MIT-02",
        "owner": "Valon Hyseni",
        "currentCrop": "vegetables",
        "detailId": "KOS-MIT-001843"
      },
      "geometry": {
        "type": "Point",
        "coordinates": [
          20.972,
          42.87
        ]
      }
    },
    {
      "type": "Feature",
      "properties": {
        "id": "KOS-PDJ-001844",
        "parcelId": "KOS-PDJ-001844",
        "district": "Podujeva",
        "municipality": "Podujeva",
        "status": "Critical Alert",
        "color": "#c6473c",
        "isFarmland": true,
        "farmScore": 49,
        "harvestHealth": 39,
        "ownerId": "OWN-PRZ-02",
        "owner": "Arben Krasniqi",
        "currentCrop": "potato",
        "detailId": "KOS-PDJ-001844"
      },
      "geometry": {
        "type": "Point",
        "coordinates": [
          21.146,
          42.872
        ]
      }
    },
    {
      "type": "Feature",
      "properties": {
        "id": "KOS-PDJ-001858",
        "parcelId": "KOS-PDJ-001858",
        "district": "Podujeva",
        "municipality": "Podujeva",
        "status": "Critical Alert",
        "color": "#c6473c",
        "isFarmland": true,
        "farmScore": 50,
        "harvestHealth": 42,
        "ownerId": "OWN-AGIM",
        "owner": "Agim Berisha",
        "currentCrop": "potato",
        "detailId": "KOS-PDJ-001858"
      },
      "geometry": {
        "type": "Point",
        "coordinates": [
          21.145,
          42.857
        ]
      }
    },
    {
      "type": "Feature",
      "properties": {
        "id": "KOS-MIT-001870",
        "parcelId": "KOS-MIT-001870",
        "district": "Mitrovica",
        "municipality": "Mitrovica",
        "status": "Critical Alert",
        "color": "#c6473c",
        "isFarmland": true,
        "farmScore": 47,
        "harvestHealth": 49,
        "ownerId": "OWN-MIT-01",
        "owner": "Besim Tahiri",
        "currentCrop": "vegetables",
        "detailId": "KOS-MIT-001870"
      },
      "geometry": {
        "type": "Point",
        "coordinates": [
          20.602,
          42.838
        ]
      }
    },
    {
      "type": "Feature",
      "properties": {
        "id": "KOS-MIT-001871",
        "parcelId": "KOS-MIT-001871",
        "district": "Mitrovica",
        "municipality": "Mitrovica",
        "status": "Critical Alert",
        "color": "#c6473c",
        "isFarmland": true,
        "farmScore": 52,
        "harvestHealth": 45,
        "ownerId": "OWN-MIT-02",
        "owner": "Valon Hyseni",
        "currentCrop": "beans",
        "detailId": "KOS-MIT-001871"
      },
      "geometry": {
        "type": "Point",
        "coordinates": [
          21,
          42.838
        ]
      }
    },
    {
      "type": "Feature",
      "properties": {
        "id": "KOS-MIT-001872",
        "parcelId": "KOS-MIT-001872",
        "district": "Mitrovica",
        "municipality": "Mitrovica",
        "status": "Critical Alert",
        "color": "#c6473c",
        "isFarmland": true,
        "farmScore": 50,
        "harvestHealth": 34,
        "ownerId": "OWN-MIT-01",
        "owner": "Besim Tahiri",
        "currentCrop": "potato",
        "detailId": "KOS-MIT-001872"
      },
      "geometry": {
        "type": "Point",
        "coordinates": [
          21.02,
          42.83
        ]
      }
    },
    {
      "type": "Feature",
      "properties": {
        "id": "KOS-PDJ-001873",
        "parcelId": "KOS-PDJ-001873",
        "district": "Podujeva",
        "municipality": "Podujeva",
        "status": "Critical Alert",
        "color": "#c6473c",
        "isFarmland": true,
        "farmScore": 44,
        "harvestHealth": 38,
        "ownerId": "OWN-AGIM",
        "owner": "Agim Berisha",
        "currentCrop": "beans",
        "detailId": "KOS-PDJ-001873"
      },
      "geometry": {
        "type": "Point",
        "coordinates": [
          21.035,
          42.826
        ]
      }
    },
    {
      "type": "Feature",
      "properties": {
        "id": "KOS-MIT-001888",
        "parcelId": "KOS-MIT-001888",
        "district": "Mitrovica",
        "municipality": "Mitrovica",
        "status": "Critical Alert",
        "color": "#c6473c",
        "isFarmland": true,
        "farmScore": 56,
        "harvestHealth": 41,
        "ownerId": "OWN-MIT-01",
        "owner": "Besim Tahiri",
        "currentCrop": "corn",
        "detailId": "KOS-MIT-001888"
      },
      "geometry": {
        "type": "Point",
        "coordinates": [
          20.853,
          42.825
        ]
      }
    },
    {
      "type": "Feature",
      "properties": {
        "id": "KOS-MIT-001889",
        "parcelId": "KOS-MIT-001889",
        "district": "Mitrovica",
        "municipality": "Mitrovica",
        "status": "Critical Alert",
        "color": "#c6473c",
        "isFarmland": false,
        "farmScore": 48,
        "harvestHealth": 41,
        "ownerId": "OWN-MIT-02",
        "owner": "Valon Hyseni",
        "currentCrop": "pasture",
        "detailId": "KOS-MIT-001889"
      },
      "geometry": {
        "type": "Point",
        "coordinates": [
          21.001,
          42.817
        ]
      }
    },
    {
      "type": "Feature",
      "properties": {
        "id": "KOS-MIT-001897",
        "parcelId": "KOS-MIT-001897",
        "district": "Mitrovica",
        "municipality": "Mitrovica",
        "status": "Critical Alert",
        "color": "#c6473c",
        "isFarmland": true,
        "farmScore": 47,
        "harvestHealth": 39,
        "ownerId": "OWN-MIT-02",
        "owner": "Valon Hyseni",
        "currentCrop": "vegetables",
        "detailId": "KOS-MIT-001897"
      },
      "geometry": {
        "type": "Point",
        "coordinates": [
          20.956,
          42.799
        ]
      }
    },
    {
      "type": "Feature",
      "properties": {
        "id": "KOS-MIT-001898",
        "parcelId": "KOS-MIT-001898",
        "district": "Mitrovica",
        "municipality": "Mitrovica",
        "status": "Critical Alert",
        "color": "#c6473c",
        "isFarmland": false,
        "farmScore": 46,
        "harvestHealth": 41,
        "ownerId": "OWN-MIT-02",
        "owner": "Valon Hyseni",
        "currentCrop": "pasture",
        "detailId": "KOS-MIT-001898"
      },
      "geometry": {
        "type": "Point",
        "coordinates": [
          21.001,
          42.799
        ]
      }
    },
    {
      "type": "Feature",
      "properties": {
        "id": "KOS-PDJ-001899",
        "parcelId": "KOS-PDJ-001899",
        "district": "Podujeva",
        "municipality": "Podujeva",
        "status": "Critical Alert",
        "color": "#c6473c",
        "isFarmland": false,
        "farmScore": 49,
        "harvestHealth": 40,
        "ownerId": "OWN-PRZ-03",
        "owner": "Lirije Gashi",
        "currentCrop": "pasture",
        "detailId": "KOS-PDJ-001899"
      },
      "geometry": {
        "type": "Point",
        "coordinates": [
          21.068,
          42.799
        ]
      }
    },
    {
      "type": "Feature",
      "properties": {
        "id": "KOS-PDJ-001900",
        "parcelId": "KOS-PDJ-001900",
        "district": "Podujeva",
        "municipality": "Podujeva",
        "status": "Critical Alert",
        "color": "#c6473c",
        "isFarmland": false,
        "farmScore": 40,
        "harvestHealth": 36,
        "ownerId": "OWN-PRZ-02",
        "owner": "Arben Krasniqi",
        "currentCrop": "pasture",
        "detailId": "KOS-PDJ-001900"
      },
      "geometry": {
        "type": "Point",
        "coordinates": [
          21.161,
          42.803
        ]
      }
    },
    {
      "type": "Feature",
      "properties": {
        "id": "KOS-PDJ-001901",
        "parcelId": "KOS-PDJ-001901",
        "district": "Podujeva",
        "municipality": "Podujeva",
        "status": "Critical Alert",
        "color": "#c6473c",
        "isFarmland": true,
        "farmScore": 47,
        "harvestHealth": 42,
        "ownerId": "OWN-PRZ-02",
        "owner": "Arben Krasniqi",
        "currentCrop": "orchard",
        "detailId": "KOS-PDJ-001901"
      },
      "geometry": {
        "type": "Point",
        "coordinates": [
          21.26,
          42.8
        ]
      }
    },
    {
      "type": "Feature",
      "properties": {
        "id": "KOS-PDJ-001902",
        "parcelId": "KOS-PDJ-001902",
        "district": "Podujeva",
        "municipality": "Podujeva",
        "status": "Critical Alert",
        "color": "#c6473c",
        "isFarmland": true,
        "farmScore": 47,
        "harvestHealth": 47,
        "ownerId": "OWN-PRZ-02",
        "owner": "Arben Krasniqi",
        "currentCrop": "barley",
        "detailId": "KOS-PDJ-001902"
      },
      "geometry": {
        "type": "Point",
        "coordinates": [
          21.407,
          42.793
        ]
      }
    },
    {
      "type": "Feature",
      "properties": {
        "id": "KOS-PRT-001911",
        "parcelId": "KOS-PRT-001911",
        "district": "Pristina",
        "municipality": "Pristina",
        "status": "Critical Alert",
        "color": "#c6473c",
        "isFarmland": true,
        "farmScore": 45,
        "harvestHealth": 42,
        "ownerId": "OWN-PRT-03",
        "owner": "Vesa Hoxha",
        "currentCrop": "vegetables",
        "detailId": "KOS-PRT-001911"
      },
      "geometry": {
        "type": "Point",
        "coordinates": [
          21.072,
          42.781
        ]
      }
    },
    {
      "type": "Feature",
      "properties": {
        "id": "KOS-PRT-001912",
        "parcelId": "KOS-PRT-001912",
        "district": "Pristina",
        "municipality": "Pristina",
        "status": "Critical Alert",
        "color": "#c6473c",
        "isFarmland": false,
        "farmScore": 42,
        "harvestHealth": 39,
        "ownerId": "OWN-PRT-03",
        "owner": "Vesa Hoxha",
        "currentCrop": "pasture",
        "detailId": "KOS-PRT-001912"
      },
      "geometry": {
        "type": "Point",
        "coordinates": [
          21.117,
          42.782
        ]
      }
    },
    {
      "type": "Feature",
      "properties": {
        "id": "KOS-PRT-001913",
        "parcelId": "KOS-PRT-001913",
        "district": "Pristina",
        "municipality": "Pristina",
        "status": "Critical Alert",
        "color": "#c6473c",
        "isFarmland": false,
        "farmScore": 41,
        "harvestHealth": 36,
        "ownerId": "OWN-PRT-03",
        "owner": "Vesa Hoxha",
        "currentCrop": "fallow",
        "detailId": "KOS-PRT-001913"
      },
      "geometry": {
        "type": "Point",
        "coordinates": [
          21.148,
          42.778
        ]
      }
    },
    {
      "type": "Feature",
      "properties": {
        "id": "KOS-PDJ-001914",
        "parcelId": "KOS-PDJ-001914",
        "district": "Podujeva",
        "municipality": "Podujeva",
        "status": "Critical Alert",
        "color": "#c6473c",
        "isFarmland": true,
        "farmScore": 42,
        "harvestHealth": 39,
        "ownerId": "OWN-PRZ-03",
        "owner": "Lirije Gashi",
        "currentCrop": "pasture",
        "detailId": "KOS-PDJ-001914"
      },
      "geometry": {
        "type": "Point",
        "coordinates": [
          21.19,
          42.789
        ]
      }
    },
    {
      "type": "Feature",
      "properties": {
        "id": "KOS-PEJ-001926",
        "parcelId": "KOS-PEJ-001926",
        "district": "Peja",
        "municipality": "Peja",
        "status": "Watch",
        "color": "#d4a84f",
        "isFarmland": true,
        "farmScore": 44,
        "harvestHealth": 50,
        "ownerId": "OWN-PEJ-02",
        "owner": "Ilir Hoxha",
        "currentCrop": "corn",
        "detailId": "KOS-PEJ-001926"
      },
      "geometry": {
        "type": "Point",
        "coordinates": [
          20.437,
          42.759
        ]
      }
    },
    {
      "type": "Feature",
      "properties": {
        "id": "KOS-PRT-001927",
        "parcelId": "KOS-PRT-001927",
        "district": "Pristina",
        "municipality": "Pristina",
        "status": "Critical Alert",
        "color": "#c6473c",
        "isFarmland": true,
        "farmScore": 49,
        "harvestHealth": 33,
        "ownerId": "OWN-PRT-03",
        "owner": "Vesa Hoxha",
        "currentCrop": "pasture",
        "detailId": "KOS-PRT-001927"
      },
      "geometry": {
        "type": "Point",
        "coordinates": [
          21.068,
          42.762
        ]
      }
    },
    {
      "type": "Feature",
      "properties": {
        "id": "KOS-PRT-001928",
        "parcelId": "KOS-PRT-001928",
        "district": "Pristina",
        "municipality": "Pristina",
        "status": "Critical Alert",
        "color": "#c6473c",
        "isFarmland": true,
        "farmScore": 44,
        "harvestHealth": 37,
        "ownerId": "OWN-PRT-03",
        "owner": "Vesa Hoxha",
        "currentCrop": "beans",
        "detailId": "KOS-PRT-001928"
      },
      "geometry": {
        "type": "Point",
        "coordinates": [
          21.103,
          42.763
        ]
      }
    },
    {
      "type": "Feature",
      "properties": {
        "id": "KOS-PEJ-001935",
        "parcelId": "KOS-PEJ-001935",
        "district": "Peja",
        "municipality": "Peja",
        "status": "Critical Alert",
        "color": "#c6473c",
        "isFarmland": true,
        "farmScore": 53,
        "harvestHealth": 41,
        "ownerId": "OWN-PEJ-02",
        "owner": "Ilir Hoxha",
        "currentCrop": "potato",
        "detailId": "KOS-PEJ-001935"
      },
      "geometry": {
        "type": "Point",
        "coordinates": [
          20.328,
          42.747
        ]
      }
    },
    {
      "type": "Feature",
      "properties": {
        "id": "KOS-PRT-001939",
        "parcelId": "KOS-PRT-001939",
        "district": "Pristina",
        "municipality": "Pristina",
        "status": "Critical Alert",
        "color": "#c6473c",
        "isFarmland": true,
        "farmScore": 43,
        "harvestHealth": 43,
        "ownerId": "OWN-PRT-02",
        "owner": "Mentor Shala",
        "currentCrop": "vineyard",
        "detailId": "KOS-PRT-001939"
      },
      "geometry": {
        "type": "Point",
        "coordinates": [
          21.024,
          42.739
        ]
      }
    },
    {
      "type": "Feature",
      "properties": {
        "id": "KOS-PRT-001940",
        "parcelId": "KOS-PRT-001940",
        "district": "Pristina",
        "municipality": "Pristina",
        "status": "Critical Alert",
        "color": "#c6473c",
        "isFarmland": true,
        "farmScore": 47,
        "harvestHealth": 33,
        "ownerId": "OWN-DRITA",
        "owner": "Drita Gashi",
        "currentCrop": "corn",
        "detailId": "KOS-PRT-001940"
      },
      "geometry": {
        "type": "Point",
        "coordinates": [
          21.047,
          42.739
        ]
      }
    },
    {
      "type": "Feature",
      "properties": {
        "id": "KOS-PRT-001941",
        "parcelId": "KOS-PRT-001941",
        "district": "Pristina",
        "municipality": "Pristina",
        "status": "Critical Alert",
        "color": "#c6473c",
        "isFarmland": true,
        "farmScore": 41,
        "harvestHealth": 34,
        "ownerId": "OWN-DRITA",
        "owner": "Drita Gashi",
        "currentCrop": "vegetables",
        "detailId": "KOS-PRT-001941"
      },
      "geometry": {
        "type": "Point",
        "coordinates": [
          21.069,
          42.743
        ]
      }
    },
    {
      "type": "Feature",
      "properties": {
        "id": "KOS-PRT-001942",
        "parcelId": "KOS-PRT-001942",
        "district": "Pristina",
        "municipality": "Pristina",
        "status": "Critical Alert",
        "color": "#c6473c",
        "isFarmland": true,
        "farmScore": 47,
        "harvestHealth": 36,
        "ownerId": "OWN-PRT-02",
        "owner": "Mentor Shala",
        "currentCrop": "vineyard",
        "detailId": "KOS-PRT-001942"
      },
      "geometry": {
        "type": "Point",
        "coordinates": [
          21.117,
          42.737
        ]
      }
    },
    {
      "type": "Feature",
      "properties": {
        "id": "KOS-PEJ-001946",
        "parcelId": "KOS-PEJ-001946",
        "district": "Peja",
        "municipality": "Peja",
        "status": "Critical Alert",
        "color": "#c6473c",
        "isFarmland": false,
        "farmScore": 48,
        "harvestHealth": 34,
        "ownerId": "OWN-BLERIM",
        "owner": "Blerim Musliu",
        "currentCrop": "pasture",
        "detailId": "KOS-PEJ-001946"
      },
      "geometry": {
        "type": "Point",
        "coordinates": [
          20.071,
          42.717
        ]
      }
    },
    {
      "type": "Feature",
      "properties": {
        "id": "KOS-PEJ-001953",
        "parcelId": "KOS-PEJ-001953",
        "district": "Peja",
        "municipality": "Peja",
        "status": "Critical Alert",
        "color": "#c6473c",
        "isFarmland": true,
        "farmScore": 46,
        "harvestHealth": 48,
        "ownerId": "OWN-PEJ-02",
        "owner": "Ilir Hoxha",
        "currentCrop": "wheat",
        "detailId": "KOS-PEJ-001953"
      },
      "geometry": {
        "type": "Point",
        "coordinates": [
          20.435,
          42.722
        ]
      }
    },
    {
      "type": "Feature",
      "properties": {
        "id": "KOS-PRT-001957",
        "parcelId": "KOS-PRT-001957",
        "district": "Pristina",
        "municipality": "Pristina",
        "status": "Critical Alert",
        "color": "#c6473c",
        "isFarmland": false,
        "farmScore": 44,
        "harvestHealth": 28,
        "ownerId": "OWN-PRT-03",
        "owner": "Vesa Hoxha",
        "currentCrop": "fallow",
        "detailId": "KOS-PRT-001957"
      },
      "geometry": {
        "type": "Point",
        "coordinates": [
          21.133,
          42.73
        ]
      }
    },
    {
      "type": "Feature",
      "properties": {
        "id": "KOS-GJN-001960",
        "parcelId": "KOS-GJN-001960",
        "district": "Gjilan",
        "municipality": "Gjilan",
        "status": "Watch",
        "color": "#d4a84f",
        "isFarmland": true,
        "farmScore": 54,
        "harvestHealth": 51,
        "ownerId": "OWN-GJN-01",
        "owner": "Driton Morina",
        "currentCrop": "barley",
        "detailId": "KOS-GJN-001960"
      },
      "geometry": {
        "type": "Point",
        "coordinates": [
          21.571,
          42.725
        ]
      }
    },
    {
      "type": "Feature",
      "properties": {
        "id": "KOS-PEJ-001966",
        "parcelId": "KOS-PEJ-001966",
        "district": "Peja",
        "municipality": "Peja",
        "status": "Critical Alert",
        "color": "#c6473c",
        "isFarmland": true,
        "farmScore": 46,
        "harvestHealth": 36,
        "ownerId": "OWN-PEJ-02",
        "owner": "Ilir Hoxha",
        "currentCrop": "wheat",
        "detailId": "KOS-PEJ-001966"
      },
      "geometry": {
        "type": "Point",
        "coordinates": [
          20.358,
          42.711
        ]
      }
    },
    {
      "type": "Feature",
      "properties": {
        "id": "KOS-PRT-001969",
        "parcelId": "KOS-PRT-001969",
        "district": "Pristina",
        "municipality": "Pristina",
        "status": "Critical Alert",
        "color": "#c6473c",
        "isFarmland": false,
        "farmScore": 46,
        "harvestHealth": 41,
        "ownerId": "OWN-DRITA",
        "owner": "Drita Gashi",
        "currentCrop": "pasture",
        "detailId": "KOS-PRT-001969"
      },
      "geometry": {
        "type": "Point",
        "coordinates": [
          21.001,
          42.707
        ]
      }
    },
    {
      "type": "Feature",
      "properties": {
        "id": "KOS-PRT-001970",
        "parcelId": "KOS-PRT-001970",
        "district": "Pristina",
        "municipality": "Pristina",
        "status": "Critical Alert",
        "color": "#c6473c",
        "isFarmland": true,
        "farmScore": 52,
        "harvestHealth": 30,
        "ownerId": "OWN-PRT-02",
        "owner": "Mentor Shala",
        "currentCrop": "corn",
        "detailId": "KOS-PRT-001970"
      },
      "geometry": {
        "type": "Point",
        "coordinates": [
          21.227,
          42.701
        ]
      }
    },
    {
      "type": "Feature",
      "properties": {
        "id": "KOS-PRT-001971",
        "parcelId": "KOS-PRT-001971",
        "district": "Pristina",
        "municipality": "Pristina",
        "status": "Critical Alert",
        "color": "#c6473c",
        "isFarmland": true,
        "farmScore": 53,
        "harvestHealth": 34,
        "ownerId": "OWN-PRT-02",
        "owner": "Mentor Shala",
        "currentCrop": "orchard",
        "detailId": "KOS-PRT-001971"
      },
      "geometry": {
        "type": "Point",
        "coordinates": [
          21.254,
          42.711
        ]
      }
    },
    {
      "type": "Feature",
      "properties": {
        "id": "KOS-PEJ-001978",
        "parcelId": "KOS-PEJ-001978",
        "district": "Peja",
        "municipality": "Peja",
        "status": "Critical Alert",
        "color": "#c6473c",
        "isFarmland": true,
        "farmScore": 52,
        "harvestHealth": 49,
        "ownerId": "OWN-BLERIM",
        "owner": "Blerim Musliu",
        "currentCrop": "orchard",
        "detailId": "KOS-PEJ-001978"
      },
      "geometry": {
        "type": "Point",
        "coordinates": [
          20.36,
          42.692
        ]
      }
    },
    {
      "type": "Feature",
      "properties": {
        "id": "KOS-PEJ-001979",
        "parcelId": "KOS-PEJ-001979",
        "district": "Peja",
        "municipality": "Peja",
        "status": "Watch",
        "color": "#d4a84f",
        "isFarmland": false,
        "farmScore": 52,
        "harvestHealth": 51,
        "ownerId": "OWN-BLERIM",
        "owner": "Blerim Musliu",
        "currentCrop": "pasture",
        "detailId": "KOS-PEJ-001979"
      },
      "geometry": {
        "type": "Point",
        "coordinates": [
          20.387,
          42.685
        ]
      }
    },
    {
      "type": "Feature",
      "properties": {
        "id": "KOS-PRT-001997",
        "parcelId": "KOS-PRT-001997",
        "district": "Pristina",
        "municipality": "Pristina",
        "status": "Critical Alert",
        "color": "#c6473c",
        "isFarmland": true,
        "farmScore": 47,
        "harvestHealth": 37,
        "ownerId": "OWN-PRT-03",
        "owner": "Vesa Hoxha",
        "currentCrop": "pasture",
        "detailId": "KOS-PRT-001997"
      },
      "geometry": {
        "type": "Point",
        "coordinates": [
          21,
          42.672
        ]
      }
    },
    {
      "type": "Feature",
      "properties": {
        "id": "KOS-PRT-002009",
        "parcelId": "KOS-PRT-002009",
        "district": "Pristina",
        "municipality": "Pristina",
        "status": "Critical Alert",
        "color": "#c6473c",
        "isFarmland": false,
        "farmScore": 49,
        "harvestHealth": 35,
        "ownerId": "OWN-DRITA",
        "owner": "Drita Gashi",
        "currentCrop": "pasture",
        "detailId": "KOS-PRT-002009"
      },
      "geometry": {
        "type": "Point",
        "coordinates": [
          20.996,
          42.649
        ]
      }
    },
    {
      "type": "Feature",
      "properties": {
        "id": "KOS-PRT-002010",
        "parcelId": "KOS-PRT-002010",
        "district": "Pristina",
        "municipality": "Pristina",
        "status": "Critical Alert",
        "color": "#c6473c",
        "isFarmland": false,
        "farmScore": 48,
        "harvestHealth": 30,
        "ownerId": "OWN-DRITA",
        "owner": "Drita Gashi",
        "currentCrop": "pasture",
        "detailId": "KOS-PRT-002010"
      },
      "geometry": {
        "type": "Point",
        "coordinates": [
          21.129,
          42.654
        ]
      }
    },
    {
      "type": "Feature",
      "properties": {
        "id": "KOS-MLS-002020",
        "parcelId": "KOS-MLS-002020",
        "district": "Malisheva",
        "municipality": "Malisheva",
        "status": "Critical Alert",
        "color": "#c6473c",
        "isFarmland": false,
        "farmScore": 51,
        "harvestHealth": 48,
        "ownerId": "OWN-AGIM",
        "owner": "Agim Berisha",
        "currentCrop": "pasture",
        "detailId": "KOS-MLS-002020"
      },
      "geometry": {
        "type": "Point",
        "coordinates": [
          20.555,
          42.631
        ]
      }
    },
    {
      "type": "Feature",
      "properties": {
        "id": "KOS-LPJ-002024",
        "parcelId": "KOS-LPJ-002024",
        "district": "Lipjan",
        "municipality": "Lipjan",
        "status": "Critical Alert",
        "color": "#c6473c",
        "isFarmland": true,
        "farmScore": 41,
        "harvestHealth": 42,
        "ownerId": "OWN-AGIM",
        "owner": "Agim Berisha",
        "currentCrop": "pasture",
        "detailId": "KOS-LPJ-002024"
      },
      "geometry": {
        "type": "Point",
        "coordinates": [
          20.998,
          42.627
        ]
      }
    },
    {
      "type": "Feature",
      "properties": {
        "id": "KOS-PRT-002025",
        "parcelId": "KOS-PRT-002025",
        "district": "Pristina",
        "municipality": "Pristina",
        "status": "Critical Alert",
        "color": "#c6473c",
        "isFarmland": true,
        "farmScore": 49,
        "harvestHealth": 32,
        "ownerId": "OWN-PRT-02",
        "owner": "Mentor Shala",
        "currentCrop": "vegetables",
        "detailId": "KOS-PRT-002025"
      },
      "geometry": {
        "type": "Point",
        "coordinates": [
          21.2,
          42.633
        ]
      }
    },
    {
      "type": "Feature",
      "properties": {
        "id": "KOS-MLS-002033",
        "parcelId": "KOS-MLS-002033",
        "district": "Malisheva",
        "municipality": "Malisheva",
        "status": "Watch",
        "color": "#d4a84f",
        "isFarmland": false,
        "farmScore": 43,
        "harvestHealth": 50,
        "ownerId": "OWN-AGIM",
        "owner": "Agim Berisha",
        "currentCrop": "pasture",
        "detailId": "KOS-MLS-002033"
      },
      "geometry": {
        "type": "Point",
        "coordinates": [
          20.561,
          42.623
        ]
      }
    },
    {
      "type": "Feature",
      "properties": {
        "id": "KOS-LPJ-002034",
        "parcelId": "KOS-LPJ-002034",
        "district": "Lipjan",
        "municipality": "Lipjan",
        "status": "Critical Alert",
        "color": "#c6473c",
        "isFarmland": false,
        "farmScore": 49,
        "harvestHealth": 37,
        "ownerId": "OWN-PRZ-02",
        "owner": "Arben Krasniqi",
        "currentCrop": "pasture",
        "detailId": "KOS-LPJ-002034"
      },
      "geometry": {
        "type": "Point",
        "coordinates": [
          21.005,
          42.611
        ]
      }
    },
    {
      "type": "Feature",
      "properties": {
        "id": "KOS-LPJ-002035",
        "parcelId": "KOS-LPJ-002035",
        "district": "Lipjan",
        "municipality": "Lipjan",
        "status": "Critical Alert",
        "color": "#c6473c",
        "isFarmland": true,
        "farmScore": 40,
        "harvestHealth": 40,
        "ownerId": "OWN-PRZ-03",
        "owner": "Lirije Gashi",
        "currentCrop": "pasture",
        "detailId": "KOS-LPJ-002035"
      },
      "geometry": {
        "type": "Point",
        "coordinates": [
          21.031,
          42.616
        ]
      }
    },
    {
      "type": "Feature",
      "properties": {
        "id": "KOS-PRT-002036",
        "parcelId": "KOS-PRT-002036",
        "district": "Pristina",
        "municipality": "Pristina",
        "status": "Critical Alert",
        "color": "#c6473c",
        "isFarmland": false,
        "farmScore": 49,
        "harvestHealth": 32,
        "ownerId": "OWN-PRT-02",
        "owner": "Mentor Shala",
        "currentCrop": "pasture",
        "detailId": "KOS-PRT-002036"
      },
      "geometry": {
        "type": "Point",
        "coordinates": [
          21.111,
          42.616
        ]
      }
    },
    {
      "type": "Feature",
      "properties": {
        "id": "KOS-GJN-002038",
        "parcelId": "KOS-GJN-002038",
        "district": "Gjilan",
        "municipality": "Gjilan",
        "status": "Critical Alert",
        "color": "#c6473c",
        "isFarmland": false,
        "farmScore": 53,
        "harvestHealth": 44,
        "ownerId": "OWN-GJN-01",
        "owner": "Driton Morina",
        "currentCrop": "pasture",
        "detailId": "KOS-GJN-002038"
      },
      "geometry": {
        "type": "Point",
        "coordinates": [
          21.483,
          42.607
        ]
      }
    },
    {
      "type": "Feature",
      "properties": {
        "id": "KOS-GJN-002039",
        "parcelId": "KOS-GJN-002039",
        "district": "Gjilan",
        "municipality": "Gjilan",
        "status": "Critical Alert",
        "color": "#c6473c",
        "isFarmland": true,
        "farmScore": 52,
        "harvestHealth": 44,
        "ownerId": "OWN-GJN-02",
        "owner": "Shpresa Halimi",
        "currentCrop": "vegetables",
        "detailId": "KOS-GJN-002039"
      },
      "geometry": {
        "type": "Point",
        "coordinates": [
          21.512,
          42.609
        ]
      }
    },
    {
      "type": "Feature",
      "properties": {
        "id": "KOS-GJN-002040",
        "parcelId": "KOS-GJN-002040",
        "district": "Gjilan",
        "municipality": "Gjilan",
        "status": "Critical Alert",
        "color": "#c6473c",
        "isFarmland": false,
        "farmScore": 48,
        "harvestHealth": 47,
        "ownerId": "OWN-GJN-01",
        "owner": "Driton Morina",
        "currentCrop": "fallow",
        "detailId": "KOS-GJN-002040"
      },
      "geometry": {
        "type": "Point",
        "coordinates": [
          21.526,
          42.614
        ]
      }
    },
    {
      "type": "Feature",
      "properties": {
        "id": "KOS-PRT-002046",
        "parcelId": "KOS-PRT-002046",
        "district": "Pristina",
        "municipality": "Pristina",
        "status": "Critical Alert",
        "color": "#c6473c",
        "isFarmland": false,
        "farmScore": 52,
        "harvestHealth": 29,
        "ownerId": "OWN-PRT-03",
        "owner": "Vesa Hoxha",
        "currentCrop": "fallow",
        "detailId": "KOS-PRT-002046"
      },
      "geometry": {
        "type": "Point",
        "coordinates": [
          21.184,
          42.598
        ]
      }
    },
    {
      "type": "Feature",
      "properties": {
        "id": "KOS-GJN-002047",
        "parcelId": "KOS-GJN-002047",
        "district": "Gjilan",
        "municipality": "Gjilan",
        "status": "Critical Alert",
        "color": "#c6473c",
        "isFarmland": true,
        "farmScore": 47,
        "harvestHealth": 44,
        "ownerId": "OWN-GJN-02",
        "owner": "Shpresa Halimi",
        "currentCrop": "beans",
        "detailId": "KOS-GJN-002047"
      },
      "geometry": {
        "type": "Point",
        "coordinates": [
          21.428,
          42.597
        ]
      }
    },
    {
      "type": "Feature",
      "properties": {
        "id": "KOS-LPJ-002051",
        "parcelId": "KOS-LPJ-002051",
        "district": "Lipjan",
        "municipality": "Lipjan",
        "status": "Critical Alert",
        "color": "#c6473c",
        "isFarmland": false,
        "farmScore": 46,
        "harvestHealth": 34,
        "ownerId": "OWN-PRZ-03",
        "owner": "Lirije Gashi",
        "currentCrop": "fallow",
        "detailId": "KOS-LPJ-002051"
      },
      "geometry": {
        "type": "Point",
        "coordinates": [
          21.179,
          42.579
        ]
      }
    },
    {
      "type": "Feature",
      "properties": {
        "id": "KOS-MLS-002058",
        "parcelId": "KOS-MLS-002058",
        "district": "Malisheva",
        "municipality": "Malisheva",
        "status": "Critical Alert",
        "color": "#c6473c",
        "isFarmland": true,
        "farmScore": 56,
        "harvestHealth": 47,
        "ownerId": "OWN-AGIM",
        "owner": "Agim Berisha",
        "currentCrop": "pasture",
        "detailId": "KOS-MLS-002058"
      },
      "geometry": {
        "type": "Point",
        "coordinates": [
          20.565,
          42.552
        ]
      }
    },
    {
      "type": "Feature",
      "properties": {
        "id": "KOS-LPJ-002061",
        "parcelId": "KOS-LPJ-002061",
        "district": "Lipjan",
        "municipality": "Lipjan",
        "status": "Critical Alert",
        "color": "#c6473c",
        "isFarmland": true,
        "farmScore": 55,
        "harvestHealth": 34,
        "ownerId": "OWN-PRZ-03",
        "owner": "Lirije Gashi",
        "currentCrop": "orchard",
        "detailId": "KOS-LPJ-002061"
      },
      "geometry": {
        "type": "Point",
        "coordinates": [
          21.155,
          42.56
        ]
      }
    },
    {
      "type": "Feature",
      "properties": {
        "id": "KOS-LPJ-002062",
        "parcelId": "KOS-LPJ-002062",
        "district": "Lipjan",
        "municipality": "Lipjan",
        "status": "Critical Alert",
        "color": "#c6473c",
        "isFarmland": true,
        "farmScore": 55,
        "harvestHealth": 40,
        "ownerId": "OWN-AGIM",
        "owner": "Agim Berisha",
        "currentCrop": "orchard",
        "detailId": "KOS-LPJ-002062"
      },
      "geometry": {
        "type": "Point",
        "coordinates": [
          21.174,
          42.561
        ]
      }
    },
    {
      "type": "Feature",
      "properties": {
        "id": "KOS-PRT-002063",
        "parcelId": "KOS-PRT-002063",
        "district": "Pristina",
        "municipality": "Pristina",
        "status": "Critical Alert",
        "color": "#c6473c",
        "isFarmland": true,
        "farmScore": 52,
        "harvestHealth": 46,
        "ownerId": "OWN-DRITA",
        "owner": "Drita Gashi",
        "currentCrop": "vegetables",
        "detailId": "KOS-PRT-002063"
      },
      "geometry": {
        "type": "Point",
        "coordinates": [
          21.3,
          42.566
        ]
      }
    },
    {
      "type": "Feature",
      "properties": {
        "id": "KOS-GJK-002074",
        "parcelId": "KOS-GJK-002074",
        "district": "Gjakova",
        "municipality": "Gjakova",
        "status": "Critical Alert",
        "color": "#c6473c",
        "isFarmland": true,
        "farmScore": 55,
        "harvestHealth": 46,
        "ownerId": "OWN-GJK-02",
        "owner": "Naim Berisha",
        "currentCrop": "barley",
        "detailId": "KOS-GJK-002074"
      },
      "geometry": {
        "type": "Point",
        "coordinates": [
          20.407,
          42.536
        ]
      }
    },
    {
      "type": "Feature",
      "properties": {
        "id": "KOS-MLS-002076",
        "parcelId": "KOS-MLS-002076",
        "district": "Malisheva",
        "municipality": "Malisheva",
        "status": "Watch",
        "color": "#d4a84f",
        "isFarmland": false,
        "farmScore": 53,
        "harvestHealth": 54,
        "ownerId": "OWN-PRZ-02",
        "owner": "Arben Krasniqi",
        "currentCrop": "fallow",
        "detailId": "KOS-MLS-002076"
      },
      "geometry": {
        "type": "Point",
        "coordinates": [
          20.566,
          42.549
        ]
      }
    },
    {
      "type": "Feature",
      "properties": {
        "id": "KOS-MLS-002077",
        "parcelId": "KOS-MLS-002077",
        "district": "Malisheva",
        "municipality": "Malisheva",
        "status": "Critical Alert",
        "color": "#c6473c",
        "isFarmland": false,
        "farmScore": 36,
        "harvestHealth": 40,
        "ownerId": "OWN-AGIM",
        "owner": "Agim Berisha",
        "currentCrop": "fallow",
        "detailId": "KOS-MLS-002077"
      },
      "geometry": {
        "type": "Point",
        "coordinates": [
          20.807,
          42.547
        ]
      }
    },
    {
      "type": "Feature",
      "properties": {
        "id": "KOS-LPJ-002081",
        "parcelId": "KOS-LPJ-002081",
        "district": "Lipjan",
        "municipality": "Lipjan",
        "status": "Critical Alert",
        "color": "#c6473c",
        "isFarmland": false,
        "farmScore": 43,
        "harvestHealth": 40,
        "ownerId": "OWN-AGIM",
        "owner": "Agim Berisha",
        "currentCrop": "pasture",
        "detailId": "KOS-LPJ-002081"
      },
      "geometry": {
        "type": "Point",
        "coordinates": [
          21.087,
          42.542
        ]
      }
    },
    {
      "type": "Feature",
      "properties": {
        "id": "KOS-LPJ-002082",
        "parcelId": "KOS-LPJ-002082",
        "district": "Lipjan",
        "municipality": "Lipjan",
        "status": "Critical Alert",
        "color": "#c6473c",
        "isFarmland": false,
        "farmScore": 45,
        "harvestHealth": 33,
        "ownerId": "OWN-PRZ-02",
        "owner": "Arben Krasniqi",
        "currentCrop": "pasture",
        "detailId": "KOS-LPJ-002082"
      },
      "geometry": {
        "type": "Point",
        "coordinates": [
          21.106,
          42.544
        ]
      }
    },
    {
      "type": "Feature",
      "properties": {
        "id": "KOS-GJN-002083",
        "parcelId": "KOS-GJN-002083",
        "district": "Gjilan",
        "municipality": "Gjilan",
        "status": "Critical Alert",
        "color": "#c6473c",
        "isFarmland": true,
        "farmScore": 53,
        "harvestHealth": 49,
        "ownerId": "OWN-GJN-02",
        "owner": "Shpresa Halimi",
        "currentCrop": "pasture",
        "detailId": "KOS-GJN-002083"
      },
      "geometry": {
        "type": "Point",
        "coordinates": [
          21.476,
          42.545
        ]
      }
    },
    {
      "type": "Feature",
      "properties": {
        "id": "KOS-GJN-002085",
        "parcelId": "KOS-GJN-002085",
        "district": "Gjilan",
        "municipality": "Gjilan",
        "status": "Watch",
        "color": "#d4a84f",
        "isFarmland": true,
        "farmScore": 49,
        "harvestHealth": 52,
        "ownerId": "OWN-GJN-01",
        "owner": "Driton Morina",
        "currentCrop": "orchard",
        "detailId": "KOS-GJN-002085"
      },
      "geometry": {
        "type": "Point",
        "coordinates": [
          21.589,
          42.539
        ]
      }
    },
    {
      "type": "Feature",
      "properties": {
        "id": "KOS-GJK-002096",
        "parcelId": "KOS-GJK-002096",
        "district": "Gjakova",
        "municipality": "Gjakova",
        "status": "Critical Alert",
        "color": "#c6473c",
        "isFarmland": true,
        "farmScore": 52,
        "harvestHealth": 47,
        "ownerId": "OWN-GJK-02",
        "owner": "Naim Berisha",
        "currentCrop": "corn",
        "detailId": "KOS-GJK-002096"
      },
      "geometry": {
        "type": "Point",
        "coordinates": [
          20.412,
          42.527
        ]
      }
    },
    {
      "type": "Feature",
      "properties": {
        "id": "KOS-LPJ-002100",
        "parcelId": "KOS-LPJ-002100",
        "district": "Lipjan",
        "municipality": "Lipjan",
        "status": "Critical Alert",
        "color": "#c6473c",
        "isFarmland": true,
        "farmScore": 43,
        "harvestHealth": 32,
        "ownerId": "OWN-PRZ-03",
        "owner": "Lirije Gashi",
        "currentCrop": "beans",
        "detailId": "KOS-LPJ-002100"
      },
      "geometry": {
        "type": "Point",
        "coordinates": [
          21.026,
          42.531
        ]
      }
    },
    {
      "type": "Feature",
      "properties": {
        "id": "KOS-LPJ-002101",
        "parcelId": "KOS-LPJ-002101",
        "district": "Lipjan",
        "municipality": "Lipjan",
        "status": "Critical Alert",
        "color": "#c6473c",
        "isFarmland": true,
        "farmScore": 50,
        "harvestHealth": 42,
        "ownerId": "OWN-AGIM",
        "owner": "Agim Berisha",
        "currentCrop": "vegetables",
        "detailId": "KOS-LPJ-002101"
      },
      "geometry": {
        "type": "Point",
        "coordinates": [
          21.239,
          42.526
        ]
      }
    },
    {
      "type": "Feature",
      "properties": {
        "id": "KOS-MLS-002113",
        "parcelId": "KOS-MLS-002113",
        "district": "Malisheva",
        "municipality": "Malisheva",
        "status": "Critical Alert",
        "color": "#c6473c",
        "isFarmland": true,
        "farmScore": 38,
        "harvestHealth": 44,
        "ownerId": "OWN-AGIM",
        "owner": "Agim Berisha",
        "currentCrop": "vegetables",
        "detailId": "KOS-MLS-002113"
      },
      "geometry": {
        "type": "Point",
        "coordinates": [
          20.772,
          42.513
        ]
      }
    },
    {
      "type": "Feature",
      "properties": {
        "id": "KOS-LPJ-002116",
        "parcelId": "KOS-LPJ-002116",
        "district": "Lipjan",
        "municipality": "Lipjan",
        "status": "Critical Alert",
        "color": "#c6473c",
        "isFarmland": true,
        "farmScore": 45,
        "harvestHealth": 30,
        "ownerId": "OWN-PRZ-03",
        "owner": "Lirije Gashi",
        "currentCrop": "wheat",
        "detailId": "KOS-LPJ-002116"
      },
      "geometry": {
        "type": "Point",
        "coordinates": [
          21.075,
          42.507
        ]
      }
    },
    {
      "type": "Feature",
      "properties": {
        "id": "KOS-LPJ-002117",
        "parcelId": "KOS-LPJ-002117",
        "district": "Lipjan",
        "municipality": "Lipjan",
        "status": "Critical Alert",
        "color": "#c6473c",
        "isFarmland": false,
        "farmScore": 57,
        "harvestHealth": 40,
        "ownerId": "OWN-PRZ-03",
        "owner": "Lirije Gashi",
        "currentCrop": "fallow",
        "detailId": "KOS-LPJ-002117"
      },
      "geometry": {
        "type": "Point",
        "coordinates": [
          21.203,
          42.504
        ]
      }
    },
    {
      "type": "Feature",
      "properties": {
        "id": "KOS-LPJ-002118",
        "parcelId": "KOS-LPJ-002118",
        "district": "Lipjan",
        "municipality": "Lipjan",
        "status": "Critical Alert",
        "color": "#c6473c",
        "isFarmland": true,
        "farmScore": 55,
        "harvestHealth": 35,
        "ownerId": "OWN-PRZ-02",
        "owner": "Arben Krasniqi",
        "currentCrop": "corn",
        "detailId": "KOS-LPJ-002118"
      },
      "geometry": {
        "type": "Point",
        "coordinates": [
          21.224,
          42.506
        ]
      }
    },
    {
      "type": "Feature",
      "properties": {
        "id": "KOS-LPJ-002119",
        "parcelId": "KOS-LPJ-002119",
        "district": "Lipjan",
        "municipality": "Lipjan",
        "status": "Critical Alert",
        "color": "#c6473c",
        "isFarmland": true,
        "farmScore": 54,
        "harvestHealth": 41,
        "ownerId": "OWN-PRZ-03",
        "owner": "Lirije Gashi",
        "currentCrop": "wheat",
        "detailId": "KOS-LPJ-002119"
      },
      "geometry": {
        "type": "Point",
        "coordinates": [
          21.245,
          42.507
        ]
      }
    },
    {
      "type": "Feature",
      "properties": {
        "id": "KOS-PEJ-002126",
        "parcelId": "KOS-PEJ-002126",
        "district": "Peja",
        "municipality": "Peja",
        "status": "Critical Alert",
        "color": "#c6473c",
        "isFarmland": true,
        "farmScore": 55,
        "harvestHealth": 47,
        "ownerId": "OWN-PEJ-02",
        "owner": "Ilir Hoxha",
        "currentCrop": "vineyard",
        "detailId": "KOS-PEJ-002126"
      },
      "geometry": {
        "type": "Point",
        "coordinates": [
          20.254,
          42.483
        ]
      }
    },
    {
      "type": "Feature",
      "properties": {
        "id": "KOS-MLS-002129",
        "parcelId": "KOS-MLS-002129",
        "district": "Malisheva",
        "municipality": "Malisheva",
        "status": "Critical Alert",
        "color": "#c6473c",
        "isFarmland": false,
        "farmScore": 32,
        "harvestHealth": 43,
        "ownerId": "OWN-AGIM",
        "owner": "Agim Berisha",
        "currentCrop": "pasture",
        "detailId": "KOS-MLS-002129"
      },
      "geometry": {
        "type": "Point",
        "coordinates": [
          20.774,
          42.484
        ]
      }
    },
    {
      "type": "Feature",
      "properties": {
        "id": "KOS-MLS-002141",
        "parcelId": "KOS-MLS-002141",
        "district": "Malisheva",
        "municipality": "Malisheva",
        "status": "Critical Alert",
        "color": "#c6473c",
        "isFarmland": false,
        "farmScore": 41,
        "harvestHealth": 48,
        "ownerId": "OWN-AGIM",
        "owner": "Agim Berisha",
        "currentCrop": "pasture",
        "detailId": "KOS-MLS-002141"
      },
      "geometry": {
        "type": "Point",
        "coordinates": [
          20.773,
          42.474
        ]
      }
    },
    {
      "type": "Feature",
      "properties": {
        "id": "KOS-LPJ-002142",
        "parcelId": "KOS-LPJ-002142",
        "district": "Lipjan",
        "municipality": "Lipjan",
        "status": "Critical Alert",
        "color": "#c6473c",
        "isFarmland": false,
        "farmScore": 61,
        "harvestHealth": 44,
        "ownerId": "OWN-PRZ-03",
        "owner": "Lirije Gashi",
        "currentCrop": "pasture",
        "detailId": "KOS-LPJ-002142"
      },
      "geometry": {
        "type": "Point",
        "coordinates": [
          21.23,
          42.474
        ]
      }
    },
    {
      "type": "Feature",
      "properties": {
        "id": "KOS-GJK-002149",
        "parcelId": "KOS-GJK-002149",
        "district": "Gjakova",
        "municipality": "Gjakova",
        "status": "Critical Alert",
        "color": "#c6473c",
        "isFarmland": true,
        "farmScore": 58,
        "harvestHealth": 46,
        "ownerId": "OWN-GJK-01",
        "owner": "Blerina Gashi",
        "currentCrop": "corn",
        "detailId": "KOS-GJK-002149"
      },
      "geometry": {
        "type": "Point",
        "coordinates": [
          20.27,
          42.448
        ]
      }
    },
    {
      "type": "Feature",
      "properties": {
        "id": "KOS-GJK-002150",
        "parcelId": "KOS-GJK-002150",
        "district": "Gjakova",
        "municipality": "Gjakova",
        "status": "Critical Alert",
        "color": "#c6473c",
        "isFarmland": true,
        "farmScore": 58,
        "harvestHealth": 41,
        "ownerId": "OWN-GJK-02",
        "owner": "Naim Berisha",
        "currentCrop": "beans",
        "detailId": "KOS-GJK-002150"
      },
      "geometry": {
        "type": "Point",
        "coordinates": [
          20.364,
          42.447
        ]
      }
    },
    {
      "type": "Feature",
      "properties": {
        "id": "KOS-FRZ-002154",
        "parcelId": "KOS-FRZ-002154",
        "district": "Ferizaj",
        "municipality": "Ferizaj",
        "status": "Critical Alert",
        "color": "#c6473c",
        "isFarmland": true,
        "farmScore": 52,
        "harvestHealth": 44,
        "ownerId": "OWN-FRZ-02",
        "owner": "Arta Berisha",
        "currentCrop": "vineyard",
        "detailId": "KOS-FRZ-002154"
      },
      "geometry": {
        "type": "Point",
        "coordinates": [
          21.222,
          42.45
        ]
      }
    },
    {
      "type": "Feature",
      "properties": {
        "id": "KOS-GJN-002155",
        "parcelId": "KOS-GJN-002155",
        "district": "Gjilan",
        "municipality": "Gjilan",
        "status": "Critical Alert",
        "color": "#c6473c",
        "isFarmland": false,
        "farmScore": 57,
        "harvestHealth": 42,
        "ownerId": "OWN-GJN-02",
        "owner": "Shpresa Halimi",
        "currentCrop": "mixed",
        "detailId": "KOS-GJN-002155"
      },
      "geometry": {
        "type": "Point",
        "coordinates": [
          21.348,
          42.443
        ]
      }
    },
    {
      "type": "Feature",
      "properties": {
        "id": "KOS-MLS-002163",
        "parcelId": "KOS-MLS-002163",
        "district": "Malisheva",
        "municipality": "Malisheva",
        "status": "Critical Alert",
        "color": "#c6473c",
        "isFarmland": false,
        "farmScore": 40,
        "harvestHealth": 41,
        "ownerId": "OWN-AGIM",
        "owner": "Agim Berisha",
        "currentCrop": "pasture",
        "detailId": "KOS-MLS-002163"
      },
      "geometry": {
        "type": "Point",
        "coordinates": [
          20.72,
          42.424
        ]
      }
    },
    {
      "type": "Feature",
      "properties": {
        "id": "KOS-FRZ-002164",
        "parcelId": "KOS-FRZ-002164",
        "district": "Ferizaj",
        "municipality": "Ferizaj",
        "status": "Critical Alert",
        "color": "#c6473c",
        "isFarmland": true,
        "farmScore": 43,
        "harvestHealth": 36,
        "ownerId": "OWN-FRZ-01",
        "owner": "Naim Gashi",
        "currentCrop": "corn",
        "detailId": "KOS-FRZ-002164"
      },
      "geometry": {
        "type": "Point",
        "coordinates": [
          21.056,
          42.442
        ]
      }
    },
    {
      "type": "Feature",
      "properties": {
        "id": "KOS-FRZ-002165",
        "parcelId": "KOS-FRZ-002165",
        "district": "Ferizaj",
        "municipality": "Ferizaj",
        "status": "Critical Alert",
        "color": "#c6473c",
        "isFarmland": true,
        "farmScore": 48,
        "harvestHealth": 35,
        "ownerId": "OWN-FRZ-01",
        "owner": "Naim Gashi",
        "currentCrop": "barley",
        "detailId": "KOS-FRZ-002165"
      },
      "geometry": {
        "type": "Point",
        "coordinates": [
          21.131,
          42.437
        ]
      }
    },
    {
      "type": "Feature",
      "properties": {
        "id": "KOS-FRZ-002166",
        "parcelId": "KOS-FRZ-002166",
        "district": "Ferizaj",
        "municipality": "Ferizaj",
        "status": "Critical Alert",
        "color": "#c6473c",
        "isFarmland": false,
        "farmScore": 58,
        "harvestHealth": 44,
        "ownerId": "OWN-FRZ-01",
        "owner": "Naim Gashi",
        "currentCrop": "fallow",
        "detailId": "KOS-FRZ-002166"
      },
      "geometry": {
        "type": "Point",
        "coordinates": [
          21.154,
          42.434
        ]
      }
    },
    {
      "type": "Feature",
      "properties": {
        "id": "KOS-FRZ-002167",
        "parcelId": "KOS-FRZ-002167",
        "district": "Ferizaj",
        "municipality": "Ferizaj",
        "status": "Critical Alert",
        "color": "#c6473c",
        "isFarmland": true,
        "farmScore": 52,
        "harvestHealth": 38,
        "ownerId": "OWN-FRZ-01",
        "owner": "Naim Gashi",
        "currentCrop": "beans",
        "detailId": "KOS-FRZ-002167"
      },
      "geometry": {
        "type": "Point",
        "coordinates": [
          21.179,
          42.433
        ]
      }
    },
    {
      "type": "Feature",
      "properties": {
        "id": "KOS-FRZ-002168",
        "parcelId": "KOS-FRZ-002168",
        "district": "Ferizaj",
        "municipality": "Ferizaj",
        "status": "Critical Alert",
        "color": "#c6473c",
        "isFarmland": true,
        "farmScore": 59,
        "harvestHealth": 39,
        "ownerId": "OWN-FRZ-01",
        "owner": "Naim Gashi",
        "currentCrop": "wheat",
        "detailId": "KOS-FRZ-002168"
      },
      "geometry": {
        "type": "Point",
        "coordinates": [
          21.202,
          42.433
        ]
      }
    },
    {
      "type": "Feature",
      "properties": {
        "id": "KOS-FRZ-002169",
        "parcelId": "KOS-FRZ-002169",
        "district": "Ferizaj",
        "municipality": "Ferizaj",
        "status": "Critical Alert",
        "color": "#c6473c",
        "isFarmland": true,
        "farmScore": 55,
        "harvestHealth": 46,
        "ownerId": "OWN-FRZ-02",
        "owner": "Arta Berisha",
        "currentCrop": "orchard",
        "detailId": "KOS-FRZ-002169"
      },
      "geometry": {
        "type": "Point",
        "coordinates": [
          21.229,
          42.435
        ]
      }
    },
    {
      "type": "Feature",
      "properties": {
        "id": "KOS-GJN-002170",
        "parcelId": "KOS-GJN-002170",
        "district": "Gjilan",
        "municipality": "Gjilan",
        "status": "Critical Alert",
        "color": "#c6473c",
        "isFarmland": true,
        "farmScore": 60,
        "harvestHealth": 42,
        "ownerId": "OWN-GJN-02",
        "owner": "Shpresa Halimi",
        "currentCrop": "orchard",
        "detailId": "KOS-GJN-002170"
      },
      "geometry": {
        "type": "Point",
        "coordinates": [
          21.347,
          42.442
        ]
      }
    },
    {
      "type": "Feature",
      "properties": {
        "id": "KOS-GJK-002182",
        "parcelId": "KOS-GJK-002182",
        "district": "Gjakova",
        "municipality": "Gjakova",
        "status": "Critical Alert",
        "color": "#c6473c",
        "isFarmland": false,
        "farmScore": 58,
        "harvestHealth": 42,
        "ownerId": "OWN-GJK-01",
        "owner": "Blerina Gashi",
        "currentCrop": "mixed",
        "detailId": "KOS-GJK-002182"
      },
      "geometry": {
        "type": "Point",
        "coordinates": [
          20.528,
          42.412
        ]
      }
    },
    {
      "type": "Feature",
      "properties": {
        "id": "KOS-MLS-002184",
        "parcelId": "KOS-MLS-002184",
        "district": "Malisheva",
        "municipality": "Malisheva",
        "status": "Critical Alert",
        "color": "#c6473c",
        "isFarmland": false,
        "farmScore": 40,
        "harvestHealth": 45,
        "ownerId": "OWN-PRZ-02",
        "owner": "Arben Krasniqi",
        "currentCrop": "mixed",
        "detailId": "KOS-MLS-002184"
      },
      "geometry": {
        "type": "Point",
        "coordinates": [
          20.723,
          42.422
        ]
      }
    },
    {
      "type": "Feature",
      "properties": {
        "id": "KOS-FRZ-002185",
        "parcelId": "KOS-FRZ-002185",
        "district": "Ferizaj",
        "municipality": "Ferizaj",
        "status": "Critical Alert",
        "color": "#c6473c",
        "isFarmland": true,
        "farmScore": 53,
        "harvestHealth": 39,
        "ownerId": "OWN-FRZ-01",
        "owner": "Naim Gashi",
        "currentCrop": "orchard",
        "detailId": "KOS-FRZ-002185"
      },
      "geometry": {
        "type": "Point",
        "coordinates": [
          21.138,
          42.416
        ]
      }
    },
    {
      "type": "Feature",
      "properties": {
        "id": "KOS-FRZ-002186",
        "parcelId": "KOS-FRZ-002186",
        "district": "Ferizaj",
        "municipality": "Ferizaj",
        "status": "Critical Alert",
        "color": "#c6473c",
        "isFarmland": true,
        "farmScore": 52,
        "harvestHealth": 45,
        "ownerId": "OWN-FRZ-01",
        "owner": "Naim Gashi",
        "currentCrop": "beans",
        "detailId": "KOS-FRZ-002186"
      },
      "geometry": {
        "type": "Point",
        "coordinates": [
          21.264,
          42.408
        ]
      }
    },
    {
      "type": "Feature",
      "properties": {
        "id": "KOS-RAH-002193",
        "parcelId": "KOS-RAH-002193",
        "district": "Rahovec",
        "municipality": "Rahovec",
        "status": "Watch",
        "color": "#d4a84f",
        "isFarmland": false,
        "farmScore": 39,
        "harvestHealth": 50,
        "ownerId": "OWN-PRZ-03",
        "owner": "Lirije Gashi",
        "currentCrop": "mixed",
        "detailId": "KOS-RAH-002193"
      },
      "geometry": {
        "type": "Point",
        "coordinates": [
          20.679,
          42.398
        ]
      }
    },
    {
      "type": "Feature",
      "properties": {
        "id": "KOS-FRZ-002195",
        "parcelId": "KOS-FRZ-002195",
        "district": "Ferizaj",
        "municipality": "Ferizaj",
        "status": "Critical Alert",
        "color": "#c6473c",
        "isFarmland": true,
        "farmScore": 48,
        "harvestHealth": 41,
        "ownerId": "OWN-FRZ-01",
        "owner": "Naim Gashi",
        "currentCrop": "beans",
        "detailId": "KOS-FRZ-002195"
      },
      "geometry": {
        "type": "Point",
        "coordinates": [
          21.133,
          42.398
        ]
      }
    },
    {
      "type": "Feature",
      "properties": {
        "id": "KOS-GJN-002197",
        "parcelId": "KOS-GJN-002197",
        "district": "Gjilan",
        "municipality": "Gjilan",
        "status": "Critical Alert",
        "color": "#c6473c",
        "isFarmland": false,
        "farmScore": 58,
        "harvestHealth": 47,
        "ownerId": "OWN-GJN-02",
        "owner": "Shpresa Halimi",
        "currentCrop": "fallow",
        "detailId": "KOS-GJN-002197"
      },
      "geometry": {
        "type": "Point",
        "coordinates": [
          21.345,
          42.398
        ]
      }
    },
    {
      "type": "Feature",
      "properties": {
        "id": "KOS-GJN-002198",
        "parcelId": "KOS-GJN-002198",
        "district": "Gjilan",
        "municipality": "Gjilan",
        "status": "Critical Alert",
        "color": "#c6473c",
        "isFarmland": true,
        "farmScore": 54,
        "harvestHealth": 48,
        "ownerId": "OWN-GJN-01",
        "owner": "Driton Morina",
        "currentCrop": "corn",
        "detailId": "KOS-GJN-002198"
      },
      "geometry": {
        "type": "Point",
        "coordinates": [
          21.35,
          42.392
        ]
      }
    },
    {
      "type": "Feature",
      "properties": {
        "id": "KOS-GJK-002210",
        "parcelId": "KOS-GJK-002210",
        "district": "Gjakova",
        "municipality": "Gjakova",
        "status": "Critical Alert",
        "color": "#c6473c",
        "isFarmland": true,
        "farmScore": 56,
        "harvestHealth": 42,
        "ownerId": "OWN-GJK-02",
        "owner": "Naim Berisha",
        "currentCrop": "potato",
        "detailId": "KOS-GJK-002210"
      },
      "geometry": {
        "type": "Point",
        "coordinates": [
          20.506,
          42.372
        ]
      }
    },
    {
      "type": "Feature",
      "properties": {
        "id": "KOS-RAH-002211",
        "parcelId": "KOS-RAH-002211",
        "district": "Rahovec",
        "municipality": "Rahovec",
        "status": "Critical Alert",
        "color": "#c6473c",
        "isFarmland": true,
        "farmScore": 49,
        "harvestHealth": 45,
        "ownerId": "OWN-AGIM",
        "owner": "Agim Berisha",
        "currentCrop": "corn",
        "detailId": "KOS-RAH-002211"
      },
      "geometry": {
        "type": "Point",
        "coordinates": [
          20.652,
          42.386
        ]
      }
    },
    {
      "type": "Feature",
      "properties": {
        "id": "KOS-RAH-002212",
        "parcelId": "KOS-RAH-002212",
        "district": "Rahovec",
        "municipality": "Rahovec",
        "status": "Critical Alert",
        "color": "#c6473c",
        "isFarmland": false,
        "farmScore": 43,
        "harvestHealth": 40,
        "ownerId": "OWN-PRZ-02",
        "owner": "Arben Krasniqi",
        "currentCrop": "mixed",
        "detailId": "KOS-RAH-002212"
      },
      "geometry": {
        "type": "Point",
        "coordinates": [
          20.67,
          42.385
        ]
      }
    },
    {
      "type": "Feature",
      "properties": {
        "id": "KOS-RAH-002213",
        "parcelId": "KOS-RAH-002213",
        "district": "Rahovec",
        "municipality": "Rahovec",
        "status": "Critical Alert",
        "color": "#c6473c",
        "isFarmland": true,
        "farmScore": 43,
        "harvestHealth": 42,
        "ownerId": "OWN-AGIM",
        "owner": "Agim Berisha",
        "currentCrop": "beans",
        "detailId": "KOS-RAH-002213"
      },
      "geometry": {
        "type": "Point",
        "coordinates": [
          20.686,
          42.374
        ]
      }
    },
    {
      "type": "Feature",
      "properties": {
        "id": "KOS-SUH-002215",
        "parcelId": "KOS-SUH-002215",
        "district": "Suhareka",
        "municipality": "Suhareka",
        "status": "Critical Alert",
        "color": "#c6473c",
        "isFarmland": true,
        "farmScore": 41,
        "harvestHealth": 40,
        "ownerId": "OWN-PRZ-02",
        "owner": "Arben Krasniqi",
        "currentCrop": "pasture",
        "detailId": "KOS-SUH-002215"
      },
      "geometry": {
        "type": "Point",
        "coordinates": [
          20.857,
          42.372
        ]
      }
    },
    {
      "type": "Feature",
      "properties": {
        "id": "KOS-FRZ-002217",
        "parcelId": "KOS-FRZ-002217",
        "district": "Ferizaj",
        "municipality": "Ferizaj",
        "status": "Critical Alert",
        "color": "#c6473c",
        "isFarmland": true,
        "farmScore": 45,
        "harvestHealth": 38,
        "ownerId": "OWN-FRZ-01",
        "owner": "Naim Gashi",
        "currentCrop": "beans",
        "detailId": "KOS-FRZ-002217"
      },
      "geometry": {
        "type": "Point",
        "coordinates": [
          21.139,
          42.385
        ]
      }
    },
    {
      "type": "Feature",
      "properties": {
        "id": "KOS-FRZ-002218",
        "parcelId": "KOS-FRZ-002218",
        "district": "Ferizaj",
        "municipality": "Ferizaj",
        "status": "Critical Alert",
        "color": "#c6473c",
        "isFarmland": true,
        "farmScore": 54,
        "harvestHealth": 37,
        "ownerId": "OWN-FRZ-02",
        "owner": "Arta Berisha",
        "currentCrop": "barley",
        "detailId": "KOS-FRZ-002218"
      },
      "geometry": {
        "type": "Point",
        "coordinates": [
          21.276,
          42.37
        ]
      }
    },
    {
      "type": "Feature",
      "properties": {
        "id": "KOS-FRZ-002219",
        "parcelId": "KOS-FRZ-002219",
        "district": "Ferizaj",
        "municipality": "Ferizaj",
        "status": "Critical Alert",
        "color": "#c6473c",
        "isFarmland": false,
        "farmScore": 52,
        "harvestHealth": 36,
        "ownerId": "OWN-FRZ-02",
        "owner": "Arta Berisha",
        "currentCrop": "fallow",
        "detailId": "KOS-FRZ-002219"
      },
      "geometry": {
        "type": "Point",
        "coordinates": [
          21.312,
          42.372
        ]
      }
    },
    {
      "type": "Feature",
      "properties": {
        "id": "KOS-GJN-002220",
        "parcelId": "KOS-GJN-002220",
        "district": "Gjilan",
        "municipality": "Gjilan",
        "status": "Critical Alert",
        "color": "#c6473c",
        "isFarmland": false,
        "farmScore": 50,
        "harvestHealth": 39,
        "ownerId": "OWN-GJN-01",
        "owner": "Driton Morina",
        "currentCrop": "fallow",
        "detailId": "KOS-GJN-002220"
      },
      "geometry": {
        "type": "Point",
        "coordinates": [
          21.404,
          42.37
        ]
      }
    },
    {
      "type": "Feature",
      "properties": {
        "id": "KOS-GJN-002221",
        "parcelId": "KOS-GJN-002221",
        "district": "Gjilan",
        "municipality": "Gjilan",
        "status": "Critical Alert",
        "color": "#c6473c",
        "isFarmland": true,
        "farmScore": 57,
        "harvestHealth": 48,
        "ownerId": "OWN-GJN-01",
        "owner": "Driton Morina",
        "currentCrop": "barley",
        "detailId": "KOS-GJN-002221"
      },
      "geometry": {
        "type": "Point",
        "coordinates": [
          21.421,
          42.385
        ]
      }
    },
    {
      "type": "Feature",
      "properties": {
        "id": "KOS-RAH-002225",
        "parcelId": "KOS-RAH-002225",
        "district": "Rahovec",
        "municipality": "Rahovec",
        "status": "Critical Alert",
        "color": "#c6473c",
        "isFarmland": true,
        "farmScore": 46,
        "harvestHealth": 49,
        "ownerId": "OWN-PRZ-02",
        "owner": "Arben Krasniqi",
        "currentCrop": "orchard",
        "detailId": "KOS-RAH-002225"
      },
      "geometry": {
        "type": "Point",
        "coordinates": [
          20.685,
          42.355
        ]
      }
    },
    {
      "type": "Feature",
      "properties": {
        "id": "KOS-SUH-002226",
        "parcelId": "KOS-SUH-002226",
        "district": "Suhareka",
        "municipality": "Suhareka",
        "status": "Critical Alert",
        "color": "#c6473c",
        "isFarmland": true,
        "farmScore": 36,
        "harvestHealth": 40,
        "ownerId": "OWN-PRZ-03",
        "owner": "Lirije Gashi",
        "currentCrop": "vegetables",
        "detailId": "KOS-SUH-002226"
      },
      "geometry": {
        "type": "Point",
        "coordinates": [
          20.856,
          42.368
        ]
      }
    },
    {
      "type": "Feature",
      "properties": {
        "id": "KOS-FRZ-002229",
        "parcelId": "KOS-FRZ-002229",
        "district": "Ferizaj",
        "municipality": "Ferizaj",
        "status": "Critical Alert",
        "color": "#c6473c",
        "isFarmland": true,
        "farmScore": 42,
        "harvestHealth": 40,
        "ownerId": "OWN-FRZ-01",
        "owner": "Naim Gashi",
        "currentCrop": "orchard",
        "detailId": "KOS-FRZ-002229"
      },
      "geometry": {
        "type": "Point",
        "coordinates": [
          21.136,
          42.366
        ]
      }
    },
    {
      "type": "Feature",
      "properties": {
        "id": "KOS-FRZ-002230",
        "parcelId": "KOS-FRZ-002230",
        "district": "Ferizaj",
        "municipality": "Ferizaj",
        "status": "Critical Alert",
        "color": "#c6473c",
        "isFarmland": true,
        "farmScore": 58,
        "harvestHealth": 45,
        "ownerId": "OWN-FRZ-01",
        "owner": "Naim Gashi",
        "currentCrop": "orchard",
        "detailId": "KOS-FRZ-002230"
      },
      "geometry": {
        "type": "Point",
        "coordinates": [
          21.269,
          42.357
        ]
      }
    },
    {
      "type": "Feature",
      "properties": {
        "id": "KOS-GJN-002231",
        "parcelId": "KOS-GJN-002231",
        "district": "Gjilan",
        "municipality": "Gjilan",
        "status": "Critical Alert",
        "color": "#c6473c",
        "isFarmland": true,
        "farmScore": 61,
        "harvestHealth": 45,
        "ownerId": "OWN-GJN-01",
        "owner": "Driton Morina",
        "currentCrop": "barley",
        "detailId": "KOS-GJN-002231"
      },
      "geometry": {
        "type": "Point",
        "coordinates": [
          21.404,
          42.358
        ]
      }
    },
    {
      "type": "Feature",
      "properties": {
        "id": "KOS-RAH-002236",
        "parcelId": "KOS-RAH-002236",
        "district": "Rahovec",
        "municipality": "Rahovec",
        "status": "Critical Alert",
        "color": "#c6473c",
        "isFarmland": true,
        "farmScore": 42,
        "harvestHealth": 45,
        "ownerId": "OWN-PRZ-03",
        "owner": "Lirije Gashi",
        "currentCrop": "potato",
        "detailId": "KOS-RAH-002236"
      },
      "geometry": {
        "type": "Point",
        "coordinates": [
          20.635,
          42.344
        ]
      }
    },
    {
      "type": "Feature",
      "properties": {
        "id": "KOS-RAH-002237",
        "parcelId": "KOS-RAH-002237",
        "district": "Rahovec",
        "municipality": "Rahovec",
        "status": "Critical Alert",
        "color": "#c6473c",
        "isFarmland": true,
        "farmScore": 48,
        "harvestHealth": 46,
        "ownerId": "OWN-PRZ-03",
        "owner": "Lirije Gashi",
        "currentCrop": "pasture",
        "detailId": "KOS-RAH-002237"
      },
      "geometry": {
        "type": "Point",
        "coordinates": [
          20.669,
          42.343
        ]
      }
    },
    {
      "type": "Feature",
      "properties": {
        "id": "KOS-RAH-002238",
        "parcelId": "KOS-RAH-002238",
        "district": "Rahovec",
        "municipality": "Rahovec",
        "status": "Critical Alert",
        "color": "#c6473c",
        "isFarmland": true,
        "farmScore": 42,
        "harvestHealth": 42,
        "ownerId": "OWN-PRZ-03",
        "owner": "Lirije Gashi",
        "currentCrop": "potato",
        "detailId": "KOS-RAH-002238"
      },
      "geometry": {
        "type": "Point",
        "coordinates": [
          20.68,
          42.343
        ]
      }
    },
    {
      "type": "Feature",
      "properties": {
        "id": "KOS-RAH-002239",
        "parcelId": "KOS-RAH-002239",
        "district": "Rahovec",
        "municipality": "Rahovec",
        "status": "Critical Alert",
        "color": "#c6473c",
        "isFarmland": false,
        "farmScore": 37,
        "harvestHealth": 48,
        "ownerId": "OWN-AGIM",
        "owner": "Agim Berisha",
        "currentCrop": "fallow",
        "detailId": "KOS-RAH-002239"
      },
      "geometry": {
        "type": "Point",
        "coordinates": [
          20.705,
          42.349
        ]
      }
    },
    {
      "type": "Feature",
      "properties": {
        "id": "KOS-FRZ-002242",
        "parcelId": "KOS-FRZ-002242",
        "district": "Ferizaj",
        "municipality": "Ferizaj",
        "status": "Critical Alert",
        "color": "#c6473c",
        "isFarmland": true,
        "farmScore": 51,
        "harvestHealth": 37,
        "ownerId": "OWN-FRZ-02",
        "owner": "Arta Berisha",
        "currentCrop": "potato",
        "detailId": "KOS-FRZ-002242"
      },
      "geometry": {
        "type": "Point",
        "coordinates": [
          21.269,
          42.345
        ]
      }
    },
    {
      "type": "Feature",
      "properties": {
        "id": "KOS-FRZ-002243",
        "parcelId": "KOS-FRZ-002243",
        "district": "Ferizaj",
        "municipality": "Ferizaj",
        "status": "Critical Alert",
        "color": "#c6473c",
        "isFarmland": true,
        "farmScore": 56,
        "harvestHealth": 45,
        "ownerId": "OWN-FRZ-01",
        "owner": "Naim Gashi",
        "currentCrop": "pasture",
        "detailId": "KOS-FRZ-002243"
      },
      "geometry": {
        "type": "Point",
        "coordinates": [
          21.288,
          42.342
        ]
      }
    },
    {
      "type": "Feature",
      "properties": {
        "id": "KOS-GJN-002244",
        "parcelId": "KOS-GJN-002244",
        "district": "Gjilan",
        "municipality": "Gjilan",
        "status": "Critical Alert",
        "color": "#c6473c",
        "isFarmland": false,
        "farmScore": 55,
        "harvestHealth": 49,
        "ownerId": "OWN-GJN-01",
        "owner": "Driton Morina",
        "currentCrop": "fallow",
        "detailId": "KOS-GJN-002244"
      },
      "geometry": {
        "type": "Point",
        "coordinates": [
          21.409,
          42.345
        ]
      }
    },
    {
      "type": "Feature",
      "properties": {
        "id": "KOS-RAH-002252",
        "parcelId": "KOS-RAH-002252",
        "district": "Rahovec",
        "municipality": "Rahovec",
        "status": "Critical Alert",
        "color": "#c6473c",
        "isFarmland": true,
        "farmScore": 46,
        "harvestHealth": 41,
        "ownerId": "OWN-AGIM",
        "owner": "Agim Berisha",
        "currentCrop": "potato",
        "detailId": "KOS-RAH-002252"
      },
      "geometry": {
        "type": "Point",
        "coordinates": [
          20.692,
          42.32
        ]
      }
    },
    {
      "type": "Feature",
      "properties": {
        "id": "KOS-FRZ-002255",
        "parcelId": "KOS-FRZ-002255",
        "district": "Ferizaj",
        "municipality": "Ferizaj",
        "status": "Critical Alert",
        "color": "#c6473c",
        "isFarmland": true,
        "farmScore": 53,
        "harvestHealth": 43,
        "ownerId": "OWN-FRZ-01",
        "owner": "Naim Gashi",
        "currentCrop": "orchard",
        "detailId": "KOS-FRZ-002255"
      },
      "geometry": {
        "type": "Point",
        "coordinates": [
          21.196,
          42.32
        ]
      }
    },
    {
      "type": "Feature",
      "properties": {
        "id": "KOS-GJN-002256",
        "parcelId": "KOS-GJN-002256",
        "district": "Gjilan",
        "municipality": "Gjilan",
        "status": "Critical Alert",
        "color": "#c6473c",
        "isFarmland": true,
        "farmScore": 57,
        "harvestHealth": 43,
        "ownerId": "OWN-GJN-01",
        "owner": "Driton Morina",
        "currentCrop": "wheat",
        "detailId": "KOS-GJN-002256"
      },
      "geometry": {
        "type": "Point",
        "coordinates": [
          21.417,
          42.33
        ]
      }
    },
    {
      "type": "Feature",
      "properties": {
        "id": "KOS-FRZ-002267",
        "parcelId": "KOS-FRZ-002267",
        "district": "Ferizaj",
        "municipality": "Ferizaj",
        "status": "Critical Alert",
        "color": "#c6473c",
        "isFarmland": true,
        "farmScore": 45,
        "harvestHealth": 39,
        "ownerId": "OWN-FRZ-01",
        "owner": "Naim Gashi",
        "currentCrop": "wheat",
        "detailId": "KOS-FRZ-002267"
      },
      "geometry": {
        "type": "Point",
        "coordinates": [
          21.197,
          42.313
        ]
      }
    },
    {
      "type": "Feature",
      "properties": {
        "id": "KOS-FRZ-002268",
        "parcelId": "KOS-FRZ-002268",
        "district": "Ferizaj",
        "municipality": "Ferizaj",
        "status": "Critical Alert",
        "color": "#c6473c",
        "isFarmland": true,
        "farmScore": 49,
        "harvestHealth": 39,
        "ownerId": "OWN-FRZ-02",
        "owner": "Arta Berisha",
        "currentCrop": "potato",
        "detailId": "KOS-FRZ-002268"
      },
      "geometry": {
        "type": "Point",
        "coordinates": [
          21.336,
          42.311
        ]
      }
    },
    {
      "type": "Feature",
      "properties": {
        "id": "KOS-GJK-002287",
        "parcelId": "KOS-GJK-002287",
        "district": "Gjakova",
        "municipality": "Gjakova",
        "status": "Critical Alert",
        "color": "#c6473c",
        "isFarmland": false,
        "farmScore": 58,
        "harvestHealth": 43,
        "ownerId": "OWN-GJK-02",
        "owner": "Naim Berisha",
        "currentCrop": "pasture",
        "detailId": "KOS-GJK-002287"
      },
      "geometry": {
        "type": "Point",
        "coordinates": [
          20.467,
          42.27
        ]
      }
    },
    {
      "type": "Feature",
      "properties": {
        "id": "KOS-PRZ-002290",
        "parcelId": "KOS-PRZ-002290",
        "district": "Prizren",
        "municipality": "Prizren",
        "status": "Critical Alert",
        "color": "#c6473c",
        "isFarmland": false,
        "farmScore": 35,
        "harvestHealth": 38,
        "ownerId": "OWN-AGIM",
        "owner": "Agim Berisha",
        "currentCrop": "fallow",
        "detailId": "KOS-PRZ-002290"
      },
      "geometry": {
        "type": "Point",
        "coordinates": [
          20.796,
          42.274
        ]
      }
    },
    {
      "type": "Feature",
      "properties": {
        "id": "KOS-PRZ-002306",
        "parcelId": "KOS-PRZ-002306",
        "district": "Prizren",
        "municipality": "Prizren",
        "status": "Critical Alert",
        "color": "#c6473c",
        "isFarmland": false,
        "farmScore": 40,
        "harvestHealth": 34,
        "ownerId": "OWN-AGIM",
        "owner": "Agim Berisha",
        "currentCrop": "pasture",
        "detailId": "KOS-PRZ-002306"
      },
      "geometry": {
        "type": "Point",
        "coordinates": [
          20.771,
          42.256
        ]
      }
    },
    {
      "type": "Feature",
      "properties": {
        "id": "KOS-SUH-002333",
        "parcelId": "KOS-SUH-002333",
        "district": "Suhareka",
        "municipality": "Suhareka",
        "status": "Critical Alert",
        "color": "#c6473c",
        "isFarmland": true,
        "farmScore": 43,
        "harvestHealth": 43,
        "ownerId": "OWN-PRZ-03",
        "owner": "Lirije Gashi",
        "currentCrop": "pasture",
        "detailId": "KOS-SUH-002333"
      },
      "geometry": {
        "type": "Point",
        "coordinates": [
          20.941,
          42.209
        ]
      }
    },
    {
      "type": "Feature",
      "properties": {
        "id": "KOS-PRZ-002462",
        "parcelId": "KOS-PRZ-002462",
        "district": "Prizren",
        "municipality": "Prizren",
        "status": "Critical Alert",
        "color": "#c6473c",
        "isFarmland": false,
        "farmScore": 56,
        "harvestHealth": 43,
        "ownerId": "OWN-AGIM",
        "owner": "Agim Berisha",
        "currentCrop": "fallow",
        "detailId": "KOS-PRZ-002462"
      },
      "geometry": {
        "type": "Point",
        "coordinates": [
          20.598,
          42.043
        ]
      }
    },
    {
      "type": "Feature",
      "properties": {
        "id": "KOS-PRZ-002491",
        "parcelId": "KOS-PRZ-002491",
        "district": "Prizren",
        "municipality": "Prizren",
        "status": "Critical Alert",
        "color": "#c6473c",
        "isFarmland": true,
        "farmScore": 62,
        "harvestHealth": 45,
        "ownerId": "OWN-AGIM",
        "owner": "Agim Berisha",
        "currentCrop": "wheat",
        "detailId": "KOS-PRZ-002491"
      },
      "geometry": {
        "type": "Point",
        "coordinates": [
          20.664,
          42.021
        ]
      }
    }
  ]
}
